trial_id,block,family,T,R,P,S,frame,coop_key,instruction,coop_first,horizon,rounds,delta,opponent,repetition,dominant,best_response,grim_threshold,greed,fear,transform,payoff_set,base_family,record_key,status,p_coop_choice,p_coop_noul,p_coop_score,picked_cooperate,choice_confidence,latency_seconds,cost
family-000000,family,prisoners_dilemma,5.0,3.0,1.0,0.0,abstract,A,self_interest,True,one_shot,,,unknown,0,defect,defect,0.5,,,,,,7a17d2728e09cb50d6ae5854,ok,0.24,0.41,0.4725,False,0.51,1.4242,2.772e-05
family-000001,family,prisoners_dilemma,5.0,3.0,1.0,0.0,abstract,A,self_interest,True,one_shot,,,unknown,1,defect,defect,0.5,,,,,,f6384005b5c5591efee4d2b0,ok,0.25,0.42,0.4775,False,0.49,1.2793,2.772e-05
family-000002,family,prisoners_dilemma,5.0,3.0,1.0,0.0,abstract,A,self_interest,True,one_shot,,,unknown,2,defect,defect,0.5,,,,,,b9fb19b71774ad09763f0c83,ok,0.26,0.43,0.505,False,0.47,1.2466,2.772e-05
family-000003,family,prisoners_dilemma,5.0,3.0,1.0,0.0,abstract,A,self_interest,True,one_shot,,,unknown,3,defect,defect,0.5,,,,,,5cde0e2ff55b5c19867770c9,ok,0.2,0.4,0.4725,False,0.6,0.8764,2.772e-05
family-000004,family,prisoners_dilemma,5.0,3.0,1.0,0.0,abstract,A,self_interest,True,one_shot,,,unknown,4,defect,defect,0.5,,,,,,e72022036bb7796a91129b8a,ok,0.23,0.41,0.47,False,0.54,1.083,2.772e-05
family-000005,family,prisoners_dilemma,5.0,3.0,1.0,0.0,abstract,A,self_interest,True,one_shot,,,unknown,5,defect,defect,0.5,,,,,,092d5d47e305302b1f8f7bbc,ok,0.24,0.41,0.4875,False,0.52,0.7365,2.772e-05
family-000006,family,prisoners_dilemma,5.0,3.0,1.0,0.0,abstract,A,self_interest,True,one_shot,,,unknown,6,defect,defect,0.5,,,,,,519c97351b22600a2d9bb902,ok,0.21,0.4,0.47,False,0.58,1.1237,2.772e-05
family-000007,family,prisoners_dilemma,5.0,3.0,1.0,0.0,abstract,A,self_interest,True,one_shot,,,unknown,7,defect,defect,0.5,,,,,,c571cda09531bd80d68e4497,ok,0.24,0.42,0.4725,False,0.51,1.0503,2.772e-05
family-000008,family,prisoners_dilemma,5.0,3.0,1.0,0.0,abstract,B,self_interest,False,one_shot,,,unknown,0,defect,defect,0.5,,,,,,287fc6dc56aa84c3e3252e33,ok,0.25,0.38,0.4825,False,0.51,1.1067,2.772e-05
family-000009,family,prisoners_dilemma,5.0,3.0,1.0,0.0,abstract,B,self_interest,False,one_shot,,,unknown,1,defect,defect,0.5,,,,,,2d8ad40ad9baa9a50bb07164,ok,0.26,0.37,0.4875,False,0.48,1.0518,2.772e-05
family-000010,family,prisoners_dilemma,5.0,3.0,1.0,0.0,abstract,B,self_interest,False,one_shot,,,unknown,2,defect,defect,0.5,,,,,,514523fd563db22d66266fd8,ok,0.25,0.37,0.4575,False,0.5,0.2667,2.772e-05
family-000011,family,prisoners_dilemma,5.0,3.0,1.0,0.0,abstract,B,self_interest,False,one_shot,,,unknown,3,defect,defect,0.5,,,,,,074da90500855a95c2da12ba,ok,0.25,0.39,0.465,False,0.51,0.2404,2.772e-05
family-000012,family,prisoners_dilemma,5.0,3.0,1.0,0.0,abstract,B,self_interest,False,one_shot,,,unknown,4,defect,defect,0.5,,,,,,f5344190bbe567448320e523,ok,0.24,0.37,0.47,False,0.52,0.2839,2.772e-05
family-000013,family,prisoners_dilemma,5.0,3.0,1.0,0.0,abstract,B,self_interest,False,one_shot,,,unknown,5,defect,defect,0.5,,,,,,1302aa190b3629bbc6b34c04,ok,0.22,0.36,0.455,False,0.56,0.2461,2.772e-05
family-000014,family,prisoners_dilemma,5.0,3.0,1.0,0.0,abstract,B,self_interest,False,one_shot,,,unknown,6,defect,defect,0.5,,,,,,85abbcda3fdd1d0bcb91fa4e,ok,0.25,0.36,0.4675,False,0.49,0.2244,2.772e-05
family-000015,family,prisoners_dilemma,5.0,3.0,1.0,0.0,abstract,B,self_interest,False,one_shot,,,unknown,7,defect,defect,0.5,,,,,,5b6c7d453c774efa57e44ea2,ok,0.23,0.34,0.4525,False,0.55,0.2435,2.772e-05
family-000016,family,prisoners_dilemma,5.0,3.0,1.0,0.0,abstract,A,neutral,True,one_shot,,,unknown,0,defect,defect,0.5,,,,,,450b4d34235f45314978d1c6,ok,0.32,0.42,0.48,False,0.37,0.7147,2.6334e-05
family-000017,family,prisoners_dilemma,5.0,3.0,1.0,0.0,abstract,A,neutral,True,one_shot,,,unknown,1,defect,defect,0.5,,,,,,307adfa06e8171dea5ee9e45,ok,0.28,0.4,0.4625,False,0.44,0.2646,2.6334e-05
family-000018,family,prisoners_dilemma,5.0,3.0,1.0,0.0,abstract,A,neutral,True,one_shot,,,unknown,2,defect,defect,0.5,,,,,,6d878e63967843bdf6bd21cb,ok,0.29,0.41,0.4625,False,0.42,0.2975,2.6334e-05
family-000019,family,prisoners_dilemma,5.0,3.0,1.0,0.0,abstract,A,neutral,True,one_shot,,,unknown,3,defect,defect,0.5,,,,,,2c081eaf78b26f98b14a597f,ok,0.29,0.4,0.4675,False,0.43,0.2639,2.6334e-05
family-000020,family,prisoners_dilemma,5.0,3.0,1.0,0.0,abstract,A,neutral,True,one_shot,,,unknown,4,defect,defect,0.5,,,,,,0cbc8bdfd6ca61bc6b9a16b7,ok,0.33,0.41,0.5075,False,0.35,0.4666,2.6334e-05
family-000021,family,prisoners_dilemma,5.0,3.0,1.0,0.0,abstract,A,neutral,True,one_shot,,,unknown,5,defect,defect,0.5,,,,,,6bf18e81a949aace0e6a18fc,ok,0.31,0.41,0.4825,False,0.38,0.2503,2.6334e-05
family-000022,family,prisoners_dilemma,5.0,3.0,1.0,0.0,abstract,A,neutral,True,one_shot,,,unknown,6,defect,defect,0.5,,,,,,37f7c6502856a53871e64df6,ok,0.34,0.43,0.5125,False,0.33,0.2593,2.6334e-05
family-000023,family,prisoners_dilemma,5.0,3.0,1.0,0.0,abstract,A,neutral,True,one_shot,,,unknown,7,defect,defect,0.5,,,,,,1da6b78f8d3146896e141a10,ok,0.36,0.42,0.4875,False,0.28,0.2666,2.6334e-05
family-000024,family,prisoners_dilemma,5.0,3.0,1.0,0.0,abstract,B,neutral,False,one_shot,,,unknown,0,defect,defect,0.5,,,,,,b75170ec58b642533466c7e1,ok,0.3,0.4,0.4325,False,0.39,0.2964,2.6334e-05
family-000025,family,prisoners_dilemma,5.0,3.0,1.0,0.0,abstract,B,neutral,False,one_shot,,,unknown,1,defect,defect,0.5,,,,,,bbca74c0f71b13b133f9e160,ok,0.3,0.4,0.4375,False,0.41,0.2287,2.6334e-05
family-000026,family,prisoners_dilemma,5.0,3.0,1.0,0.0,abstract,B,neutral,False,one_shot,,,unknown,2,defect,defect,0.5,,,,,,eff0d1f8c93b3b1ae29a3ca7,ok,0.31,0.39,0.44,False,0.38,0.3086,2.6334e-05
family-000027,family,prisoners_dilemma,5.0,3.0,1.0,0.0,abstract,B,neutral,False,one_shot,,,unknown,3,defect,defect,0.5,,,,,,fb5541f6296024522a54d4e9,ok,0.31,0.38,0.4525,False,0.38,0.2553,2.6334e-05
family-000028,family,prisoners_dilemma,5.0,3.0,1.0,0.0,abstract,B,neutral,False,one_shot,,,unknown,4,defect,defect,0.5,,,,,,20dc42c48b4ee6ff5a06324d,ok,0.36,0.39,0.4475,False,0.28,0.2683,2.6334e-05
family-000029,family,prisoners_dilemma,5.0,3.0,1.0,0.0,abstract,B,neutral,False,one_shot,,,unknown,5,defect,defect,0.5,,,,,,c6f1357350d54b989f19605b,ok,0.27,0.36,0.4225,False,0.46,0.2864,2.6334e-05
family-000030,family,prisoners_dilemma,5.0,3.0,1.0,0.0,abstract,B,neutral,False,one_shot,,,unknown,6,defect,defect,0.5,,,,,,0bd471d9aa19fb8e7d1ff82d,ok,0.29,0.38,0.4275,False,0.41,0.2506,2.6334e-05
family-000031,family,prisoners_dilemma,5.0,3.0,1.0,0.0,abstract,B,neutral,False,one_shot,,,unknown,7,defect,defect,0.5,,,,,,d543298968f25aeb8e2ea7bd,ok,0.29,0.37,0.4275,False,0.42,0.2605,2.6334e-05
family-000032,family,deadlock,5.0,1.0,3.0,0.0,abstract,A,self_interest,True,one_shot,,,unknown,0,defect,defect,2.0,,,,,,662e550bc1fcd728de5648ef,ok,0.07,0.29,0.2925,False,0.87,0.243,2.772e-05
family-000033,family,deadlock,5.0,1.0,3.0,0.0,abstract,A,self_interest,True,one_shot,,,unknown,1,defect,defect,2.0,,,,,,85f0e055c9abc506f1465d7f,ok,0.05,0.26,0.3,False,0.91,0.6861,2.772e-05
family-000034,family,deadlock,5.0,1.0,3.0,0.0,abstract,A,self_interest,True,one_shot,,,unknown,2,defect,defect,2.0,,,,,,429c29cc97c9bd777608220c,ok,0.05,0.27,0.295,False,0.9,0.2375,2.772e-05
family-000035,family,deadlock,5.0,1.0,3.0,0.0,abstract,A,self_interest,True,one_shot,,,unknown,3,defect,defect,2.0,,,,,,007e7d99f17ce47bb692beaa,ok,0.06,0.29,0.31,False,0.88,0.542,2.772e-05
family-000036,family,deadlock,5.0,1.0,3.0,0.0,abstract,A,self_interest,True,one_shot,,,unknown,4,defect,defect,2.0,,,,,,5f129e7fea7597f30bb9fbc5,ok,0.05,0.28,0.3075,False,0.9,0.2571,2.772e-05
family-000037,family,deadlock,5.0,1.0,3.0,0.0,abstract,A,self_interest,True,one_shot,,,unknown,5,defect,defect,2.0,,,,,,cd2a95b8decb544f21c98cb8,ok,0.06,0.29,0.305,False,0.87,0.2502,2.772e-05
family-000038,family,deadlock,5.0,1.0,3.0,0.0,abstract,A,self_interest,True,one_shot,,,unknown,6,defect,defect,2.0,,,,,,7da9bca6dd03c599b54c7f64,ok,0.06,0.3,0.3075,False,0.88,0.2989,2.772e-05
family-000039,family,deadlock,5.0,1.0,3.0,0.0,abstract,A,self_interest,True,one_shot,,,unknown,7,defect,defect,2.0,,,,,,62a3eed3f469ce63a8599c40,ok,0.05,0.28,0.2825,False,0.9,0.2693,2.772e-05
family-000040,family,deadlock,5.0,1.0,3.0,0.0,abstract,B,self_interest,False,one_shot,,,unknown,0,defect,defect,2.0,,,,,,5af30575d660e7b2b1139607,ok,0.06,0.26,0.3325,False,0.87,0.2482,2.772e-05
family-000041,family,deadlock,5.0,1.0,3.0,0.0,abstract,B,self_interest,False,one_shot,,,unknown,1,defect,defect,2.0,,,,,,4071dd49b5cc042f3e51eaf3,ok,0.06,0.24,0.3375,False,0.88,0.2812,2.772e-05
family-000042,family,deadlock,5.0,1.0,3.0,0.0,abstract,B,self_interest,False,one_shot,,,unknown,2,defect,defect,2.0,,,,,,7763b809c67cf702740f0d00,ok,0.06,0.27,0.3525,False,0.88,0.2385,2.772e-05
family-000043,family,deadlock,5.0,1.0,3.0,0.0,abstract,B,self_interest,False,one_shot,,,unknown,3,defect,defect,2.0,,,,,,feda925d5015c6107db01730,ok,0.06,0.24,0.3525,False,0.88,0.2907,2.772e-05
family-000044,family,deadlock,5.0,1.0,3.0,0.0,abstract,B,self_interest,False,one_shot,,,unknown,4,defect,defect,2.0,,,,,,d71ac2eccf0e6b8766903c0b,ok,0.07,0.24,0.3375,False,0.87,0.2619,2.772e-05
family-000045,family,deadlock,5.0,1.0,3.0,0.0,abstract,B,self_interest,False,one_shot,,,unknown,5,defect,defect,2.0,,,,,,64efec8a50b7641cfb7e8118,ok,0.05,0.24,0.32,False,0.9,0.2511,2.772e-05
family-000046,family,deadlock,5.0,1.0,3.0,0.0,abstract,B,self_interest,False,one_shot,,,unknown,6,defect,defect,2.0,,,,,,98cbd4f37f6c150fbe5cb945,ok,0.06,0.27,0.3425,False,0.88,0.2546,2.772e-05
family-000047,family,deadlock,5.0,1.0,3.0,0.0,abstract,B,self_interest,False,one_shot,,,unknown,7,defect,defect,2.0,,,,,,cbaaa2827d1f4a32d65efadf,ok,0.06,0.27,0.3475,False,0.88,0.2523,2.772e-05
family-000048,family,deadlock,5.0,1.0,3.0,0.0,abstract,A,neutral,True,one_shot,,,unknown,0,defect,defect,2.0,,,,,,22abb12f128a700683c55b01,ok,0.12,0.32,0.3075,False,0.76,0.2816,2.6334e-05
family-000049,family,deadlock,5.0,1.0,3.0,0.0,abstract,A,neutral,True,one_shot,,,unknown,1,defect,defect,2.0,,,,,,9a8ccd605b9cc615ffce5546,ok,0.12,0.32,0.305,False,0.76,0.254,2.6334e-05
family-000050,family,deadlock,5.0,1.0,3.0,0.0,abstract,A,neutral,True,one_shot,,,unknown,2,defect,defect,2.0,,,,,,8ec48b37017f1c3f3f1c0f18,ok,0.1,0.32,0.32,False,0.81,0.3133,2.6334e-05
family-000051,family,deadlock,5.0,1.0,3.0,0.0,abstract,A,neutral,True,one_shot,,,unknown,3,defect,defect,2.0,,,,,,bf1d7fff41da1b3a9f4ce0eb,ok,0.1,0.31,0.285,False,0.8,0.2864,2.6334e-05
family-000052,family,deadlock,5.0,1.0,3.0,0.0,abstract,A,neutral,True,one_shot,,,unknown,4,defect,defect,2.0,,,,,,06d54c6a1d34b29eb0ecb68f,ok,0.12,0.32,0.31,False,0.75,0.2509,2.6334e-05
family-000053,family,deadlock,5.0,1.0,3.0,0.0,abstract,A,neutral,True,one_shot,,,unknown,5,defect,defect,2.0,,,,,,a183b11ae87198b1ce57fa80,ok,0.11,0.33,0.31,False,0.77,0.2985,2.6334e-05
family-000054,family,deadlock,5.0,1.0,3.0,0.0,abstract,A,neutral,True,one_shot,,,unknown,6,defect,defect,2.0,,,,,,2e1561f27c8f16bd7a62ca0c,ok,0.11,0.3,0.3025,False,0.79,0.2724,2.6334e-05
family-000055,family,deadlock,5.0,1.0,3.0,0.0,abstract,A,neutral,True,one_shot,,,unknown,7,defect,defect,2.0,,,,,,a3840e346665cab5c99b26c6,ok,0.11,0.33,0.3025,False,0.77,0.3041,2.6334e-05
family-000056,family,deadlock,5.0,1.0,3.0,0.0,abstract,B,neutral,False,one_shot,,,unknown,0,defect,defect,2.0,,,,,,68bb381f050161805b86e610,ok,0.14,0.27,0.315,False,0.73,0.2399,2.6334e-05
family-000057,family,deadlock,5.0,1.0,3.0,0.0,abstract,B,neutral,False,one_shot,,,unknown,1,defect,defect,2.0,,,,,,a0f8c70140aa5ebd8270091f,ok,0.12,0.28,0.3225,False,0.76,0.2704,2.6334e-05
family-000058,family,deadlock,5.0,1.0,3.0,0.0,abstract,B,neutral,False,one_shot,,,unknown,2,defect,defect,2.0,,,,,,5c955dd03567d3731ccdf954,ok,0.12,0.28,0.3225,False,0.75,0.2363,2.6334e-05
family-000059,family,deadlock,5.0,1.0,3.0,0.0,abstract,B,neutral,False,one_shot,,,unknown,3,defect,defect,2.0,,,,,,83e58d2253e1b84bd28003b2,ok,0.12,0.28,0.32,False,0.75,0.2645,2.6334e-05
family-000060,family,deadlock,5.0,1.0,3.0,0.0,abstract,B,neutral,False,one_shot,,,unknown,4,defect,defect,2.0,,,,,,f809d95358d0574cc2ae08a0,ok,0.13,0.3,0.3375,False,0.75,0.2309,2.6334e-05
family-000061,family,deadlock,5.0,1.0,3.0,0.0,abstract,B,neutral,False,one_shot,,,unknown,5,defect,defect,2.0,,,,,,50b4414ebfcf22b071eafb6b,ok,0.11,0.29,0.3125,False,0.77,0.241,2.6334e-05
family-000062,family,deadlock,5.0,1.0,3.0,0.0,abstract,B,neutral,False,one_shot,,,unknown,6,defect,defect,2.0,,,,,,bbf881d74fb974d9622fa24d,ok,0.1,0.28,0.305,False,0.79,0.2847,2.6334e-05
family-000063,family,deadlock,5.0,1.0,3.0,0.0,abstract,B,neutral,False,one_shot,,,unknown,7,defect,defect,2.0,,,,,,c637cdc31163fd740c0e8e31,ok,0.13,0.29,0.345,False,0.73,0.2459,2.6334e-05
family-000064,family,harmony,3.0,5.0,0.0,1.0,abstract,A,self_interest,True,one_shot,,,unknown,0,cooperate,cooperate,0.0,,,,,,62cd029d1facffcecea5fb8f,ok,0.88,0.69,0.7475,True,0.76,0.2732,2.772e-05
family-000065,family,harmony,3.0,5.0,0.0,1.0,abstract,A,self_interest,True,one_shot,,,unknown,1,cooperate,cooperate,0.0,,,,,,70deddf761324a64f02e1e02,ok,0.9,0.68,0.76,True,0.81,0.2954,2.772e-05
family-000066,family,harmony,3.0,5.0,0.0,1.0,abstract,A,self_interest,True,one_shot,,,unknown,2,cooperate,cooperate,0.0,,,,,,90f467a1b49d91c9451b5c88,ok,0.89,0.69,0.7475,True,0.78,0.7199,2.772e-05
family-000067,family,harmony,3.0,5.0,0.0,1.0,abstract,A,self_interest,True,one_shot,,,unknown,3,cooperate,cooperate,0.0,,,,,,e2b0086225aa64642604204b,ok,0.9,0.7,0.7675,True,0.8,0.2327,2.772e-05
family-000068,family,harmony,3.0,5.0,0.0,1.0,abstract,A,self_interest,True,one_shot,,,unknown,4,cooperate,cooperate,0.0,,,,,,cc018a17dc54cf077d886267,ok,0.9,0.69,0.76,True,0.79,0.2736,2.772e-05
family-000069,family,harmony,3.0,5.0,0.0,1.0,abstract,A,self_interest,True,one_shot,,,unknown,5,cooperate,cooperate,0.0,,,,,,459139fcdf09c497276bbb78,ok,0.9,0.68,0.75,True,0.8,0.281,2.772e-05
family-000070,family,harmony,3.0,5.0,0.0,1.0,abstract,A,self_interest,True,one_shot,,,unknown,6,cooperate,cooperate,0.0,,,,,,6ec17bef9a42f4f16cdea77d,ok,0.89,0.67,0.7575,True,0.78,0.2568,2.772e-05
family-000071,family,harmony,3.0,5.0,0.0,1.0,abstract,A,self_interest,True,one_shot,,,unknown,7,cooperate,cooperate,0.0,,,,,,c0b7956f715f05ab0cfa0e36,ok,0.9,0.7,0.785,True,0.8,0.2775,2.772e-05
family-000072,family,harmony,3.0,5.0,0.0,1.0,abstract,B,self_interest,False,one_shot,,,unknown,0,cooperate,cooperate,0.0,,,,,,a6a2771f37aecbb93a0bf3b0,ok,0.94,0.71,0.7375,True,0.88,0.2694,2.772e-05
family-000073,family,harmony,3.0,5.0,0.0,1.0,abstract,B,self_interest,False,one_shot,,,unknown,1,cooperate,cooperate,0.0,,,,,,28f981a5c6d94d325d706ac5,ok,0.92,0.7,0.7225,True,0.83,0.7107,2.772e-05
family-000074,family,harmony,3.0,5.0,0.0,1.0,abstract,B,self_interest,False,one_shot,,,unknown,2,cooperate,cooperate,0.0,,,,,,bb44379f66ffd317b4c5ff47,ok,0.92,0.73,0.7475,True,0.83,0.2921,2.772e-05
family-000075,family,harmony,3.0,5.0,0.0,1.0,abstract,B,self_interest,False,one_shot,,,unknown,3,cooperate,cooperate,0.0,,,,,,2d386583a5b7c8520d749967,ok,0.93,0.72,0.74,True,0.87,0.2491,2.772e-05
family-000076,family,harmony,3.0,5.0,0.0,1.0,abstract,B,self_interest,False,one_shot,,,unknown,4,cooperate,cooperate,0.0,,,,,,57df52186051c46cc78e8002,ok,0.92,0.72,0.7275,True,0.85,0.339,2.772e-05
family-000077,family,harmony,3.0,5.0,0.0,1.0,abstract,B,self_interest,False,one_shot,,,unknown,5,cooperate,cooperate,0.0,,,,,,4c4a65951a4d113db886c46d,ok,0.93,0.73,0.7375,True,0.86,0.282,2.772e-05
family-000078,family,harmony,3.0,5.0,0.0,1.0,abstract,B,self_interest,False,one_shot,,,unknown,6,cooperate,cooperate,0.0,,,,,,6342d2a884955aa4235ca94e,ok,0.93,0.7,0.7425,True,0.85,0.2848,2.772e-05
family-000079,family,harmony,3.0,5.0,0.0,1.0,abstract,B,self_interest,False,one_shot,,,unknown,7,cooperate,cooperate,0.0,,,,,,3c79037f163383d6abff308d,ok,0.94,0.68,0.7225,True,0.89,0.3128,2.772e-05
family-000080,family,harmony,3.0,5.0,0.0,1.0,abstract,A,neutral,True,one_shot,,,unknown,0,cooperate,cooperate,0.0,,,,,,246f197ac09694af5463fadf,ok,0.85,0.66,0.745,True,0.69,0.2388,2.6334e-05
family-000081,family,harmony,3.0,5.0,0.0,1.0,abstract,A,neutral,True,one_shot,,,unknown,1,cooperate,cooperate,0.0,,,,,,c8e67caf1c69d371487d9fb5,ok,0.84,0.66,0.74,True,0.68,0.6603,2.6334e-05
family-000082,family,harmony,3.0,5.0,0.0,1.0,abstract,A,neutral,True,one_shot,,,unknown,2,cooperate,cooperate,0.0,,,,,,347211c69932aabf9c5344fa,ok,0.85,0.67,0.7375,True,0.7,0.3217,2.6334e-05
family-000083,family,harmony,3.0,5.0,0.0,1.0,abstract,A,neutral,True,one_shot,,,unknown,3,cooperate,cooperate,0.0,,,,,,b52580bf004db6a715ebdf67,ok,0.84,0.66,0.7475,True,0.69,0.2399,2.6334e-05
family-000084,family,harmony,3.0,5.0,0.0,1.0,abstract,A,neutral,True,one_shot,,,unknown,4,cooperate,cooperate,0.0,,,,,,a8cfd3c78c0b93f9222823d3,ok,0.87,0.69,0.755,True,0.74,0.3707,2.6334e-05
family-000085,family,harmony,3.0,5.0,0.0,1.0,abstract,A,neutral,True,one_shot,,,unknown,5,cooperate,cooperate,0.0,,,,,,058b2d560c5f6e885d575cd8,ok,0.84,0.67,0.7375,True,0.69,0.2865,2.6334e-05
family-000086,family,harmony,3.0,5.0,0.0,1.0,abstract,A,neutral,True,one_shot,,,unknown,6,cooperate,cooperate,0.0,,,,,,139fb2c9539a9f180fe4653e,ok,0.8,0.65,0.72,True,0.61,0.2814,2.6334e-05
family-000087,family,harmony,3.0,5.0,0.0,1.0,abstract,A,neutral,True,one_shot,,,unknown,7,cooperate,cooperate,0.0,,,,,,8492cd574d75a1272a4aa67b,ok,0.85,0.67,0.7425,True,0.69,0.2627,2.6334e-05
family-000088,family,harmony,3.0,5.0,0.0,1.0,abstract,B,neutral,False,one_shot,,,unknown,0,cooperate,cooperate,0.0,,,,,,4ce16084835db26a7f22a259,ok,0.9,0.69,0.7325,True,0.81,0.269,2.6334e-05
family-000089,family,harmony,3.0,5.0,0.0,1.0,abstract,B,neutral,False,one_shot,,,unknown,1,cooperate,cooperate,0.0,,,,,,1950fd004bb8d6490af38728,ok,0.88,0.69,0.7175,True,0.76,0.2791,2.6334e-05
family-000090,family,harmony,3.0,5.0,0.0,1.0,abstract,B,neutral,False,one_shot,,,unknown,2,cooperate,cooperate,0.0,,,,,,34d92abe7aeec6ed1ca059dd,ok,0.9,0.7,0.72,True,0.8,0.2523,2.6334e-05
family-000091,family,harmony,3.0,5.0,0.0,1.0,abstract,B,neutral,False,one_shot,,,unknown,3,cooperate,cooperate,0.0,,,,,,898d3c8c69c772342cb3ed92,ok,0.88,0.69,0.7325,True,0.76,0.241,2.6334e-05
family-000092,family,harmony,3.0,5.0,0.0,1.0,abstract,B,neutral,False,one_shot,,,unknown,4,cooperate,cooperate,0.0,,,,,,de72a1beb841a8c0c3e38d8c,ok,0.89,0.7,0.73,True,0.77,0.2973,2.6334e-05
family-000093,family,harmony,3.0,5.0,0.0,1.0,abstract,B,neutral,False,one_shot,,,unknown,5,cooperate,cooperate,0.0,,,,,,c875a445a9e1d005d04c8a0c,ok,0.87,0.67,0.6975,True,0.74,0.2614,2.6334e-05
family-000094,family,harmony,3.0,5.0,0.0,1.0,abstract,B,neutral,False,one_shot,,,unknown,6,cooperate,cooperate,0.0,,,,,,8492d1ba9134e68954bbf8bd,ok,0.88,0.69,0.7225,True,0.77,0.253,2.6334e-05
family-000095,family,harmony,3.0,5.0,0.0,1.0,abstract,B,neutral,False,one_shot,,,unknown,7,cooperate,cooperate,0.0,,,,,,43084397c5cca2e5ee592f6e,ok,0.88,0.66,0.7075,True,0.77,0.2474,2.6334e-05
family-000096,family,stag_hunt,3.0,5.0,1.0,0.0,abstract,A,self_interest,True,one_shot,,,unknown,0,,,0.0,,,,,,1868c0eeddfd66abe2f8b585,ok,0.72,0.61,0.665,True,0.43,0.2604,2.772e-05
family-000097,family,stag_hunt,3.0,5.0,1.0,0.0,abstract,A,self_interest,True,one_shot,,,unknown,1,,,0.0,,,,,,3020941662341e7dd0e5e0ac,ok,0.78,0.61,0.675,True,0.55,0.2563,2.772e-05
family-000098,family,stag_hunt,3.0,5.0,1.0,0.0,abstract,A,self_interest,True,one_shot,,,unknown,2,,,0.0,,,,,,068b046a01ef37ed9417df17,ok,0.71,0.6,0.65,True,0.42,0.2345,2.772e-05
family-000099,family,stag_hunt,3.0,5.0,1.0,0.0,abstract,A,self_interest,True,one_shot,,,unknown,3,,,0.0,,,,,,45ba530971077b563d6d1434,ok,0.75,0.61,0.655,True,0.5,0.2431,2.772e-05
family-000100,family,stag_hunt,3.0,5.0,1.0,0.0,abstract,A,self_interest,True,one_shot,,,unknown,4,,,0.0,,,,,,9ba1afe6fd93fef1f56fdc76,ok,0.73,0.63,0.655,True,0.46,0.2357,2.772e-05
family-000101,family,stag_hunt,3.0,5.0,1.0,0.0,abstract,A,self_interest,True,one_shot,,,unknown,5,,,0.0,,,,,,5ba5e568a8a4922b2dd86f6a,ok,0.74,0.61,0.6875,True,0.47,0.2812,2.772e-05
family-000102,family,stag_hunt,3.0,5.0,1.0,0.0,abstract,A,self_interest,True,one_shot,,,unknown,6,,,0.0,,,,,,464cea3313249cbd5e92353e,ok,0.69,0.6,0.6425,True,0.39,0.3959,2.772e-05
family-000103,family,stag_hunt,3.0,5.0,1.0,0.0,abstract,A,self_interest,True,one_shot,,,unknown,7,,,0.0,,,,,,264cc667afbd0b3bbf41bcaa,ok,0.76,0.61,0.665,True,0.51,0.2529,2.772e-05
family-000104,family,stag_hunt,3.0,5.0,1.0,0.0,abstract,B,self_interest,False,one_shot,,,unknown,0,,,0.0,,,,,,10b5381d7631474a5bea21e7,ok,0.68,0.55,0.565,True,0.36,0.2327,2.772e-05
family-000105,family,stag_hunt,3.0,5.0,1.0,0.0,abstract,B,self_interest,False,one_shot,,,unknown,1,,,0.0,,,,,,f6d8b273a61e2611a5111935,ok,0.69,0.59,0.585,True,0.39,0.2485,2.772e-05
family-000106,family,stag_hunt,3.0,5.0,1.0,0.0,abstract,B,self_interest,False,one_shot,,,unknown,2,,,0.0,,,,,,430fbf5d70835c52710527c3,ok,0.73,0.6,0.595,True,0.46,0.2734,2.772e-05
family-000107,family,stag_hunt,3.0,5.0,1.0,0.0,abstract,B,self_interest,False,one_shot,,,unknown,3,,,0.0,,,,,,9a9e4b3f028b8516dcebacb7,ok,0.73,0.59,0.59,True,0.45,0.2497,2.772e-05
family-000108,family,stag_hunt,3.0,5.0,1.0,0.0,abstract,B,self_interest,False,one_shot,,,unknown,4,,,0.0,,,,,,fad4a13e99dba3e1ddd066bd,ok,0.73,0.59,0.58,True,0.45,0.2585,2.772e-05
family-000109,family,stag_hunt,3.0,5.0,1.0,0.0,abstract,B,self_interest,False,one_shot,,,unknown,5,,,0.0,,,,,,46efaf58510da76a7ecfb3a3,ok,0.72,0.6,0.605,True,0.45,0.2867,2.772e-05
family-000110,family,stag_hunt,3.0,5.0,1.0,0.0,abstract,B,self_interest,False,one_shot,,,unknown,6,,,0.0,,,,,,021ba9993b1e533f44ec8daf,ok,0.77,0.6,0.615,True,0.53,0.2344,2.772e-05
family-000111,family,stag_hunt,3.0,5.0,1.0,0.0,abstract,B,self_interest,False,one_shot,,,unknown,7,,,0.0,,,,,,2eeccdce18539bf6c39b7f65,ok,0.75,0.57,0.6125,True,0.49,0.3254,2.772e-05
family-000112,family,stag_hunt,3.0,5.0,1.0,0.0,abstract,A,neutral,True,one_shot,,,unknown,0,,,0.0,,,,,,4595ea3c2f6afe7c6493d22b,ok,0.73,0.6,0.67,True,0.45,0.2587,2.6334e-05
family-000113,family,stag_hunt,3.0,5.0,1.0,0.0,abstract,A,neutral,True,one_shot,,,unknown,1,,,0.0,,,,,,15c183f2f7ba0a3fa4ff60f3,ok,0.75,0.6,0.67,True,0.5,0.2818,2.6334e-05
family-000114,family,stag_hunt,3.0,5.0,1.0,0.0,abstract,A,neutral,True,one_shot,,,unknown,2,,,0.0,,,,,,40e42fd3f80a2b6d68536872,ok,0.72,0.58,0.6875,True,0.45,0.2968,2.6334e-05
family-000115,family,stag_hunt,3.0,5.0,1.0,0.0,abstract,A,neutral,True,one_shot,,,unknown,3,,,0.0,,,,,,b6083effdaf99b12ac7ab66b,ok,0.75,0.6,0.69,True,0.49,0.25,2.6334e-05
family-000116,family,stag_hunt,3.0,5.0,1.0,0.0,abstract,A,neutral,True,one_shot,,,unknown,4,,,0.0,,,,,,658ce50c31b84224fed331f8,ok,0.69,0.59,0.65,True,0.39,0.3201,2.6334e-05
family-000117,family,stag_hunt,3.0,5.0,1.0,0.0,abstract,A,neutral,True,one_shot,,,unknown,5,,,0.0,,,,,,0c83d53b0197a9d5639f88a9,ok,0.77,0.61,0.685,True,0.53,0.2589,2.6334e-05
family-000118,family,stag_hunt,3.0,5.0,1.0,0.0,abstract,A,neutral,True,one_shot,,,unknown,6,,,0.0,,,,,,7342e75abf9f0eb4b9554546,ok,0.72,0.6,0.675,True,0.43,0.2739,2.6334e-05
family-000119,family,stag_hunt,3.0,5.0,1.0,0.0,abstract,A,neutral,True,one_shot,,,unknown,7,,,0.0,,,,,,1e0db40d69597a04e02f53ee,ok,0.75,0.59,0.6875,True,0.49,0.3359,2.6334e-05
family-000120,family,stag_hunt,3.0,5.0,1.0,0.0,abstract,B,neutral,False,one_shot,,,unknown,0,,,0.0,,,,,,4b32443e67875e640fb79d86,ok,0.73,0.58,0.575,True,0.46,0.2333,2.6334e-05
family-000121,family,stag_hunt,3.0,5.0,1.0,0.0,abstract,B,neutral,False,one_shot,,,unknown,1,,,0.0,,,,,,e1fcfa8d2a474c40e3312e01,ok,0.7,0.55,0.565,True,0.4,0.2396,2.6334e-05
family-000122,family,stag_hunt,3.0,5.0,1.0,0.0,abstract,B,neutral,False,one_shot,,,unknown,2,,,0.0,,,,,,e3da4c54e96b4faceb9d5629,ok,0.72,0.57,0.575,True,0.45,0.2936,2.6334e-05
family-000123,family,stag_hunt,3.0,5.0,1.0,0.0,abstract,B,neutral,False,one_shot,,,unknown,3,,,0.0,,,,,,81b620babab96337854e2acc,ok,0.7,0.55,0.5675,True,0.39,0.2729,2.6334e-05
family-000124,family,stag_hunt,3.0,5.0,1.0,0.0,abstract,B,neutral,False,one_shot,,,unknown,4,,,0.0,,,,,,4ab73ef5f9cf26da1b016a3b,ok,0.7,0.56,0.58,True,0.41,0.2525,2.6334e-05
family-000125,family,stag_hunt,3.0,5.0,1.0,0.0,abstract,B,neutral,False,one_shot,,,unknown,5,,,0.0,,,,,,73c6ea65c4d7a8d1b4e38048,ok,0.69,0.56,0.5675,True,0.38,0.2744,2.6334e-05
family-000126,family,stag_hunt,3.0,5.0,1.0,0.0,abstract,B,neutral,False,one_shot,,,unknown,6,,,0.0,,,,,,8b759aa367cccbf9d0fa2522,ok,0.69,0.55,0.5625,True,0.38,0.258,2.6334e-05
family-000127,family,stag_hunt,3.0,5.0,1.0,0.0,abstract,B,neutral,False,one_shot,,,unknown,7,,,0.0,,,,,,b7a70ff9a300da022bd1d6c0,ok,0.69,0.56,0.575,True,0.39,0.3095,2.6334e-05
family-000128,family,chicken,5.0,3.0,0.0,1.0,abstract,A,self_interest,True,one_shot,,,unknown,0,,,0.4,,,,,,6366f17e93c3fc866b02800e,ok,0.34,0.55,0.58,False,0.32,0.2376,2.772e-05
family-000129,family,chicken,5.0,3.0,0.0,1.0,abstract,A,self_interest,True,one_shot,,,unknown,1,,,0.4,,,,,,5723ce91cd5f83edd26b7cdc,ok,0.34,0.54,0.5725,False,0.32,0.2581,2.772e-05
family-000130,family,chicken,5.0,3.0,0.0,1.0,abstract,A,self_interest,True,one_shot,,,unknown,2,,,0.4,,,,,,a044bc95fa1aba4dbb06c022,ok,0.35,0.54,0.5625,False,0.29,0.2915,2.772e-05
family-000131,family,chicken,5.0,3.0,0.0,1.0,abstract,A,self_interest,True,one_shot,,,unknown,3,,,0.4,,,,,,dffca1dafbeae3dfcd46e641,ok,0.41,0.56,0.585,False,0.17,0.2423,2.772e-05
family-000132,family,chicken,5.0,3.0,0.0,1.0,abstract,A,self_interest,True,one_shot,,,unknown,4,,,0.4,,,,,,b5c2a4b9bba60b28a04d24ca,ok,0.35,0.55,0.5875,False,0.3,0.269,2.772e-05
family-000133,family,chicken,5.0,3.0,0.0,1.0,abstract,A,self_interest,True,one_shot,,,unknown,5,,,0.4,,,,,,e7d69a62ad400a8175ad3469,ok,0.32,0.52,0.565,False,0.36,0.2374,2.772e-05
family-000134,family,chicken,5.0,3.0,0.0,1.0,abstract,A,self_interest,True,one_shot,,,unknown,6,,,0.4,,,,,,882c803338c1d314bdb9d091,ok,0.35,0.54,0.5875,False,0.3,0.249,2.772e-05
family-000135,family,chicken,5.0,3.0,0.0,1.0,abstract,A,self_interest,True,one_shot,,,unknown,7,,,0.4,,,,,,cec596924144fe539c4120c5,ok,0.36,0.55,0.5925,False,0.28,0.2467,2.772e-05
family-000136,family,chicken,5.0,3.0,0.0,1.0,abstract,B,self_interest,False,one_shot,,,unknown,0,,,0.4,,,,,,64959cbb8e21362e734efd93,ok,0.44,0.52,0.5775,False,0.12,0.2813,2.772e-05
family-000137,family,chicken,5.0,3.0,0.0,1.0,abstract,B,self_interest,False,one_shot,,,unknown,1,,,0.4,,,,,,fbff2ca75ea05385ab20571f,ok,0.48,0.52,0.585,False,0.03,0.2956,2.772e-05
family-000138,family,chicken,5.0,3.0,0.0,1.0,abstract,B,self_interest,False,one_shot,,,unknown,2,,,0.4,,,,,,04a0461184badc0f32801e28,ok,0.45,0.56,0.5825,False,0.1,0.2528,2.772e-05
family-000139,family,chicken,5.0,3.0,0.0,1.0,abstract,B,self_interest,False,one_shot,,,unknown,3,,,0.4,,,,,,5cf668859dccc694fcd4631a,ok,0.48,0.53,0.58,False,0.03,0.2409,2.772e-05
family-000140,family,chicken,5.0,3.0,0.0,1.0,abstract,B,self_interest,False,one_shot,,,unknown,4,,,0.4,,,,,,819065a9fbac88949d116e51,ok,0.43,0.52,0.57,False,0.15,0.2412,2.772e-05
family-000141,family,chicken,5.0,3.0,0.0,1.0,abstract,B,self_interest,False,one_shot,,,unknown,5,,,0.4,,,,,,c60f96232065a71f81f1fb5b,ok,0.47,0.51,0.5575,False,0.06,0.3436,2.772e-05
family-000142,family,chicken,5.0,3.0,0.0,1.0,abstract,B,self_interest,False,one_shot,,,unknown,6,,,0.4,,,,,,2070b7d4ec1e1d5b817f267e,ok,0.44,0.53,0.5725,False,0.12,0.3238,2.772e-05
family-000143,family,chicken,5.0,3.0,0.0,1.0,abstract,B,self_interest,False,one_shot,,,unknown,7,,,0.4,,,,,,ac19d56eed855cd378e23ae4,ok,0.49,0.55,0.565,False,0.03,0.2748,2.772e-05
family-000144,family,chicken,5.0,3.0,0.0,1.0,abstract,A,neutral,True,one_shot,,,unknown,0,,,0.4,,,,,,ade64fc3cda74bc56c80c147,ok,0.42,0.5,0.56,False,0.16,0.2641,2.6334e-05
family-000145,family,chicken,5.0,3.0,0.0,1.0,abstract,A,neutral,True,one_shot,,,unknown,1,,,0.4,,,,,,80be0adad7120364ae6612b2,ok,0.42,0.53,0.545,False,0.17,0.2934,2.6334e-05
family-000146,family,chicken,5.0,3.0,0.0,1.0,abstract,A,neutral,True,one_shot,,,unknown,2,,,0.4,,,,,,6d380fe303acce9657e67454,ok,0.47,0.53,0.545,False,0.06,0.2474,2.6334e-05
family-000147,family,chicken,5.0,3.0,0.0,1.0,abstract,A,neutral,True,one_shot,,,unknown,3,,,0.4,,,,,,ff16e76b67fc46f4a5859f1b,ok,0.4,0.51,0.5475,False,0.19,0.2363,2.6334e-05
family-000148,family,chicken,5.0,3.0,0.0,1.0,abstract,A,neutral,True,one_shot,,,unknown,4,,,0.4,,,,,,a619fdbd561bd91eab9a1e2e,ok,0.43,0.53,0.57,False,0.13,0.2811,2.6334e-05
family-000149,family,chicken,5.0,3.0,0.0,1.0,abstract,A,neutral,True,one_shot,,,unknown,5,,,0.4,,,,,,8a5fe655dc536094679a3450,ok,0.45,0.51,0.585,False,0.1,0.2949,2.6334e-05
family-000150,family,chicken,5.0,3.0,0.0,1.0,abstract,A,neutral,True,one_shot,,,unknown,6,,,0.4,,,,,,401fa4677b6536277f88015d,ok,0.44,0.54,0.5525,False,0.12,0.299,2.6334e-05
family-000151,family,chicken,5.0,3.0,0.0,1.0,abstract,A,neutral,True,one_shot,,,unknown,7,,,0.4,,,,,,abab09de3b10ec2a4cdeb045,ok,0.4,0.5,0.5725,False,0.19,0.2404,2.6334e-05
family-000152,family,chicken,5.0,3.0,0.0,1.0,abstract,B,neutral,False,one_shot,,,unknown,0,,,0.4,,,,,,885990f3328c887ec9f7950c,ok,0.44,0.52,0.5325,False,0.13,0.2877,2.6334e-05
family-000153,family,chicken,5.0,3.0,0.0,1.0,abstract,B,neutral,False,one_shot,,,unknown,1,,,0.4,,,,,,60b85095a00cdc724cbb806f,ok,0.46,0.52,0.5475,False,0.08,0.2927,2.6334e-05
family-000154,family,chicken,5.0,3.0,0.0,1.0,abstract,B,neutral,False,one_shot,,,unknown,2,,,0.4,,,,,,fa902e58eb69045f6e647672,ok,0.53,0.54,0.5575,True,0.06,0.3057,2.6334e-05
family-000155,family,chicken,5.0,3.0,0.0,1.0,abstract,B,neutral,False,one_shot,,,unknown,3,,,0.4,,,,,,52716632605b323eace0edfa,ok,0.41,0.49,0.4975,False,0.17,0.2785,2.6334e-05
family-000156,family,chicken,5.0,3.0,0.0,1.0,abstract,B,neutral,False,one_shot,,,unknown,4,,,0.4,,,,,,4429e6d64f4ddcdeb3a09500,ok,0.49,0.53,0.545,False,0.02,0.2765,2.6334e-05
family-000157,family,chicken,5.0,3.0,0.0,1.0,abstract,B,neutral,False,one_shot,,,unknown,5,,,0.4,,,,,,614a74d36e8aa7d35d7275bf,ok,0.47,0.51,0.5425,False,0.06,0.2504,2.6334e-05
family-000158,family,chicken,5.0,3.0,0.0,1.0,abstract,B,neutral,False,one_shot,,,unknown,6,,,0.4,,,,,,63befec255450be7f2a202db,ok,0.38,0.49,0.4725,False,0.23,0.2444,2.6334e-05
family-000159,family,chicken,5.0,3.0,0.0,1.0,abstract,B,neutral,False,one_shot,,,unknown,7,,,0.4,,,,,,e5077e4b48d15b1283c80f74,ok,0.46,0.52,0.5225,False,0.08,0.3369,2.6334e-05
greed_fear-000160,greed_fear,prisoners_dilemma,3.1,3.0,1.0,0.9,abstract,A,self_interest,True,one_shot,,,unknown,0,defect,defect,0.04761904761904766,0.05,0.05,,,,6311f21550a4aeb392b09453,ok,0.3,0.47,0.505,False,0.39,0.2712,2.8056e-05
greed_fear-000161,greed_fear,prisoners_dilemma,3.1,3.0,1.0,0.9,abstract,A,self_interest,True,one_shot,,,unknown,1,defect,defect,0.04761904761904766,0.05,0.05,,,,714f33b7e87300e2ad629b40,ok,0.28,0.45,0.4975,False,0.43,0.2294,2.8056e-05
greed_fear-000162,greed_fear,prisoners_dilemma,3.1,3.0,1.0,0.9,abstract,A,self_interest,True,one_shot,,,unknown,2,defect,defect,0.04761904761904766,0.05,0.05,,,,f9767b3ecb84fc522d746c39,ok,0.25,0.47,0.4925,False,0.49,0.2626,2.8056e-05
greed_fear-000163,greed_fear,prisoners_dilemma,3.1,3.0,1.0,0.9,abstract,A,self_interest,True,one_shot,,,unknown,3,defect,defect,0.04761904761904766,0.05,0.05,,,,d6a7aca43aff27a4c6759d75,ok,0.26,0.45,0.4775,False,0.48,0.3589,2.8056e-05
greed_fear-000164,greed_fear,prisoners_dilemma,3.1,3.0,1.0,0.9,abstract,A,self_interest,True,one_shot,,,unknown,4,defect,defect,0.04761904761904766,0.05,0.05,,,,ffddcfd6744d68155522d291,ok,0.25,0.46,0.475,False,0.5,0.2985,2.8056e-05
greed_fear-000165,greed_fear,prisoners_dilemma,3.1,3.0,1.0,0.9,abstract,A,self_interest,True,one_shot,,,unknown,5,defect,defect,0.04761904761904766,0.05,0.05,,,,e1c238e3f1fb0c35fa4fab90,ok,0.26,0.44,0.4925,False,0.47,0.2552,2.8056e-05
greed_fear-000166,greed_fear,prisoners_dilemma,3.1,3.0,1.0,0.9,abstract,B,self_interest,False,one_shot,,,unknown,0,defect,defect,0.04761904761904766,0.05,0.05,,,,11ce43bdce4999bb9d734de3,ok,0.38,0.45,0.4825,False,0.25,0.2688,2.8056e-05
greed_fear-000167,greed_fear,prisoners_dilemma,3.1,3.0,1.0,0.9,abstract,B,self_interest,False,one_shot,,,unknown,1,defect,defect,0.04761904761904766,0.05,0.05,,,,c76b37d2faa6b973e531f0a5,ok,0.35,0.46,0.495,False,0.3,0.3406,2.8056e-05
greed_fear-000168,greed_fear,prisoners_dilemma,3.1,3.0,1.0,0.9,abstract,B,self_interest,False,one_shot,,,unknown,2,defect,defect,0.04761904761904766,0.05,0.05,,,,0bd551678937103fdb3237a3,ok,0.3,0.46,0.47,False,0.39,0.2581,2.8056e-05
greed_fear-000169,greed_fear,prisoners_dilemma,3.1,3.0,1.0,0.9,abstract,B,self_interest,False,one_shot,,,unknown,3,defect,defect,0.04761904761904766,0.05,0.05,,,,c71fcc6009b2c9b369a15b7e,ok,0.33,0.46,0.47,False,0.34,0.2995,2.8056e-05
greed_fear-000170,greed_fear,prisoners_dilemma,3.1,3.0,1.0,0.9,abstract,B,self_interest,False,one_shot,,,unknown,4,defect,defect,0.04761904761904766,0.05,0.05,,,,67757c627158a81ed103b789,ok,0.32,0.46,0.48,False,0.36,0.2529,2.8056e-05
greed_fear-000171,greed_fear,prisoners_dilemma,3.1,3.0,1.0,0.9,abstract,B,self_interest,False,one_shot,,,unknown,5,defect,defect,0.04761904761904766,0.05,0.05,,,,e071982fee01c5fdd7791c11,ok,0.38,0.48,0.5075,False,0.25,0.2603,2.8056e-05
greed_fear-000172,greed_fear,prisoners_dilemma,3.1,3.0,1.0,0.5,abstract,A,self_interest,True,one_shot,,,unknown,0,defect,defect,0.04761904761904766,0.05,0.25,,,,157b3db9aec1efaa8ce8a85b,ok,0.3,0.47,0.5375,False,0.39,0.2475,2.8056e-05
greed_fear-000173,greed_fear,prisoners_dilemma,3.1,3.0,1.0,0.5,abstract,A,self_interest,True,one_shot,,,unknown,1,defect,defect,0.04761904761904766,0.05,0.25,,,,fb3f560d96e9b534aa7a9b26,ok,0.31,0.47,0.5175,False,0.38,0.2651,2.8056e-05
greed_fear-000174,greed_fear,prisoners_dilemma,3.1,3.0,1.0,0.5,abstract,A,self_interest,True,one_shot,,,unknown,2,defect,defect,0.04761904761904766,0.05,0.25,,,,40506c040662d2f7f0101750,ok,0.27,0.46,0.5125,False,0.45,0.2816,2.8056e-05
greed_fear-000175,greed_fear,prisoners_dilemma,3.1,3.0,1.0,0.5,abstract,A,self_interest,True,one_shot,,,unknown,3,defect,defect,0.04761904761904766,0.05,0.25,,,,b18b2d0c89db63571f51fe7e,ok,0.31,0.49,0.495,False,0.38,0.2777,2.8056e-05
greed_fear-000176,greed_fear,prisoners_dilemma,3.1,3.0,1.0,0.5,abstract,A,self_interest,True,one_shot,,,unknown,4,defect,defect,0.04761904761904766,0.05,0.25,,,,f05631de0980021643b775ee,ok,0.28,0.47,0.4975,False,0.45,0.3089,2.8056e-05
greed_fear-000177,greed_fear,prisoners_dilemma,3.1,3.0,1.0,0.5,abstract,A,self_interest,True,one_shot,,,unknown,5,defect,defect,0.04761904761904766,0.05,0.25,,,,ef65272c95099d4750face17,ok,0.25,0.45,0.525,False,0.49,0.3066,2.8056e-05
greed_fear-000178,greed_fear,prisoners_dilemma,3.1,3.0,1.0,0.5,abstract,B,self_interest,False,one_shot,,,unknown,0,defect,defect,0.04761904761904766,0.05,0.25,,,,fa9fefabc5441de065990e8d,ok,0.24,0.44,0.4125,False,0.52,0.2869,2.8056e-05
greed_fear-000179,greed_fear,prisoners_dilemma,3.1,3.0,1.0,0.5,abstract,B,self_interest,False,one_shot,,,unknown,1,defect,defect,0.04761904761904766,0.05,0.25,,,,8fc27359477372cd63a79e90,ok,0.28,0.47,0.4675,False,0.45,0.2393,2.8056e-05
greed_fear-000180,greed_fear,prisoners_dilemma,3.1,3.0,1.0,0.5,abstract,B,self_interest,False,one_shot,,,unknown,2,defect,defect,0.04761904761904766,0.05,0.25,,,,6acb3716893bab429c3a796d,ok,0.24,0.44,0.4775,False,0.53,0.3047,2.8056e-05
greed_fear-000181,greed_fear,prisoners_dilemma,3.1,3.0,1.0,0.5,abstract,B,self_interest,False,one_shot,,,unknown,3,defect,defect,0.04761904761904766,0.05,0.25,,,,2abe7da5a4528d3e55f3b838,ok,0.27,0.44,0.46,False,0.46,0.2557,2.8056e-05
greed_fear-000182,greed_fear,prisoners_dilemma,3.1,3.0,1.0,0.5,abstract,B,self_interest,False,one_shot,,,unknown,4,defect,defect,0.04761904761904766,0.05,0.25,,,,5bb066b26a7974c2106afdc1,ok,0.28,0.46,0.47,False,0.43,0.2629,2.8056e-05
greed_fear-000183,greed_fear,prisoners_dilemma,3.1,3.0,1.0,0.5,abstract,B,self_interest,False,one_shot,,,unknown,5,defect,defect,0.04761904761904766,0.05,0.25,,,,b4d78188878ae19f685bab99,ok,0.24,0.43,0.49,False,0.52,0.2723,2.8056e-05
greed_fear-000184,greed_fear,prisoners_dilemma,3.1,3.0,1.0,0.0,abstract,A,self_interest,True,one_shot,,,unknown,0,defect,defect,0.04761904761904766,0.05,0.5,,,,fef95d45ca2dc536f983281f,ok,0.27,0.43,0.5425,False,0.46,0.2803,2.7888e-05
greed_fear-000185,greed_fear,prisoners_dilemma,3.1,3.0,1.0,0.0,abstract,A,self_interest,True,one_shot,,,unknown,1,defect,defect,0.04761904761904766,0.05,0.5,,,,3dc4503dd312df40311a246b,ok,0.23,0.42,0.5175,False,0.53,0.2401,2.7888e-05
greed_fear-000186,greed_fear,prisoners_dilemma,3.1,3.0,1.0,0.0,abstract,A,self_interest,True,one_shot,,,unknown,2,defect,defect,0.04761904761904766,0.05,0.5,,,,26a5f8c39aacb0b6bf7fadf6,ok,0.31,0.43,0.5125,False,0.38,0.3751,2.7888e-05
greed_fear-000187,greed_fear,prisoners_dilemma,3.1,3.0,1.0,0.0,abstract,A,self_interest,True,one_shot,,,unknown,3,defect,defect,0.04761904761904766,0.05,0.5,,,,806a6c59614e50dad4118ce3,ok,0.31,0.46,0.54,False,0.38,0.2407,2.7888e-05
greed_fear-000188,greed_fear,prisoners_dilemma,3.1,3.0,1.0,0.0,abstract,A,self_interest,True,one_shot,,,unknown,4,defect,defect,0.04761904761904766,0.05,0.5,,,,2c133a344246a5b792f676f1,ok,0.27,0.43,0.5225,False,0.47,0.2477,2.7888e-05
greed_fear-000189,greed_fear,prisoners_dilemma,3.1,3.0,1.0,0.0,abstract,A,self_interest,True,one_shot,,,unknown,5,defect,defect,0.04761904761904766,0.05,0.5,,,,8b0a21155c79951d245c6120,ok,0.29,0.43,0.5075,False,0.43,0.2431,2.7888e-05
greed_fear-000190,greed_fear,prisoners_dilemma,3.1,3.0,1.0,0.0,abstract,B,self_interest,False,one_shot,,,unknown,0,defect,defect,0.04761904761904766,0.05,0.5,,,,d0876af86f44b213a0431b67,ok,0.29,0.42,0.4875,False,0.42,0.284,2.7888e-05
greed_fear-000191,greed_fear,prisoners_dilemma,3.1,3.0,1.0,0.0,abstract,B,self_interest,False,one_shot,,,unknown,1,defect,defect,0.04761904761904766,0.05,0.5,,,,6228ff894cef01d61d71e7a7,ok,0.28,0.41,0.4975,False,0.44,0.3237,2.7888e-05
greed_fear-000192,greed_fear,prisoners_dilemma,3.1,3.0,1.0,0.0,abstract,B,self_interest,False,one_shot,,,unknown,2,defect,defect,0.04761904761904766,0.05,0.5,,,,038ee97a7a02bc4744aec911,ok,0.25,0.4,0.485,False,0.49,0.236,2.7888e-05
greed_fear-000193,greed_fear,prisoners_dilemma,3.1,3.0,1.0,0.0,abstract,B,self_interest,False,one_shot,,,unknown,3,defect,defect,0.04761904761904766,0.05,0.5,,,,4deb4ec21073c5467f9fd2e4,ok,0.29,0.41,0.4825,False,0.42,0.2635,2.7888e-05
greed_fear-000194,greed_fear,prisoners_dilemma,3.1,3.0,1.0,0.0,abstract,B,self_interest,False,one_shot,,,unknown,4,defect,defect,0.04761904761904766,0.05,0.5,,,,b25e50b8bad1394255f11a93,ok,0.26,0.37,0.455,False,0.47,0.239,2.7888e-05
greed_fear-000195,greed_fear,prisoners_dilemma,3.1,3.0,1.0,0.0,abstract,B,self_interest,False,one_shot,,,unknown,5,defect,defect,0.04761904761904766,0.05,0.5,,,,a478a382bc3bf80b5fa60d78,ok,0.26,0.38,0.4775,False,0.48,0.2342,2.7888e-05
greed_fear-000196,greed_fear,prisoners_dilemma,3.1,3.0,1.0,-1.0,abstract,A,self_interest,True,one_shot,,,unknown,0,defect,defect,0.04761904761904766,0.05,1.0,,,,30ccf6f2871ac32a4fcefb92,ok,0.21,0.39,0.4825,False,0.57,0.2452,2.7972e-05
greed_fear-000197,greed_fear,prisoners_dilemma,3.1,3.0,1.0,-1.0,abstract,A,self_interest,True,one_shot,,,unknown,1,defect,defect,0.04761904761904766,0.05,1.0,,,,77b445dc45751539cdedfb2f,ok,0.25,0.41,0.5175,False,0.49,0.2628,2.7972e-05
greed_fear-000198,greed_fear,prisoners_dilemma,3.1,3.0,1.0,-1.0,abstract,A,self_interest,True,one_shot,,,unknown,2,defect,defect,0.04761904761904766,0.05,1.0,,,,fac6bfedd52c394efe5a2238,ok,0.26,0.42,0.495,False,0.48,0.2658,2.7972e-05
greed_fear-000199,greed_fear,prisoners_dilemma,3.1,3.0,1.0,-1.0,abstract,A,self_interest,True,one_shot,,,unknown,3,defect,defect,0.04761904761904766,0.05,1.0,,,,661e6b6d0aedea52c086f952,ok,0.28,0.44,0.5075,False,0.45,0.3357,2.7972e-05
greed_fear-000200,greed_fear,prisoners_dilemma,3.1,3.0,1.0,-1.0,abstract,A,self_interest,True,one_shot,,,unknown,4,defect,defect,0.04761904761904766,0.05,1.0,,,,10126c309d9f3fad7ca15415,ok,0.25,0.44,0.4975,False,0.49,0.2467,2.7972e-05
greed_fear-000201,greed_fear,prisoners_dilemma,3.1,3.0,1.0,-1.0,abstract,A,self_interest,True,one_shot,,,unknown,5,defect,defect,0.04761904761904766,0.05,1.0,,,,6482594ce7a258b46bea9b15,ok,0.25,0.4,0.49,False,0.51,0.4476,2.7972e-05
greed_fear-000202,greed_fear,prisoners_dilemma,3.1,3.0,1.0,-1.0,abstract,B,self_interest,False,one_shot,,,unknown,0,defect,defect,0.04761904761904766,0.05,1.0,,,,2b3df2b9b53428eed274b56a,ok,0.23,0.35,0.4425,False,0.54,0.2727,2.7972e-05
greed_fear-000203,greed_fear,prisoners_dilemma,3.1,3.0,1.0,-1.0,abstract,B,self_interest,False,one_shot,,,unknown,1,defect,defect,0.04761904761904766,0.05,1.0,,,,e256bf9ee7a6638260e045dc,ok,0.21,0.37,0.43,False,0.58,0.2501,2.7972e-05
greed_fear-000204,greed_fear,prisoners_dilemma,3.1,3.0,1.0,-1.0,abstract,B,self_interest,False,one_shot,,,unknown,2,defect,defect,0.04761904761904766,0.05,1.0,,,,775038eab692f39f641b79a5,ok,0.24,0.38,0.4275,False,0.53,0.3138,2.7972e-05
greed_fear-000205,greed_fear,prisoners_dilemma,3.1,3.0,1.0,-1.0,abstract,B,self_interest,False,one_shot,,,unknown,3,defect,defect,0.04761904761904766,0.05,1.0,,,,b309d8cd6c2bf648f76ea49e,ok,0.22,0.36,0.435,False,0.57,0.2412,2.7972e-05
greed_fear-000206,greed_fear,prisoners_dilemma,3.1,3.0,1.0,-1.0,abstract,B,self_interest,False,one_shot,,,unknown,4,defect,defect,0.04761904761904766,0.05,1.0,,,,156257a7e35489ea65b9eac3,ok,0.21,0.37,0.44,False,0.58,0.2545,2.7972e-05
greed_fear-000207,greed_fear,prisoners_dilemma,3.1,3.0,1.0,-1.0,abstract,B,self_interest,False,one_shot,,,unknown,5,defect,defect,0.04761904761904766,0.05,1.0,,,,6984587c09cf28bef0c4e351,ok,0.22,0.37,0.43,False,0.56,0.2865,2.7972e-05
greed_fear-000208,greed_fear,prisoners_dilemma,3.1,3.0,1.0,-3.0,abstract,A,self_interest,True,one_shot,,,unknown,0,defect,defect,0.04761904761904766,0.05,2.0,,,,50d0fc35379369e0ba0a2e2f,ok,0.25,0.37,0.46,False,0.51,0.2704,2.7972e-05
greed_fear-000209,greed_fear,prisoners_dilemma,3.1,3.0,1.0,-3.0,abstract,A,self_interest,True,one_shot,,,unknown,1,defect,defect,0.04761904761904766,0.05,2.0,,,,f8b3fa439e7bdad64da7a644,ok,0.23,0.38,0.45,False,0.55,0.2419,2.7972e-05
greed_fear-000210,greed_fear,prisoners_dilemma,3.1,3.0,1.0,-3.0,abstract,A,self_interest,True,one_shot,,,unknown,2,defect,defect,0.04761904761904766,0.05,2.0,,,,faa397629ea8ea1055ee36fa,ok,0.29,0.39,0.47,False,0.41,0.2453,2.7972e-05
greed_fear-000211,greed_fear,prisoners_dilemma,3.1,3.0,1.0,-3.0,abstract,A,self_interest,True,one_shot,,,unknown,3,defect,defect,0.04761904761904766,0.05,2.0,,,,7ec8b69974a1216701229f81,ok,0.26,0.39,0.48,False,0.49,0.2848,2.7972e-05
greed_fear-000212,greed_fear,prisoners_dilemma,3.1,3.0,1.0,-3.0,abstract,A,self_interest,True,one_shot,,,unknown,4,defect,defect,0.04761904761904766,0.05,2.0,,,,7c0bdf63d13856e2f98c270e,ok,0.22,0.38,0.4675,False,0.57,0.3539,2.7972e-05
greed_fear-000213,greed_fear,prisoners_dilemma,3.1,3.0,1.0,-3.0,abstract,A,self_interest,True,one_shot,,,unknown,5,defect,defect,0.04761904761904766,0.05,2.0,,,,06cbe9659c6c74e8d02355af,ok,0.21,0.36,0.4525,False,0.57,0.3968,2.7972e-05
greed_fear-000214,greed_fear,prisoners_dilemma,3.1,3.0,1.0,-3.0,abstract,B,self_interest,False,one_shot,,,unknown,0,defect,defect,0.04761904761904766,0.05,2.0,,,,811eb9a820fe191d8b2a35c7,ok,0.19,0.35,0.4,False,0.62,0.3334,2.7972e-05
greed_fear-000215,greed_fear,prisoners_dilemma,3.1,3.0,1.0,-3.0,abstract,B,self_interest,False,one_shot,,,unknown,1,defect,defect,0.04761904761904766,0.05,2.0,,,,d4d7cf42ba9f4636666a12ca,ok,0.2,0.35,0.3825,False,0.61,0.2646,2.7972e-05
greed_fear-000216,greed_fear,prisoners_dilemma,3.1,3.0,1.0,-3.0,abstract,B,self_interest,False,one_shot,,,unknown,2,defect,defect,0.04761904761904766,0.05,2.0,,,,b7ac30e9b740b159ac27914e,ok,0.2,0.33,0.3925,False,0.6,0.2534,2.7972e-05
greed_fear-000217,greed_fear,prisoners_dilemma,3.1,3.0,1.0,-3.0,abstract,B,self_interest,False,one_shot,,,unknown,3,defect,defect,0.04761904761904766,0.05,2.0,,,,90f1e8e32f43067b97ab9c59,ok,0.2,0.32,0.3675,False,0.6,0.2527,2.7972e-05
greed_fear-000218,greed_fear,prisoners_dilemma,3.1,3.0,1.0,-3.0,abstract,B,self_interest,False,one_shot,,,unknown,4,defect,defect,0.04761904761904766,0.05,2.0,,,,4b2db92462d517f92457fa4f,ok,0.19,0.32,0.38,False,0.63,0.28,2.7972e-05
greed_fear-000219,greed_fear,prisoners_dilemma,3.1,3.0,1.0,-3.0,abstract,B,self_interest,False,one_shot,,,unknown,5,defect,defect,0.04761904761904766,0.05,2.0,,,,398a9a8e5b3e1d7e0c3e3111,ok,0.2,0.33,0.4125,False,0.6,0.2577,2.7972e-05
greed_fear-000220,greed_fear,prisoners_dilemma,3.1,3.0,1.0,-7.0,abstract,A,self_interest,True,one_shot,,,unknown,0,defect,defect,0.04761904761904766,0.05,4.0,,,,0443fbd80a0f7a5ad1f497b4,ok,0.31,0.39,0.4825,False,0.39,0.3205,2.7972e-05
greed_fear-000221,greed_fear,prisoners_dilemma,3.1,3.0,1.0,-7.0,abstract,A,self_interest,True,one_shot,,,unknown,1,defect,defect,0.04761904761904766,0.05,4.0,,,,3033d68dfd7cdecec331199e,ok,0.26,0.39,0.44,False,0.48,0.2842,2.7972e-05
greed_fear-000222,greed_fear,prisoners_dilemma,3.1,3.0,1.0,-7.0,abstract,A,self_interest,True,one_shot,,,unknown,2,defect,defect,0.04761904761904766,0.05,4.0,,,,268913bce1ae270fa1f33059,ok,0.31,0.42,0.4575,False,0.37,0.2696,2.7972e-05
greed_fear-000223,greed_fear,prisoners_dilemma,3.1,3.0,1.0,-7.0,abstract,A,self_interest,True,one_shot,,,unknown,3,defect,defect,0.04761904761904766,0.05,4.0,,,,61480f0214ea99a15feaa816,ok,0.26,0.39,0.455,False,0.48,0.2575,2.7972e-05
greed_fear-000224,greed_fear,prisoners_dilemma,3.1,3.0,1.0,-7.0,abstract,A,self_interest,True,one_shot,,,unknown,4,defect,defect,0.04761904761904766,0.05,4.0,,,,983403ba89825f3ee5df0d63,ok,0.27,0.4,0.475,False,0.47,0.2875,2.7972e-05
greed_fear-000225,greed_fear,prisoners_dilemma,3.1,3.0,1.0,-7.0,abstract,A,self_interest,True,one_shot,,,unknown,5,defect,defect,0.04761904761904766,0.05,4.0,,,,7165bf82973acd1469c915be,ok,0.3,0.41,0.475,False,0.41,0.2678,2.7972e-05
greed_fear-000226,greed_fear,prisoners_dilemma,3.1,3.0,1.0,-7.0,abstract,B,self_interest,False,one_shot,,,unknown,0,defect,defect,0.04761904761904766,0.05,4.0,,,,44426d3cab84c0e1f3a656f0,ok,0.29,0.36,0.3975,False,0.41,0.2455,2.7972e-05
greed_fear-000227,greed_fear,prisoners_dilemma,3.1,3.0,1.0,-7.0,abstract,B,self_interest,False,one_shot,,,unknown,1,defect,defect,0.04761904761904766,0.05,4.0,,,,966cd25eda70bd5ffbecdc53,ok,0.25,0.35,0.37,False,0.5,0.2493,2.7972e-05
greed_fear-000228,greed_fear,prisoners_dilemma,3.1,3.0,1.0,-7.0,abstract,B,self_interest,False,one_shot,,,unknown,2,defect,defect,0.04761904761904766,0.05,4.0,,,,cc262b9c225ae1251df59a27,ok,0.23,0.33,0.375,False,0.53,0.23,2.7972e-05
greed_fear-000229,greed_fear,prisoners_dilemma,3.1,3.0,1.0,-7.0,abstract,B,self_interest,False,one_shot,,,unknown,3,defect,defect,0.04761904761904766,0.05,4.0,,,,0f0e6c3cef4eb5cbaffb8560,ok,0.29,0.35,0.41,False,0.41,0.2259,2.7972e-05
greed_fear-000230,greed_fear,prisoners_dilemma,3.1,3.0,1.0,-7.0,abstract,B,self_interest,False,one_shot,,,unknown,4,defect,defect,0.04761904761904766,0.05,4.0,,,,0feaf9c791485e88ad17114c,ok,0.28,0.36,0.38,False,0.43,0.2475,2.7972e-05
greed_fear-000231,greed_fear,prisoners_dilemma,3.1,3.0,1.0,-7.0,abstract,B,self_interest,False,one_shot,,,unknown,5,defect,defect,0.04761904761904766,0.05,4.0,,,,5c2d8c5636d1faa1cf60f913,ok,0.26,0.35,0.3675,False,0.47,0.3211,2.7972e-05
greed_fear-000232,greed_fear,prisoners_dilemma,3.5,3.0,1.0,0.9,abstract,A,self_interest,True,one_shot,,,unknown,0,defect,defect,0.2,0.25,0.05,,,,dfe972d52563e10fd43b3262,ok,0.24,0.44,0.4625,False,0.52,0.2643,2.8056e-05
greed_fear-000233,greed_fear,prisoners_dilemma,3.5,3.0,1.0,0.9,abstract,A,self_interest,True,one_shot,,,unknown,1,defect,defect,0.2,0.25,0.05,,,,8b7c4ec5edcc4842762cedde,ok,0.23,0.44,0.46,False,0.53,0.2318,2.8056e-05
greed_fear-000234,greed_fear,prisoners_dilemma,3.5,3.0,1.0,0.9,abstract,A,self_interest,True,one_shot,,,unknown,2,defect,defect,0.2,0.25,0.05,,,,1e4f23e162353f5109f3d80c,ok,0.23,0.45,0.4725,False,0.53,0.2597,2.8056e-05
greed_fear-000235,greed_fear,prisoners_dilemma,3.5,3.0,1.0,0.9,abstract,A,self_interest,True,one_shot,,,unknown,3,defect,defect,0.2,0.25,0.05,,,,bdcefb7ca3ef3f01d00abf66,ok,0.26,0.45,0.4725,False,0.48,0.2591,2.8056e-05
greed_fear-000236,greed_fear,prisoners_dilemma,3.5,3.0,1.0,0.9,abstract,A,self_interest,True,one_shot,,,unknown,4,defect,defect,0.2,0.25,0.05,,,,bfd31d35012a172f72367794,ok,0.27,0.44,0.4625,False,0.47,0.2507,2.8056e-05
greed_fear-000237,greed_fear,prisoners_dilemma,3.5,3.0,1.0,0.9,abstract,A,self_interest,True,one_shot,,,unknown,5,defect,defect,0.2,0.25,0.05,,,,4e58383954e47c2e86e052aa,ok,0.26,0.46,0.465,False,0.48,0.3177,2.8056e-05
greed_fear-000238,greed_fear,prisoners_dilemma,3.5,3.0,1.0,0.9,abstract,B,self_interest,False,one_shot,,,unknown,0,defect,defect,0.2,0.25,0.05,,,,c01f7d8327221d597c964f19,ok,0.25,0.45,0.435,False,0.5,0.2685,2.8056e-05
greed_fear-000239,greed_fear,prisoners_dilemma,3.5,3.0,1.0,0.9,abstract,B,self_interest,False,one_shot,,,unknown,1,defect,defect,0.2,0.25,0.05,,,,d55d96bdcfb2c43082c6f139,ok,0.33,0.48,0.4825,False,0.34,0.2858,2.8056e-05
greed_fear-000240,greed_fear,prisoners_dilemma,3.5,3.0,1.0,0.9,abstract,B,self_interest,False,one_shot,,,unknown,2,defect,defect,0.2,0.25,0.05,,,,0ecb68bd8be5fc444e815639,ok,0.29,0.44,0.475,False,0.43,0.334,2.8056e-05
greed_fear-000241,greed_fear,prisoners_dilemma,3.5,3.0,1.0,0.9,abstract,B,self_interest,False,one_shot,,,unknown,3,defect,defect,0.2,0.25,0.05,,,,dc0504012cfbffe38b157ddf,ok,0.3,0.44,0.455,False,0.4,0.2587,2.8056e-05
greed_fear-000242,greed_fear,prisoners_dilemma,3.5,3.0,1.0,0.9,abstract,B,self_interest,False,one_shot,,,unknown,4,defect,defect,0.2,0.25,0.05,,,,8bc0fe180b23ed2fc5390887,ok,0.3,0.45,0.465,False,0.41,0.2583,2.8056e-05
greed_fear-000243,greed_fear,prisoners_dilemma,3.5,3.0,1.0,0.9,abstract,B,self_interest,False,one_shot,,,unknown,5,defect,defect,0.2,0.25,0.05,,,,59b73f00198166400a934135,ok,0.27,0.45,0.4475,False,0.46,0.2731,2.8056e-05
greed_fear-000244,greed_fear,prisoners_dilemma,3.5,3.0,1.0,0.5,abstract,A,self_interest,True,one_shot,,,unknown,0,defect,defect,0.2,0.25,0.25,,,,33436bb0ff20615ff8b983c0,ok,0.26,0.46,0.475,False,0.49,0.2399,2.8056e-05
greed_fear-000245,greed_fear,prisoners_dilemma,3.5,3.0,1.0,0.5,abstract,A,self_interest,True,one_shot,,,unknown,1,defect,defect,0.2,0.25,0.25,,,,9b93cd726001b88163913006,ok,0.26,0.45,0.47,False,0.48,0.2769,2.8056e-05
greed_fear-000246,greed_fear,prisoners_dilemma,3.5,3.0,1.0,0.5,abstract,A,self_interest,True,one_shot,,,unknown,2,defect,defect,0.2,0.25,0.25,,,,bbc8c62f4c2864024e52178c,ok,0.24,0.46,0.465,False,0.52,0.2493,2.8056e-05
greed_fear-000247,greed_fear,prisoners_dilemma,3.5,3.0,1.0,0.5,abstract,A,self_interest,True,one_shot,,,unknown,3,defect,defect,0.2,0.25,0.25,,,,e1fa88bbcf2d86de165cf77d,ok,0.22,0.46,0.485,False,0.55,0.2477,2.8056e-05
greed_fear-000248,greed_fear,prisoners_dilemma,3.5,3.0,1.0,0.5,abstract,A,self_interest,True,one_shot,,,unknown,4,defect,defect,0.2,0.25,0.25,,,,afda9da920df3da1dcfe5984,ok,0.28,0.45,0.4775,False,0.45,0.2511,2.8056e-05
greed_fear-000249,greed_fear,prisoners_dilemma,3.5,3.0,1.0,0.5,abstract,A,self_interest,True,one_shot,,,unknown,5,defect,defect,0.2,0.25,0.25,,,,1eab55bb0abe53883d89318c,ok,0.27,0.48,0.4825,False,0.47,0.2993,2.8056e-05
greed_fear-000250,greed_fear,prisoners_dilemma,3.5,3.0,1.0,0.5,abstract,B,self_interest,False,one_shot,,,unknown,0,defect,defect,0.2,0.25,0.25,,,,8690d996dfddd0dab3cc5a10,ok,0.26,0.43,0.4475,False,0.49,0.2308,2.8056e-05
greed_fear-000251,greed_fear,prisoners_dilemma,3.5,3.0,1.0,0.5,abstract,B,self_interest,False,one_shot,,,unknown,1,defect,defect,0.2,0.25,0.25,,,,2f808ecea88a6e36c250838b,ok,0.28,0.45,0.455,False,0.44,0.2922,2.8056e-05
greed_fear-000252,greed_fear,prisoners_dilemma,3.5,3.0,1.0,0.5,abstract,B,self_interest,False,one_shot,,,unknown,2,defect,defect,0.2,0.25,0.25,,,,269933f87bf8184862562dd3,ok,0.27,0.43,0.4425,False,0.46,0.2728,2.8056e-05
greed_fear-000253,greed_fear,prisoners_dilemma,3.5,3.0,1.0,0.5,abstract,B,self_interest,False,one_shot,,,unknown,3,defect,defect,0.2,0.25,0.25,,,,d3518cf27a2dee36adc424e0,ok,0.25,0.44,0.4475,False,0.49,0.2369,2.8056e-05
greed_fear-000254,greed_fear,prisoners_dilemma,3.5,3.0,1.0,0.5,abstract,B,self_interest,False,one_shot,,,unknown,4,defect,defect,0.2,0.25,0.25,,,,e174813c828237f80813d7b3,ok,0.25,0.44,0.4525,False,0.49,0.2726,2.8056e-05
greed_fear-000255,greed_fear,prisoners_dilemma,3.5,3.0,1.0,0.5,abstract,B,self_interest,False,one_shot,,,unknown,5,defect,defect,0.2,0.25,0.25,,,,60bb2841f4821c8da252a106,ok,0.25,0.45,0.435,False,0.5,0.2539,2.8056e-05
greed_fear-000256,greed_fear,prisoners_dilemma,3.5,3.0,1.0,0.0,abstract,A,self_interest,True,one_shot,,,unknown,0,defect,defect,0.2,0.25,0.5,,,,27dc4ce89c229e7abb7ade52,ok,0.25,0.43,0.4875,False,0.49,0.2443,2.7888e-05
greed_fear-000257,greed_fear,prisoners_dilemma,3.5,3.0,1.0,0.0,abstract,A,self_interest,True,one_shot,,,unknown,1,defect,defect,0.2,0.25,0.5,,,,c49456920525e8e5544c0af8,ok,0.28,0.44,0.485,False,0.44,0.2355,2.7888e-05
greed_fear-000258,greed_fear,prisoners_dilemma,3.5,3.0,1.0,0.0,abstract,A,self_interest,True,one_shot,,,unknown,2,defect,defect,0.2,0.25,0.5,,,,abea5643a520c0485286f989,ok,0.29,0.46,0.5275,False,0.42,0.2641,2.7888e-05
greed_fear-000259,greed_fear,prisoners_dilemma,3.5,3.0,1.0,0.0,abstract,A,self_interest,True,one_shot,,,unknown,3,defect,defect,0.2,0.25,0.5,,,,2a0909b6fa571a2be25a60ae,ok,0.23,0.43,0.48,False,0.53,0.2535,2.7888e-05
greed_fear-000260,greed_fear,prisoners_dilemma,3.5,3.0,1.0,0.0,abstract,A,self_interest,True,one_shot,,,unknown,4,defect,defect,0.2,0.25,0.5,,,,bf25ddbc252618a36ab1aba1,ok,0.24,0.43,0.4925,False,0.51,0.2649,2.7888e-05
greed_fear-000261,greed_fear,prisoners_dilemma,3.5,3.0,1.0,0.0,abstract,A,self_interest,True,one_shot,,,unknown,5,defect,defect,0.2,0.25,0.5,,,,f6669906acd1735c4d7a516c,ok,0.28,0.45,0.5225,False,0.44,0.2484,2.7888e-05
greed_fear-000262,greed_fear,prisoners_dilemma,3.5,3.0,1.0,0.0,abstract,B,self_interest,False,one_shot,,,unknown,0,defect,defect,0.2,0.25,0.5,,,,58bfce8e9bb3133d40793fb6,ok,0.26,0.4,0.45,False,0.48,0.2259,2.7888e-05
greed_fear-000263,greed_fear,prisoners_dilemma,3.5,3.0,1.0,0.0,abstract,B,self_interest,False,one_shot,,,unknown,1,defect,defect,0.2,0.25,0.5,,,,a7cb6bc27f9d8f696f90cc97,ok,0.25,0.42,0.465,False,0.51,0.2391,2.7888e-05
greed_fear-000264,greed_fear,prisoners_dilemma,3.5,3.0,1.0,0.0,abstract,B,self_interest,False,one_shot,,,unknown,2,defect,defect,0.2,0.25,0.5,,,,9aac035b34d7012331894a69,ok,0.23,0.39,0.445,False,0.53,0.2609,2.7888e-05
greed_fear-000265,greed_fear,prisoners_dilemma,3.5,3.0,1.0,0.0,abstract,B,self_interest,False,one_shot,,,unknown,3,defect,defect,0.2,0.25,0.5,,,,26d3670e13f7110929b0df00,ok,0.24,0.41,0.4375,False,0.52,0.233,2.7888e-05
greed_fear-000266,greed_fear,prisoners_dilemma,3.5,3.0,1.0,0.0,abstract,B,self_interest,False,one_shot,,,unknown,4,defect,defect,0.2,0.25,0.5,,,,c92567f196def206fc02c02b,ok,0.26,0.4,0.4525,False,0.48,0.2802,2.7888e-05
greed_fear-000267,greed_fear,prisoners_dilemma,3.5,3.0,1.0,0.0,abstract,B,self_interest,False,one_shot,,,unknown,5,defect,defect,0.2,0.25,0.5,,,,b2a5749342a16c345fd2120d,ok,0.3,0.4,0.47,False,0.4,0.3004,2.7888e-05
greed_fear-000268,greed_fear,prisoners_dilemma,3.5,3.0,1.0,-1.0,abstract,A,self_interest,True,one_shot,,,unknown,0,defect,defect,0.2,0.25,1.0,,,,77b513cf9f6844a84261897f,ok,0.26,0.41,0.475,False,0.48,0.2711,2.7972e-05
greed_fear-000269,greed_fear,prisoners_dilemma,3.5,3.0,1.0,-1.0,abstract,A,self_interest,True,one_shot,,,unknown,1,defect,defect,0.2,0.25,1.0,,,,51de14c12b0663cf7604ac48,ok,0.23,0.41,0.4575,False,0.54,0.2464,2.7972e-05
greed_fear-000270,greed_fear,prisoners_dilemma,3.5,3.0,1.0,-1.0,abstract,A,self_interest,True,one_shot,,,unknown,2,defect,defect,0.2,0.25,1.0,,,,64f2c7e0d41c3d55fe218f21,ok,0.24,0.39,0.4725,False,0.52,0.2804,2.7972e-05
greed_fear-000271,greed_fear,prisoners_dilemma,3.5,3.0,1.0,-1.0,abstract,A,self_interest,True,one_shot,,,unknown,3,defect,defect,0.2,0.25,1.0,,,,7d4ea274924c77271c64d19e,ok,0.28,0.41,0.47,False,0.43,0.2668,2.7972e-05
greed_fear-000272,greed_fear,prisoners_dilemma,3.5,3.0,1.0,-1.0,abstract,A,self_interest,True,one_shot,,,unknown,4,defect,defect,0.2,0.25,1.0,,,,85bf7d7b434f9eb61ff9babf,ok,0.23,0.4,0.4525,False,0.54,0.2558,2.7972e-05
greed_fear-000273,greed_fear,prisoners_dilemma,3.5,3.0,1.0,-1.0,abstract,A,self_interest,True,one_shot,,,unknown,5,defect,defect,0.2,0.25,1.0,,,,54abf8143b68812fd9e41df4,ok,0.26,0.4,0.4875,False,0.49,0.2784,2.7972e-05
greed_fear-000274,greed_fear,prisoners_dilemma,3.5,3.0,1.0,-1.0,abstract,B,self_interest,False,one_shot,,,unknown,0,defect,defect,0.2,0.25,1.0,,,,d0ad544667cd55ad6b26bf76,ok,0.22,0.37,0.4075,False,0.57,0.2887,2.7972e-05
greed_fear-000275,greed_fear,prisoners_dilemma,3.5,3.0,1.0,-1.0,abstract,B,self_interest,False,one_shot,,,unknown,1,defect,defect,0.2,0.25,1.0,,,,59e85281583e9d8839ae7613,ok,0.2,0.37,0.435,False,0.61,0.2393,2.7972e-05
greed_fear-000276,greed_fear,prisoners_dilemma,3.5,3.0,1.0,-1.0,abstract,B,self_interest,False,one_shot,,,unknown,2,defect,defect,0.2,0.25,1.0,,,,de5f147102d7b32e755336e8,ok,0.18,0.33,0.3925,False,0.64,0.2306,2.7972e-05
greed_fear-000277,greed_fear,prisoners_dilemma,3.5,3.0,1.0,-1.0,abstract,B,self_interest,False,one_shot,,,unknown,3,defect,defect,0.2,0.25,1.0,,,,0d3a3d981c7c1b5f01675b0b,ok,0.19,0.37,0.41,False,0.61,0.3417,2.7972e-05
greed_fear-000278,greed_fear,prisoners_dilemma,3.5,3.0,1.0,-1.0,abstract,B,self_interest,False,one_shot,,,unknown,4,defect,defect,0.2,0.25,1.0,,,,1c39b0182886fec6846b0916,ok,0.2,0.39,0.415,False,0.59,0.2745,2.7972e-05
greed_fear-000279,greed_fear,prisoners_dilemma,3.5,3.0,1.0,-1.0,abstract,B,self_interest,False,one_shot,,,unknown,5,defect,defect,0.2,0.25,1.0,,,,765accaeea4a9bc2dd566d70,ok,0.22,0.39,0.415,False,0.57,0.2768,2.7972e-05
greed_fear-000280,greed_fear,prisoners_dilemma,3.5,3.0,1.0,-3.0,abstract,A,self_interest,True,one_shot,,,unknown,0,defect,defect,0.2,0.25,2.0,,,,b92e401361b2b00c2bec32ef,ok,0.21,0.36,0.4125,False,0.58,0.2564,2.7972e-05
greed_fear-000281,greed_fear,prisoners_dilemma,3.5,3.0,1.0,-3.0,abstract,A,self_interest,True,one_shot,,,unknown,1,defect,defect,0.2,0.25,2.0,,,,dc44adc67ec68d50018fad67,ok,0.23,0.36,0.45,False,0.53,0.4412,2.7972e-05
greed_fear-000282,greed_fear,prisoners_dilemma,3.5,3.0,1.0,-3.0,abstract,A,self_interest,True,one_shot,,,unknown,2,defect,defect,0.2,0.25,2.0,,,,8a6776dc55d05dcb3082652e,ok,0.22,0.36,0.4325,False,0.56,0.2466,2.7972e-05
greed_fear-000283,greed_fear,prisoners_dilemma,3.5,3.0,1.0,-3.0,abstract,A,self_interest,True,one_shot,,,unknown,3,defect,defect,0.2,0.25,2.0,,,,cddad411e199ccee28b4e0ba,ok,0.23,0.37,0.465,False,0.54,0.3218,2.7972e-05
greed_fear-000284,greed_fear,prisoners_dilemma,3.5,3.0,1.0,-3.0,abstract,A,self_interest,True,one_shot,,,unknown,4,defect,defect,0.2,0.25,2.0,,,,11b2d7c64681a3c94a46c69a,ok,0.23,0.36,0.435,False,0.54,0.2412,2.7972e-05
greed_fear-000285,greed_fear,prisoners_dilemma,3.5,3.0,1.0,-3.0,abstract,A,self_interest,True,one_shot,,,unknown,5,defect,defect,0.2,0.25,2.0,,,,14e969208866dca1d60bca3d,ok,0.2,0.36,0.3975,False,0.61,0.258,2.7972e-05
greed_fear-000286,greed_fear,prisoners_dilemma,3.5,3.0,1.0,-3.0,abstract,B,self_interest,False,one_shot,,,unknown,0,defect,defect,0.2,0.25,2.0,,,,57e8fb1203f22d92420ccef1,ok,0.19,0.36,0.36,False,0.62,0.2423,2.7972e-05
greed_fear-000287,greed_fear,prisoners_dilemma,3.5,3.0,1.0,-3.0,abstract,B,self_interest,False,one_shot,,,unknown,1,defect,defect,0.2,0.25,2.0,,,,729c81de0b5cada23fa2d4a9,ok,0.2,0.35,0.3925,False,0.6,0.2628,2.7972e-05
greed_fear-000288,greed_fear,prisoners_dilemma,3.5,3.0,1.0,-3.0,abstract,B,self_interest,False,one_shot,,,unknown,2,defect,defect,0.2,0.25,2.0,,,,4191c8b7268051a7da71af36,ok,0.2,0.36,0.41,False,0.59,0.2409,2.7972e-05
greed_fear-000289,greed_fear,prisoners_dilemma,3.5,3.0,1.0,-3.0,abstract,B,self_interest,False,one_shot,,,unknown,3,defect,defect,0.2,0.25,2.0,,,,1ce13f3d7896cf9e5fc2238c,ok,0.22,0.34,0.4025,False,0.55,0.2291,2.7972e-05
greed_fear-000290,greed_fear,prisoners_dilemma,3.5,3.0,1.0,-3.0,abstract,B,self_interest,False,one_shot,,,unknown,4,defect,defect,0.2,0.25,2.0,,,,c7ee2392f9332743ccf0cc9a,ok,0.17,0.35,0.3725,False,0.67,0.3119,2.7972e-05
greed_fear-000291,greed_fear,prisoners_dilemma,3.5,3.0,1.0,-3.0,abstract,B,self_interest,False,one_shot,,,unknown,5,defect,defect,0.2,0.25,2.0,,,,0c930247eab24ac06e4a9efa,ok,0.21,0.35,0.4,False,0.58,0.2558,2.7972e-05
greed_fear-000292,greed_fear,prisoners_dilemma,3.5,3.0,1.0,-7.0,abstract,A,self_interest,True,one_shot,,,unknown,0,defect,defect,0.2,0.25,4.0,,,,709753ebb1cfdf6b9b2193f8,ok,0.24,0.4,0.4225,False,0.52,0.2794,2.7972e-05
greed_fear-000293,greed_fear,prisoners_dilemma,3.5,3.0,1.0,-7.0,abstract,A,self_interest,True,one_shot,,,unknown,1,defect,defect,0.2,0.25,4.0,,,,18308b2a09d84923d0201ce1,ok,0.26,0.41,0.4475,False,0.47,0.3441,2.7972e-05
greed_fear-000294,greed_fear,prisoners_dilemma,3.5,3.0,1.0,-7.0,abstract,A,self_interest,True,one_shot,,,unknown,2,defect,defect,0.2,0.25,4.0,,,,04a1bac082f64ca5e381ef00,ok,0.26,0.39,0.4025,False,0.49,0.2445,2.7972e-05
greed_fear-000295,greed_fear,prisoners_dilemma,3.5,3.0,1.0,-7.0,abstract,A,self_interest,True,one_shot,,,unknown,3,defect,defect,0.2,0.25,4.0,,,,1b1bacaf85f8f5f44eb4e469,ok,0.34,0.4,0.4625,False,0.33,0.2547,2.7972e-05
greed_fear-000296,greed_fear,prisoners_dilemma,3.5,3.0,1.0,-7.0,abstract,A,self_interest,True,one_shot,,,unknown,4,defect,defect,0.2,0.25,4.0,,,,a522748098c89912bf5641a3,ok,0.32,0.41,0.4675,False,0.36,0.2553,2.7972e-05
greed_fear-000297,greed_fear,prisoners_dilemma,3.5,3.0,1.0,-7.0,abstract,A,self_interest,True,one_shot,,,unknown,5,defect,defect,0.2,0.25,4.0,,,,e915ef1eabba735d1102a51c,ok,0.29,0.41,0.445,False,0.41,0.2464,2.7972e-05
greed_fear-000298,greed_fear,prisoners_dilemma,3.5,3.0,1.0,-7.0,abstract,B,self_interest,False,one_shot,,,unknown,0,defect,defect,0.2,0.25,4.0,,,,078f077d77acb399f02d770f,ok,0.3,0.37,0.385,False,0.4,0.2773,2.7972e-05
greed_fear-000299,greed_fear,prisoners_dilemma,3.5,3.0,1.0,-7.0,abstract,B,self_interest,False,one_shot,,,unknown,1,defect,defect,0.2,0.25,4.0,,,,f62aaffda078acce68d21f12,ok,0.26,0.36,0.3725,False,0.48,0.228,2.7972e-05
greed_fear-000300,greed_fear,prisoners_dilemma,3.5,3.0,1.0,-7.0,abstract,B,self_interest,False,one_shot,,,unknown,2,defect,defect,0.2,0.25,4.0,,,,9ea81deb3d2eec89ecda778a,ok,0.28,0.36,0.3775,False,0.44,0.2403,2.7972e-05
greed_fear-000301,greed_fear,prisoners_dilemma,3.5,3.0,1.0,-7.0,abstract,B,self_interest,False,one_shot,,,unknown,3,defect,defect,0.2,0.25,4.0,,,,621ff83a18921cd40c7988b2,ok,0.29,0.35,0.4,False,0.43,0.2423,2.7972e-05
greed_fear-000302,greed_fear,prisoners_dilemma,3.5,3.0,1.0,-7.0,abstract,B,self_interest,False,one_shot,,,unknown,4,defect,defect,0.2,0.25,4.0,,,,f08586a49d856e3c8fdd383f,ok,0.26,0.36,0.38,False,0.47,0.2272,2.7972e-05
greed_fear-000303,greed_fear,prisoners_dilemma,3.5,3.0,1.0,-7.0,abstract,B,self_interest,False,one_shot,,,unknown,5,defect,defect,0.2,0.25,4.0,,,,b24df11f48851ed43f2eee61,ok,0.24,0.34,0.3775,False,0.51,0.257,2.7972e-05
greed_fear-000304,greed_fear,prisoners_dilemma,4.0,3.0,1.0,0.9,abstract,A,self_interest,True,one_shot,,,unknown,0,defect,defect,0.3333333333333333,0.5,0.05,,,,2bf826530afff0828f3da6e6,ok,0.3,0.46,0.495,False,0.39,0.2741,2.7888e-05
greed_fear-000305,greed_fear,prisoners_dilemma,4.0,3.0,1.0,0.9,abstract,A,self_interest,True,one_shot,,,unknown,1,defect,defect,0.3333333333333333,0.5,0.05,,,,6b603cb85a816643310bb080,ok,0.31,0.44,0.495,False,0.39,0.2792,2.7888e-05
greed_fear-000306,greed_fear,prisoners_dilemma,4.0,3.0,1.0,0.9,abstract,A,self_interest,True,one_shot,,,unknown,2,defect,defect,0.3333333333333333,0.5,0.05,,,,25d87ccf374d738d55e11786,ok,0.3,0.45,0.495,False,0.41,0.2994,2.7888e-05
greed_fear-000307,greed_fear,prisoners_dilemma,4.0,3.0,1.0,0.9,abstract,A,self_interest,True,one_shot,,,unknown,3,defect,defect,0.3333333333333333,0.5,0.05,,,,4a8996badf2d6f4ccd1eb275,ok,0.31,0.46,0.5,False,0.39,0.3282,2.7888e-05
greed_fear-000308,greed_fear,prisoners_dilemma,4.0,3.0,1.0,0.9,abstract,A,self_interest,True,one_shot,,,unknown,4,defect,defect,0.3333333333333333,0.5,0.05,,,,726043aebb6f9761b584b846,ok,0.28,0.42,0.495,False,0.45,0.274,2.7888e-05
greed_fear-000309,greed_fear,prisoners_dilemma,4.0,3.0,1.0,0.9,abstract,A,self_interest,True,one_shot,,,unknown,5,defect,defect,0.3333333333333333,0.5,0.05,,,,79fc3db9f85642dc0ae63fc2,ok,0.31,0.45,0.505,False,0.38,0.2562,2.7888e-05
greed_fear-000310,greed_fear,prisoners_dilemma,4.0,3.0,1.0,0.9,abstract,B,self_interest,False,one_shot,,,unknown,0,defect,defect,0.3333333333333333,0.5,0.05,,,,944de474f03558172c7281bc,ok,0.28,0.43,0.48,False,0.44,0.2703,2.7888e-05
greed_fear-000311,greed_fear,prisoners_dilemma,4.0,3.0,1.0,0.9,abstract,B,self_interest,False,one_shot,,,unknown,1,defect,defect,0.3333333333333333,0.5,0.05,,,,6fbdb0958c6ed5e9620c2bde,ok,0.3,0.41,0.4825,False,0.39,0.2491,2.7888e-05
greed_fear-000312,greed_fear,prisoners_dilemma,4.0,3.0,1.0,0.9,abstract,B,self_interest,False,one_shot,,,unknown,2,defect,defect,0.3333333333333333,0.5,0.05,,,,334b2f51e30ca972b7f1a7aa,ok,0.31,0.41,0.475,False,0.37,0.2347,2.7888e-05
greed_fear-000313,greed_fear,prisoners_dilemma,4.0,3.0,1.0,0.9,abstract,B,self_interest,False,one_shot,,,unknown,3,defect,defect,0.3333333333333333,0.5,0.05,,,,5dad31221b3ee74d6a8dbe11,ok,0.3,0.42,0.4875,False,0.39,0.2932,2.7888e-05
greed_fear-000314,greed_fear,prisoners_dilemma,4.0,3.0,1.0,0.9,abstract,B,self_interest,False,one_shot,,,unknown,4,defect,defect,0.3333333333333333,0.5,0.05,,,,f737f10ee27d45f8d9315ed0,ok,0.33,0.42,0.4925,False,0.34,0.2765,2.7888e-05
greed_fear-000315,greed_fear,prisoners_dilemma,4.0,3.0,1.0,0.9,abstract,B,self_interest,False,one_shot,,,unknown,5,defect,defect,0.3333333333333333,0.5,0.05,,,,8f786f864da6f7907c627fd2,ok,0.28,0.39,0.465,False,0.45,0.2463,2.7888e-05
greed_fear-000316,greed_fear,prisoners_dilemma,4.0,3.0,1.0,0.5,abstract,A,self_interest,True,one_shot,,,unknown,0,defect,defect,0.3333333333333333,0.5,0.25,,,,a369a54813522df8fae9a60f,ok,0.33,0.47,0.5175,False,0.34,0.251,2.7888e-05
greed_fear-000317,greed_fear,prisoners_dilemma,4.0,3.0,1.0,0.5,abstract,A,self_interest,True,one_shot,,,unknown,1,defect,defect,0.3333333333333333,0.5,0.25,,,,a0cc533967bb385678a345d9,ok,0.31,0.46,0.5325,False,0.39,0.2613,2.7888e-05
greed_fear-000318,greed_fear,prisoners_dilemma,4.0,3.0,1.0,0.5,abstract,A,self_interest,True,one_shot,,,unknown,2,defect,defect,0.3333333333333333,0.5,0.25,,,,04baa9ee316beba453668ab9,ok,0.32,0.44,0.51,False,0.37,0.2449,2.7888e-05
greed_fear-000319,greed_fear,prisoners_dilemma,4.0,3.0,1.0,0.5,abstract,A,self_interest,True,one_shot,,,unknown,3,defect,defect,0.3333333333333333,0.5,0.25,,,,85ed208cc6a757dfd835a1c7,ok,0.31,0.46,0.5275,False,0.39,0.2894,2.7888e-05
greed_fear-000320,greed_fear,prisoners_dilemma,4.0,3.0,1.0,0.5,abstract,A,self_interest,True,one_shot,,,unknown,4,defect,defect,0.3333333333333333,0.5,0.25,,,,3d538d98996a09a1fef61b44,ok,0.32,0.46,0.515,False,0.36,0.2429,2.7888e-05
greed_fear-000321,greed_fear,prisoners_dilemma,4.0,3.0,1.0,0.5,abstract,A,self_interest,True,one_shot,,,unknown,5,defect,defect,0.3333333333333333,0.5,0.25,,,,e1d106a10fab2e820f19b1e4,ok,0.25,0.44,0.4625,False,0.5,0.2753,2.7888e-05
greed_fear-000322,greed_fear,prisoners_dilemma,4.0,3.0,1.0,0.5,abstract,B,self_interest,False,one_shot,,,unknown,0,defect,defect,0.3333333333333333,0.5,0.25,,,,6484a439eabc1d82f26812cd,ok,0.29,0.43,0.4825,False,0.43,0.3236,2.7888e-05
greed_fear-000323,greed_fear,prisoners_dilemma,4.0,3.0,1.0,0.5,abstract,B,self_interest,False,one_shot,,,unknown,1,defect,defect,0.3333333333333333,0.5,0.25,,,,2ebf8749d58c60f5470787d3,ok,0.28,0.4,0.485,False,0.44,0.2721,2.7888e-05
greed_fear-000324,greed_fear,prisoners_dilemma,4.0,3.0,1.0,0.5,abstract,B,self_interest,False,one_shot,,,unknown,2,defect,defect,0.3333333333333333,0.5,0.25,,,,62a6b934a905ac7a19a25504,ok,0.28,0.42,0.5125,False,0.43,0.2752,2.7888e-05
greed_fear-000325,greed_fear,prisoners_dilemma,4.0,3.0,1.0,0.5,abstract,B,self_interest,False,one_shot,,,unknown,3,defect,defect,0.3333333333333333,0.5,0.25,,,,58ddc86853445943721045c3,ok,0.31,0.44,0.4975,False,0.38,0.2371,2.7888e-05
greed_fear-000326,greed_fear,prisoners_dilemma,4.0,3.0,1.0,0.5,abstract,B,self_interest,False,one_shot,,,unknown,4,defect,defect,0.3333333333333333,0.5,0.25,,,,55bccb60133e0d50acd5e8db,ok,0.32,0.45,0.49,False,0.36,0.2531,2.7888e-05
greed_fear-000327,greed_fear,prisoners_dilemma,4.0,3.0,1.0,0.5,abstract,B,self_interest,False,one_shot,,,unknown,5,defect,defect,0.3333333333333333,0.5,0.25,,,,64b1e68683cee1a2a21ebc0a,ok,0.33,0.46,0.505,False,0.34,0.2426,2.7888e-05
greed_fear-000328,greed_fear,prisoners_dilemma,4.0,3.0,1.0,0.0,abstract,A,self_interest,True,one_shot,,,unknown,0,defect,defect,0.3333333333333333,0.5,0.5,,,,e6bedec5f2a4205f4b974e14,ok,0.3,0.43,0.5175,False,0.39,0.2463,2.772e-05
greed_fear-000329,greed_fear,prisoners_dilemma,4.0,3.0,1.0,0.0,abstract,A,self_interest,True,one_shot,,,unknown,1,defect,defect,0.3333333333333333,0.5,0.5,,,,3b383f4ce1d45d4713d98618,ok,0.3,0.45,0.5025,False,0.4,0.2518,2.772e-05
greed_fear-000330,greed_fear,prisoners_dilemma,4.0,3.0,1.0,0.0,abstract,A,self_interest,True,one_shot,,,unknown,2,defect,defect,0.3333333333333333,0.5,0.5,,,,5b126fe9ec8a06bb491bd4d3,ok,0.26,0.44,0.5,False,0.48,0.2622,2.772e-05
greed_fear-000331,greed_fear,prisoners_dilemma,4.0,3.0,1.0,0.0,abstract,A,self_interest,True,one_shot,,,unknown,3,defect,defect,0.3333333333333333,0.5,0.5,,,,576a7a0a736f43462544c583,ok,0.37,0.45,0.5125,False,0.25,0.2428,2.772e-05
greed_fear-000332,greed_fear,prisoners_dilemma,4.0,3.0,1.0,0.0,abstract,A,self_interest,True,one_shot,,,unknown,4,defect,defect,0.3333333333333333,0.5,0.5,,,,15886266c43215e1aa15064f,ok,0.27,0.45,0.495,False,0.46,0.2789,2.772e-05
greed_fear-000333,greed_fear,prisoners_dilemma,4.0,3.0,1.0,0.0,abstract,A,self_interest,True,one_shot,,,unknown,5,defect,defect,0.3333333333333333,0.5,0.5,,,,7d773ba2e8a81e3789c4b515,ok,0.29,0.45,0.49,False,0.42,0.2414,2.772e-05
greed_fear-000334,greed_fear,prisoners_dilemma,4.0,3.0,1.0,0.0,abstract,B,self_interest,False,one_shot,,,unknown,0,defect,defect,0.3333333333333333,0.5,0.5,,,,36eda1b0ccd900e2e129eed1,ok,0.28,0.38,0.475,False,0.44,0.2607,2.772e-05
greed_fear-000335,greed_fear,prisoners_dilemma,4.0,3.0,1.0,0.0,abstract,B,self_interest,False,one_shot,,,unknown,1,defect,defect,0.3333333333333333,0.5,0.5,,,,dcec93ed8190d34da2e0d5d2,ok,0.24,0.36,0.47,False,0.51,0.2373,2.772e-05
greed_fear-000336,greed_fear,prisoners_dilemma,4.0,3.0,1.0,0.0,abstract,B,self_interest,False,one_shot,,,unknown,2,defect,defect,0.3333333333333333,0.5,0.5,,,,cf92ae9be3de1fcc46276532,ok,0.25,0.36,0.445,False,0.51,0.2622,2.772e-05
greed_fear-000337,greed_fear,prisoners_dilemma,4.0,3.0,1.0,0.0,abstract,B,self_interest,False,one_shot,,,unknown,3,defect,defect,0.3333333333333333,0.5,0.5,,,,1666c50be3f09d3e44c73056,ok,0.27,0.39,0.475,False,0.46,0.2946,2.772e-05
greed_fear-000338,greed_fear,prisoners_dilemma,4.0,3.0,1.0,0.0,abstract,B,self_interest,False,one_shot,,,unknown,4,defect,defect,0.3333333333333333,0.5,0.5,,,,5e807be2bd4c968a483cd868,ok,0.27,0.39,0.485,False,0.46,0.2433,2.772e-05
greed_fear-000339,greed_fear,prisoners_dilemma,4.0,3.0,1.0,0.0,abstract,B,self_interest,False,one_shot,,,unknown,5,defect,defect,0.3333333333333333,0.5,0.5,,,,8209f32668d02e9ae0ac03f5,ok,0.32,0.42,0.485,False,0.37,0.2585,2.772e-05
greed_fear-000340,greed_fear,prisoners_dilemma,4.0,3.0,1.0,-1.0,abstract,A,self_interest,True,one_shot,,,unknown,0,defect,defect,0.3333333333333333,0.5,1.0,,,,12c5548c67e9bb1d1f88b1bd,ok,0.29,0.41,0.495,False,0.42,0.2963,2.7804e-05
greed_fear-000341,greed_fear,prisoners_dilemma,4.0,3.0,1.0,-1.0,abstract,A,self_interest,True,one_shot,,,unknown,1,defect,defect,0.3333333333333333,0.5,1.0,,,,93bc2ae972185652b965dd07,ok,0.33,0.43,0.4775,False,0.33,0.2725,2.7804e-05
greed_fear-000342,greed_fear,prisoners_dilemma,4.0,3.0,1.0,-1.0,abstract,A,self_interest,True,one_shot,,,unknown,2,defect,defect,0.3333333333333333,0.5,1.0,,,,c9d8494bf6968de30b4834ad,ok,0.32,0.4,0.4625,False,0.36,0.2675,2.7804e-05
greed_fear-000343,greed_fear,prisoners_dilemma,4.0,3.0,1.0,-1.0,abstract,A,self_interest,True,one_shot,,,unknown,3,defect,defect,0.3333333333333333,0.5,1.0,,,,4d1169c88d5f4821c25a4bbb,ok,0.33,0.41,0.51,False,0.35,0.245,2.7804e-05
greed_fear-000344,greed_fear,prisoners_dilemma,4.0,3.0,1.0,-1.0,abstract,A,self_interest,True,one_shot,,,unknown,4,defect,defect,0.3333333333333333,0.5,1.0,,,,b27c27e840266763598d539e,ok,0.32,0.42,0.5125,False,0.36,0.3281,2.7804e-05
greed_fear-000345,greed_fear,prisoners_dilemma,4.0,3.0,1.0,-1.0,abstract,A,self_interest,True,one_shot,,,unknown,5,defect,defect,0.3333333333333333,0.5,1.0,,,,2e008a49dc7337dfb4c871c6,ok,0.3,0.39,0.465,False,0.39,0.2543,2.7804e-05
greed_fear-000346,greed_fear,prisoners_dilemma,4.0,3.0,1.0,-1.0,abstract,B,self_interest,False,one_shot,,,unknown,0,defect,defect,0.3333333333333333,0.5,1.0,,,,51b93f8da62123cbf56d9aae,ok,0.17,0.34,0.4375,False,0.67,0.3717,2.7804e-05
greed_fear-000347,greed_fear,prisoners_dilemma,4.0,3.0,1.0,-1.0,abstract,B,self_interest,False,one_shot,,,unknown,1,defect,defect,0.3333333333333333,0.5,1.0,,,,97b140a9f35bfe263ed4b240,ok,0.21,0.35,0.445,False,0.58,0.2836,2.7804e-05
greed_fear-000348,greed_fear,prisoners_dilemma,4.0,3.0,1.0,-1.0,abstract,B,self_interest,False,one_shot,,,unknown,2,defect,defect,0.3333333333333333,0.5,1.0,,,,6ad5a3feba640cf1e178c0ea,ok,0.23,0.34,0.4225,False,0.54,0.2623,2.7804e-05
greed_fear-000349,greed_fear,prisoners_dilemma,4.0,3.0,1.0,-1.0,abstract,B,self_interest,False,one_shot,,,unknown,3,defect,defect,0.3333333333333333,0.5,1.0,,,,3dfa791d32175ef7bdd71848,ok,0.21,0.34,0.45,False,0.57,0.2465,2.7804e-05
greed_fear-000350,greed_fear,prisoners_dilemma,4.0,3.0,1.0,-1.0,abstract,B,self_interest,False,one_shot,,,unknown,4,defect,defect,0.3333333333333333,0.5,1.0,,,,6d820a897c999e9d1dc58b7c,ok,0.2,0.33,0.4525,False,0.6,0.2694,2.7804e-05
greed_fear-000351,greed_fear,prisoners_dilemma,4.0,3.0,1.0,-1.0,abstract,B,self_interest,False,one_shot,,,unknown,5,defect,defect,0.3333333333333333,0.5,1.0,,,,90dbd4a1e5c70a5a239df5de,ok,0.19,0.35,0.44,False,0.62,0.2465,2.7804e-05
greed_fear-000352,greed_fear,prisoners_dilemma,4.0,3.0,1.0,-3.0,abstract,A,self_interest,True,one_shot,,,unknown,0,defect,defect,0.3333333333333333,0.5,2.0,,,,50060a0086e2cbb8b4de067c,ok,0.33,0.39,0.4675,False,0.33,0.2493,2.7804e-05
greed_fear-000353,greed_fear,prisoners_dilemma,4.0,3.0,1.0,-3.0,abstract,A,self_interest,True,one_shot,,,unknown,1,defect,defect,0.3333333333333333,0.5,2.0,,,,5d739b4bf894bc15786aa700,ok,0.3,0.39,0.4725,False,0.41,0.2469,2.7804e-05
greed_fear-000354,greed_fear,prisoners_dilemma,4.0,3.0,1.0,-3.0,abstract,A,self_interest,True,one_shot,,,unknown,2,defect,defect,0.3333333333333333,0.5,2.0,,,,fd121747cd990de038824758,ok,0.32,0.38,0.48,False,0.35,0.2593,2.7804e-05
greed_fear-000355,greed_fear,prisoners_dilemma,4.0,3.0,1.0,-3.0,abstract,A,self_interest,True,one_shot,,,unknown,3,defect,defect,0.3333333333333333,0.5,2.0,,,,dcda27911920ddf99e547ad6,ok,0.29,0.39,0.4575,False,0.43,0.2459,2.7804e-05
greed_fear-000356,greed_fear,prisoners_dilemma,4.0,3.0,1.0,-3.0,abstract,A,self_interest,True,one_shot,,,unknown,4,defect,defect,0.3333333333333333,0.5,2.0,,,,2b568f1235311bd5366fb8c1,ok,0.27,0.39,0.45,False,0.46,0.2368,2.7804e-05
greed_fear-000357,greed_fear,prisoners_dilemma,4.0,3.0,1.0,-3.0,abstract,A,self_interest,True,one_shot,,,unknown,5,defect,defect,0.3333333333333333,0.5,2.0,,,,a1dd91475a1c7fa97de0b778,ok,0.29,0.39,0.4725,False,0.42,0.235,2.7804e-05
greed_fear-000358,greed_fear,prisoners_dilemma,4.0,3.0,1.0,-3.0,abstract,B,self_interest,False,one_shot,,,unknown,0,defect,defect,0.3333333333333333,0.5,2.0,,,,f5612d906fc2e0431702bb93,ok,0.23,0.34,0.4175,False,0.54,0.2362,2.7804e-05
greed_fear-000359,greed_fear,prisoners_dilemma,4.0,3.0,1.0,-3.0,abstract,B,self_interest,False,one_shot,,,unknown,1,defect,defect,0.3333333333333333,0.5,2.0,,,,3ed28eebc59c1043f90306cb,ok,0.26,0.35,0.42,False,0.49,0.2831,2.7804e-05
greed_fear-000360,greed_fear,prisoners_dilemma,4.0,3.0,1.0,-3.0,abstract,B,self_interest,False,one_shot,,,unknown,2,defect,defect,0.3333333333333333,0.5,2.0,,,,f2d9e8b5733693ed29901896,ok,0.22,0.34,0.415,False,0.57,0.2292,2.7804e-05
greed_fear-000361,greed_fear,prisoners_dilemma,4.0,3.0,1.0,-3.0,abstract,B,self_interest,False,one_shot,,,unknown,3,defect,defect,0.3333333333333333,0.5,2.0,,,,1158c3cf03f3304f56bdc15a,ok,0.2,0.33,0.3925,False,0.59,0.2698,2.7804e-05
greed_fear-000362,greed_fear,prisoners_dilemma,4.0,3.0,1.0,-3.0,abstract,B,self_interest,False,one_shot,,,unknown,4,defect,defect,0.3333333333333333,0.5,2.0,,,,27872a9c3d1e06d1f04d8999,ok,0.22,0.34,0.42,False,0.56,0.2268,2.7804e-05
greed_fear-000363,greed_fear,prisoners_dilemma,4.0,3.0,1.0,-3.0,abstract,B,self_interest,False,one_shot,,,unknown,5,defect,defect,0.3333333333333333,0.5,2.0,,,,54334b0c969f9d92bc4cc35e,ok,0.24,0.34,0.405,False,0.53,0.2476,2.7804e-05
greed_fear-000364,greed_fear,prisoners_dilemma,4.0,3.0,1.0,-7.0,abstract,A,self_interest,True,one_shot,,,unknown,0,defect,defect,0.3333333333333333,0.5,4.0,,,,984015d2b9d0fa8af2bd759c,ok,0.25,0.39,0.43,False,0.49,0.3064,2.7804e-05
greed_fear-000365,greed_fear,prisoners_dilemma,4.0,3.0,1.0,-7.0,abstract,A,self_interest,True,one_shot,,,unknown,1,defect,defect,0.3333333333333333,0.5,4.0,,,,758ced1fdd03336fa7297c85,ok,0.31,0.4,0.4625,False,0.39,0.2697,2.7804e-05
greed_fear-000366,greed_fear,prisoners_dilemma,4.0,3.0,1.0,-7.0,abstract,A,self_interest,True,one_shot,,,unknown,2,defect,defect,0.3333333333333333,0.5,4.0,,,,418cbd2b348ffcb8c986bf6a,ok,0.27,0.38,0.445,False,0.45,0.2789,2.7804e-05
greed_fear-000367,greed_fear,prisoners_dilemma,4.0,3.0,1.0,-7.0,abstract,A,self_interest,True,one_shot,,,unknown,3,defect,defect,0.3333333333333333,0.5,4.0,,,,a8fdb45752d2b238bf24bd77,ok,0.33,0.42,0.4275,False,0.34,0.2364,2.7804e-05
greed_fear-000368,greed_fear,prisoners_dilemma,4.0,3.0,1.0,-7.0,abstract,A,self_interest,True,one_shot,,,unknown,4,defect,defect,0.3333333333333333,0.5,4.0,,,,aaa7ddc7de9c03c91a41e926,ok,0.29,0.4,0.445,False,0.43,0.2503,2.7804e-05
greed_fear-000369,greed_fear,prisoners_dilemma,4.0,3.0,1.0,-7.0,abstract,A,self_interest,True,one_shot,,,unknown,5,defect,defect,0.3333333333333333,0.5,4.0,,,,5410811d38bfc3e4b56d50df,ok,0.28,0.41,0.455,False,0.44,0.261,2.7804e-05
greed_fear-000370,greed_fear,prisoners_dilemma,4.0,3.0,1.0,-7.0,abstract,B,self_interest,False,one_shot,,,unknown,0,defect,defect,0.3333333333333333,0.5,4.0,,,,e91c108e1c867fbe275b3f37,ok,0.22,0.32,0.335,False,0.57,0.2741,2.7804e-05
greed_fear-000371,greed_fear,prisoners_dilemma,4.0,3.0,1.0,-7.0,abstract,B,self_interest,False,one_shot,,,unknown,1,defect,defect,0.3333333333333333,0.5,4.0,,,,3cbd71f36e948c8ab8a1df04,ok,0.25,0.35,0.3725,False,0.49,0.2847,2.7804e-05
greed_fear-000372,greed_fear,prisoners_dilemma,4.0,3.0,1.0,-7.0,abstract,B,self_interest,False,one_shot,,,unknown,2,defect,defect,0.3333333333333333,0.5,4.0,,,,17c37fb517299641d2428254,ok,0.21,0.33,0.3575,False,0.58,0.2402,2.7804e-05
greed_fear-000373,greed_fear,prisoners_dilemma,4.0,3.0,1.0,-7.0,abstract,B,self_interest,False,one_shot,,,unknown,3,defect,defect,0.3333333333333333,0.5,4.0,,,,878df265f40cfc2e9aa360e7,ok,0.25,0.36,0.3925,False,0.5,0.2522,2.7804e-05
greed_fear-000374,greed_fear,prisoners_dilemma,4.0,3.0,1.0,-7.0,abstract,B,self_interest,False,one_shot,,,unknown,4,defect,defect,0.3333333333333333,0.5,4.0,,,,767102a73810394d0c2711f1,ok,0.22,0.33,0.3825,False,0.56,0.2508,2.7804e-05
greed_fear-000375,greed_fear,prisoners_dilemma,4.0,3.0,1.0,-7.0,abstract,B,self_interest,False,one_shot,,,unknown,5,defect,defect,0.3333333333333333,0.5,4.0,,,,3f539985b79bdccd6839788d,ok,0.25,0.35,0.395,False,0.5,0.2645,2.7804e-05
greed_fear-000376,greed_fear,prisoners_dilemma,5.0,3.0,1.0,0.9,abstract,A,self_interest,True,one_shot,,,unknown,0,defect,defect,0.5,1.0,0.05,,,,2e1af0a41d226702034da218,ok,0.18,0.4,0.4625,False,0.64,0.3375,2.7888e-05
greed_fear-000377,greed_fear,prisoners_dilemma,5.0,3.0,1.0,0.9,abstract,A,self_interest,True,one_shot,,,unknown,1,defect,defect,0.5,1.0,0.05,,,,63db872a241ee2189feefd35,ok,0.2,0.41,0.47,False,0.59,0.2716,2.7888e-05
greed_fear-000378,greed_fear,prisoners_dilemma,5.0,3.0,1.0,0.9,abstract,A,self_interest,True,one_shot,,,unknown,2,defect,defect,0.5,1.0,0.05,,,,604699f6ce7f6855d4bbd9dc,ok,0.21,0.4,0.46,False,0.58,0.239,2.7888e-05
greed_fear-000379,greed_fear,prisoners_dilemma,5.0,3.0,1.0,0.9,abstract,A,self_interest,True,one_shot,,,unknown,3,defect,defect,0.5,1.0,0.05,,,,b2049f94a0cb91a197adbed1,ok,0.23,0.41,0.475,False,0.53,0.2539,2.7888e-05
greed_fear-000380,greed_fear,prisoners_dilemma,5.0,3.0,1.0,0.9,abstract,A,self_interest,True,one_shot,,,unknown,4,defect,defect,0.5,1.0,0.05,,,,9cc97554f00c07cc79e67e46,ok,0.24,0.41,0.465,False,0.52,0.3085,2.7888e-05
greed_fear-000381,greed_fear,prisoners_dilemma,5.0,3.0,1.0,0.9,abstract,A,self_interest,True,one_shot,,,unknown,5,defect,defect,0.5,1.0,0.05,,,,c1b38ea8a2156e2c324313dc,ok,0.24,0.41,0.4575,False,0.52,0.2275,2.7888e-05
greed_fear-000382,greed_fear,prisoners_dilemma,5.0,3.0,1.0,0.9,abstract,B,self_interest,False,one_shot,,,unknown,0,defect,defect,0.5,1.0,0.05,,,,c5196271301b6777f50ead98,ok,0.24,0.4,0.4675,False,0.52,0.2561,2.7888e-05
greed_fear-000383,greed_fear,prisoners_dilemma,5.0,3.0,1.0,0.9,abstract,B,self_interest,False,one_shot,,,unknown,1,defect,defect,0.5,1.0,0.05,,,,be37fe1e77dfe949ed7d5d36,ok,0.24,0.39,0.4575,False,0.51,0.2685,2.7888e-05
greed_fear-000384,greed_fear,prisoners_dilemma,5.0,3.0,1.0,0.9,abstract,B,self_interest,False,one_shot,,,unknown,2,defect,defect,0.5,1.0,0.05,,,,ccd675ce95352d3631383abf,ok,0.29,0.37,0.465,False,0.42,0.2608,2.7888e-05
greed_fear-000385,greed_fear,prisoners_dilemma,5.0,3.0,1.0,0.9,abstract,B,self_interest,False,one_shot,,,unknown,3,defect,defect,0.5,1.0,0.05,,,,259ba2cf1af12de7c7be16e3,ok,0.2,0.38,0.4375,False,0.6,0.2403,2.7888e-05
greed_fear-000386,greed_fear,prisoners_dilemma,5.0,3.0,1.0,0.9,abstract,B,self_interest,False,one_shot,,,unknown,4,defect,defect,0.5,1.0,0.05,,,,668030103a16c8f2fb91e032,ok,0.23,0.39,0.4475,False,0.55,0.2353,2.7888e-05
greed_fear-000387,greed_fear,prisoners_dilemma,5.0,3.0,1.0,0.9,abstract,B,self_interest,False,one_shot,,,unknown,5,defect,defect,0.5,1.0,0.05,,,,e64560d52e9dd9f0cd82c41a,ok,0.22,0.38,0.4575,False,0.55,0.2489,2.7888e-05
greed_fear-000388,greed_fear,prisoners_dilemma,5.0,3.0,1.0,0.5,abstract,A,self_interest,True,one_shot,,,unknown,0,defect,defect,0.5,1.0,0.25,,,,2483485f7118b6baf393fdb5,ok,0.27,0.42,0.47,False,0.46,0.2589,2.7888e-05
greed_fear-000389,greed_fear,prisoners_dilemma,5.0,3.0,1.0,0.5,abstract,A,self_interest,True,one_shot,,,unknown,1,defect,defect,0.5,1.0,0.25,,,,492ac2aeae68d12dd319f3c0,ok,0.2,0.41,0.4575,False,0.59,0.653,2.7888e-05
greed_fear-000390,greed_fear,prisoners_dilemma,5.0,3.0,1.0,0.5,abstract,A,self_interest,True,one_shot,,,unknown,2,defect,defect,0.5,1.0,0.25,,,,d21a97dea50edcc6bb9b51da,ok,0.23,0.42,0.475,False,0.54,0.2437,2.7888e-05
greed_fear-000391,greed_fear,prisoners_dilemma,5.0,3.0,1.0,0.5,abstract,A,self_interest,True,one_shot,,,unknown,3,defect,defect,0.5,1.0,0.25,,,,0e07901c520efec18e6cc32a,ok,0.22,0.41,0.4625,False,0.56,0.2553,2.7888e-05
greed_fear-000392,greed_fear,prisoners_dilemma,5.0,3.0,1.0,0.5,abstract,A,self_interest,True,one_shot,,,unknown,4,defect,defect,0.5,1.0,0.25,,,,050d8b0816ff4ed98db862c2,ok,0.24,0.41,0.4575,False,0.53,0.2466,2.7888e-05
greed_fear-000393,greed_fear,prisoners_dilemma,5.0,3.0,1.0,0.5,abstract,A,self_interest,True,one_shot,,,unknown,5,defect,defect,0.5,1.0,0.25,,,,31142cbb3c0e7942111500de,ok,0.26,0.43,0.485,False,0.48,0.2607,2.7888e-05
greed_fear-000394,greed_fear,prisoners_dilemma,5.0,3.0,1.0,0.5,abstract,B,self_interest,False,one_shot,,,unknown,0,defect,defect,0.5,1.0,0.25,,,,fec079b0ca825a3bfe3a8992,ok,0.21,0.37,0.435,False,0.59,0.2482,2.7888e-05
greed_fear-000395,greed_fear,prisoners_dilemma,5.0,3.0,1.0,0.5,abstract,B,self_interest,False,one_shot,,,unknown,1,defect,defect,0.5,1.0,0.25,,,,0023dd44fe9d4ce1aab6613c,ok,0.26,0.38,0.46,False,0.49,0.2493,2.7888e-05
greed_fear-000396,greed_fear,prisoners_dilemma,5.0,3.0,1.0,0.5,abstract,B,self_interest,False,one_shot,,,unknown,2,defect,defect,0.5,1.0,0.25,,,,94cbfb1f566cfc5046a60923,ok,0.21,0.37,0.4475,False,0.58,0.2723,2.7888e-05
greed_fear-000397,greed_fear,prisoners_dilemma,5.0,3.0,1.0,0.5,abstract,B,self_interest,False,one_shot,,,unknown,3,defect,defect,0.5,1.0,0.25,,,,24873e101534892755d9d336,ok,0.25,0.4,0.4575,False,0.5,0.2376,2.7888e-05
greed_fear-000398,greed_fear,prisoners_dilemma,5.0,3.0,1.0,0.5,abstract,B,self_interest,False,one_shot,,,unknown,4,defect,defect,0.5,1.0,0.25,,,,de2a962f6f4368ab7ab961ca,ok,0.24,0.39,0.45,False,0.52,0.2455,2.7888e-05
greed_fear-000399,greed_fear,prisoners_dilemma,5.0,3.0,1.0,0.5,abstract,B,self_interest,False,one_shot,,,unknown,5,defect,defect,0.5,1.0,0.25,,,,84372b377605c39994dd3bba,ok,0.23,0.39,0.4825,False,0.54,0.2319,2.7888e-05
greed_fear-000400,greed_fear,prisoners_dilemma,5.0,3.0,1.0,0.0,abstract,A,self_interest,True,one_shot,,,unknown,0,defect,defect,0.5,1.0,0.5,,,,c5083a014721cfd40a7ddba9,ok,0.24,0.41,0.48,False,0.52,0.2639,2.772e-05
greed_fear-000401,greed_fear,prisoners_dilemma,5.0,3.0,1.0,0.0,abstract,A,self_interest,True,one_shot,,,unknown,1,defect,defect,0.5,1.0,0.5,,,,0d106d30f26436366807b773,ok,0.22,0.42,0.465,False,0.56,0.2449,2.772e-05
greed_fear-000402,greed_fear,prisoners_dilemma,5.0,3.0,1.0,0.0,abstract,A,self_interest,True,one_shot,,,unknown,2,defect,defect,0.5,1.0,0.5,,,,b7a09cd845fd32e20bca5605,ok,0.22,0.41,0.4825,False,0.56,0.269,2.772e-05
greed_fear-000403,greed_fear,prisoners_dilemma,5.0,3.0,1.0,0.0,abstract,A,self_interest,True,one_shot,,,unknown,3,defect,defect,0.5,1.0,0.5,,,,d72e00d39b03068575632759,ok,0.25,0.41,0.48,False,0.5,0.3175,2.772e-05
greed_fear-000404,greed_fear,prisoners_dilemma,5.0,3.0,1.0,0.0,abstract,A,self_interest,True,one_shot,,,unknown,4,defect,defect,0.5,1.0,0.5,,,,35b1ff1afbba8b5ce9b7cbf2,ok,0.26,0.43,0.495,False,0.49,0.3272,2.772e-05
greed_fear-000405,greed_fear,prisoners_dilemma,5.0,3.0,1.0,0.0,abstract,A,self_interest,True,one_shot,,,unknown,5,defect,defect,0.5,1.0,0.5,,,,c51dd7bdb59b4fb0c1e48a45,ok,0.25,0.42,0.49,False,0.49,0.3017,2.772e-05
greed_fear-000406,greed_fear,prisoners_dilemma,5.0,3.0,1.0,0.0,abstract,B,self_interest,False,one_shot,,,unknown,0,defect,defect,0.5,1.0,0.5,,,,7cc608d6909a352a71e351ba,ok,0.25,0.38,0.4725,False,0.51,0.2428,2.772e-05
greed_fear-000407,greed_fear,prisoners_dilemma,5.0,3.0,1.0,0.0,abstract,B,self_interest,False,one_shot,,,unknown,1,defect,defect,0.5,1.0,0.5,,,,b7a615be0990e9db0e5cba5e,ok,0.25,0.38,0.47,False,0.5,0.2591,2.772e-05
greed_fear-000408,greed_fear,prisoners_dilemma,5.0,3.0,1.0,0.0,abstract,B,self_interest,False,one_shot,,,unknown,2,defect,defect,0.5,1.0,0.5,,,,68e1a0b8cc24bf04df7da500,ok,0.22,0.36,0.455,False,0.56,0.2446,2.772e-05
greed_fear-000409,greed_fear,prisoners_dilemma,5.0,3.0,1.0,0.0,abstract,B,self_interest,False,one_shot,,,unknown,3,defect,defect,0.5,1.0,0.5,,,,c34db4b83b7548f52eb9a77b,ok,0.2,0.37,0.4625,False,0.6,0.247,2.772e-05
greed_fear-000410,greed_fear,prisoners_dilemma,5.0,3.0,1.0,0.0,abstract,B,self_interest,False,one_shot,,,unknown,4,defect,defect,0.5,1.0,0.5,,,,47ace7cfca1369db61dc6ede,ok,0.24,0.39,0.475,False,0.52,0.2547,2.772e-05
greed_fear-000411,greed_fear,prisoners_dilemma,5.0,3.0,1.0,0.0,abstract,B,self_interest,False,one_shot,,,unknown,5,defect,defect,0.5,1.0,0.5,,,,94c654ab100b0d844e1ec0a1,ok,0.2,0.33,0.4375,False,0.59,0.2511,2.772e-05
greed_fear-000412,greed_fear,prisoners_dilemma,5.0,3.0,1.0,-1.0,abstract,A,self_interest,True,one_shot,,,unknown,0,defect,defect,0.5,1.0,1.0,,,,fa5be573c286a1f319fa9104,ok,0.22,0.37,0.47,False,0.57,0.2688,2.7804e-05
greed_fear-000413,greed_fear,prisoners_dilemma,5.0,3.0,1.0,-1.0,abstract,A,self_interest,True,one_shot,,,unknown,1,defect,defect,0.5,1.0,1.0,,,,7e544cc1d071fe6985c2f68b,ok,0.22,0.38,0.465,False,0.57,0.3021,2.7804e-05
greed_fear-000414,greed_fear,prisoners_dilemma,5.0,3.0,1.0,-1.0,abstract,A,self_interest,True,one_shot,,,unknown,2,defect,defect,0.5,1.0,1.0,,,,280cf665bb976f870100a4bb,ok,0.2,0.38,0.45,False,0.61,0.2781,2.7804e-05
greed_fear-000415,greed_fear,prisoners_dilemma,5.0,3.0,1.0,-1.0,abstract,A,self_interest,True,one_shot,,,unknown,3,defect,defect,0.5,1.0,1.0,,,,f67f623dbd7721c90429d19b,ok,0.25,0.37,0.445,False,0.5,0.2401,2.7804e-05
greed_fear-000416,greed_fear,prisoners_dilemma,5.0,3.0,1.0,-1.0,abstract,A,self_interest,True,one_shot,,,unknown,4,defect,defect,0.5,1.0,1.0,,,,435fea6d45e8d062ec443808,ok,0.21,0.37,0.45,False,0.57,0.2382,2.7804e-05
greed_fear-000417,greed_fear,prisoners_dilemma,5.0,3.0,1.0,-1.0,abstract,A,self_interest,True,one_shot,,,unknown,5,defect,defect,0.5,1.0,1.0,,,,d028c13e14acbc028e439fc3,ok,0.2,0.37,0.45,False,0.61,0.2375,2.7804e-05
greed_fear-000418,greed_fear,prisoners_dilemma,5.0,3.0,1.0,-1.0,abstract,B,self_interest,False,one_shot,,,unknown,0,defect,defect,0.5,1.0,1.0,,,,308d9b9062542d40eac8e7ce,ok,0.16,0.34,0.3925,False,0.68,0.2576,2.7804e-05
greed_fear-000419,greed_fear,prisoners_dilemma,5.0,3.0,1.0,-1.0,abstract,B,self_interest,False,one_shot,,,unknown,1,defect,defect,0.5,1.0,1.0,,,,7c1684f79a16637ee2c9f1e7,ok,0.17,0.34,0.41,False,0.65,0.2347,2.7804e-05
greed_fear-000420,greed_fear,prisoners_dilemma,5.0,3.0,1.0,-1.0,abstract,B,self_interest,False,one_shot,,,unknown,2,defect,defect,0.5,1.0,1.0,,,,4d9cc8d0e0b5654b3effdfd0,ok,0.18,0.33,0.425,False,0.64,0.2518,2.7804e-05
greed_fear-000421,greed_fear,prisoners_dilemma,5.0,3.0,1.0,-1.0,abstract,B,self_interest,False,one_shot,,,unknown,3,defect,defect,0.5,1.0,1.0,,,,941a4278a15a078cbd87f5b7,ok,0.17,0.35,0.4225,False,0.67,0.2391,2.7804e-05
greed_fear-000422,greed_fear,prisoners_dilemma,5.0,3.0,1.0,-1.0,abstract,B,self_interest,False,one_shot,,,unknown,4,defect,defect,0.5,1.0,1.0,,,,35adc1c861e142eccf271ae3,ok,0.17,0.36,0.42,False,0.67,0.2498,2.7804e-05
greed_fear-000423,greed_fear,prisoners_dilemma,5.0,3.0,1.0,-1.0,abstract,B,self_interest,False,one_shot,,,unknown,5,defect,defect,0.5,1.0,1.0,,,,4ebbb3f26cf7df77f059a47d,ok,0.17,0.34,0.3975,False,0.66,0.253,2.7804e-05
greed_fear-000424,greed_fear,prisoners_dilemma,5.0,3.0,1.0,-3.0,abstract,A,self_interest,True,one_shot,,,unknown,0,defect,defect,0.5,1.0,2.0,,,,4661418ed5f872af8e4e80e8,ok,0.22,0.35,0.415,False,0.55,0.2562,2.7804e-05
greed_fear-000425,greed_fear,prisoners_dilemma,5.0,3.0,1.0,-3.0,abstract,A,self_interest,True,one_shot,,,unknown,1,defect,defect,0.5,1.0,2.0,,,,517bb9b0f4129467d36bbd99,ok,0.22,0.35,0.4175,False,0.56,0.2635,2.7804e-05
greed_fear-000426,greed_fear,prisoners_dilemma,5.0,3.0,1.0,-3.0,abstract,A,self_interest,True,one_shot,,,unknown,2,defect,defect,0.5,1.0,2.0,,,,722432ba676bfc8020d34dd3,ok,0.21,0.35,0.4225,False,0.57,0.244,2.7804e-05
greed_fear-000427,greed_fear,prisoners_dilemma,5.0,3.0,1.0,-3.0,abstract,A,self_interest,True,one_shot,,,unknown,3,defect,defect,0.5,1.0,2.0,,,,a8770109c3aacafc07c1cf1b,ok,0.24,0.35,0.4325,False,0.52,0.2584,2.7804e-05
greed_fear-000428,greed_fear,prisoners_dilemma,5.0,3.0,1.0,-3.0,abstract,A,self_interest,True,one_shot,,,unknown,4,defect,defect,0.5,1.0,2.0,,,,caa344b431ac71ee44d54848,ok,0.27,0.37,0.46,False,0.45,0.3412,2.7804e-05
greed_fear-000429,greed_fear,prisoners_dilemma,5.0,3.0,1.0,-3.0,abstract,A,self_interest,True,one_shot,,,unknown,5,defect,defect,0.5,1.0,2.0,,,,c6baddab6944f7401b97e529,ok,0.25,0.35,0.45,False,0.5,0.2625,2.7804e-05
greed_fear-000430,greed_fear,prisoners_dilemma,5.0,3.0,1.0,-3.0,abstract,B,self_interest,False,one_shot,,,unknown,0,defect,defect,0.5,1.0,2.0,,,,b70c771b8caa18c85f478ed0,ok,0.17,0.32,0.3925,False,0.67,0.2723,2.7804e-05
greed_fear-000431,greed_fear,prisoners_dilemma,5.0,3.0,1.0,-3.0,abstract,B,self_interest,False,one_shot,,,unknown,1,defect,defect,0.5,1.0,2.0,,,,bb50106879a4aefeb66297fa,ok,0.16,0.32,0.375,False,0.69,0.2269,2.7804e-05
greed_fear-000432,greed_fear,prisoners_dilemma,5.0,3.0,1.0,-3.0,abstract,B,self_interest,False,one_shot,,,unknown,2,defect,defect,0.5,1.0,2.0,,,,24b479a93314f4dadb09b536,ok,0.14,0.31,0.3675,False,0.72,0.2392,2.7804e-05
greed_fear-000433,greed_fear,prisoners_dilemma,5.0,3.0,1.0,-3.0,abstract,B,self_interest,False,one_shot,,,unknown,3,defect,defect,0.5,1.0,2.0,,,,f6584c89ec017a4c4ef4d81a,ok,0.19,0.33,0.405,False,0.63,0.2881,2.7804e-05
greed_fear-000434,greed_fear,prisoners_dilemma,5.0,3.0,1.0,-3.0,abstract,B,self_interest,False,one_shot,,,unknown,4,defect,defect,0.5,1.0,2.0,,,,ee42f18f2f4fe9a82f294693,ok,0.19,0.32,0.385,False,0.63,0.2843,2.7804e-05
greed_fear-000435,greed_fear,prisoners_dilemma,5.0,3.0,1.0,-3.0,abstract,B,self_interest,False,one_shot,,,unknown,5,defect,defect,0.5,1.0,2.0,,,,33727588112d2bb607c270ea,ok,0.16,0.31,0.4125,False,0.67,0.2367,2.7804e-05
greed_fear-000436,greed_fear,prisoners_dilemma,5.0,3.0,1.0,-7.0,abstract,A,self_interest,True,one_shot,,,unknown,0,defect,defect,0.5,1.0,4.0,,,,bb827a0da615ab0011c001b7,ok,0.29,0.38,0.4275,False,0.42,0.2603,2.7804e-05
greed_fear-000437,greed_fear,prisoners_dilemma,5.0,3.0,1.0,-7.0,abstract,A,self_interest,True,one_shot,,,unknown,1,defect,defect,0.5,1.0,4.0,,,,cf0fbcf0f1261649f035c081,ok,0.27,0.38,0.4325,False,0.47,0.257,2.7804e-05
greed_fear-000438,greed_fear,prisoners_dilemma,5.0,3.0,1.0,-7.0,abstract,A,self_interest,True,one_shot,,,unknown,2,defect,defect,0.5,1.0,4.0,,,,0763f71c527bdb660e42d71c,ok,0.29,0.4,0.44,False,0.42,0.2809,2.7804e-05
greed_fear-000439,greed_fear,prisoners_dilemma,5.0,3.0,1.0,-7.0,abstract,A,self_interest,True,one_shot,,,unknown,3,defect,defect,0.5,1.0,4.0,,,,a8fda62c33349072f31db8ea,ok,0.3,0.36,0.445,False,0.4,0.2428,2.7804e-05
greed_fear-000440,greed_fear,prisoners_dilemma,5.0,3.0,1.0,-7.0,abstract,A,self_interest,True,one_shot,,,unknown,4,defect,defect,0.5,1.0,4.0,,,,d7ec1bd62e2e3812bcb5a799,ok,0.27,0.39,0.45,False,0.46,0.2366,2.7804e-05
greed_fear-000441,greed_fear,prisoners_dilemma,5.0,3.0,1.0,-7.0,abstract,A,self_interest,True,one_shot,,,unknown,5,defect,defect,0.5,1.0,4.0,,,,536bce084357390c0bd24365,ok,0.28,0.37,0.4275,False,0.44,0.2539,2.7804e-05
greed_fear-000442,greed_fear,prisoners_dilemma,5.0,3.0,1.0,-7.0,abstract,B,self_interest,False,one_shot,,,unknown,0,defect,defect,0.5,1.0,4.0,,,,e8093d445ae268fa2c93f3a1,ok,0.15,0.31,0.365,False,0.69,0.237,2.7804e-05
greed_fear-000443,greed_fear,prisoners_dilemma,5.0,3.0,1.0,-7.0,abstract,B,self_interest,False,one_shot,,,unknown,1,defect,defect,0.5,1.0,4.0,,,,fc7bdce802d547ade634b1e5,ok,0.19,0.3,0.3725,False,0.62,0.2965,2.7804e-05
greed_fear-000444,greed_fear,prisoners_dilemma,5.0,3.0,1.0,-7.0,abstract,B,self_interest,False,one_shot,,,unknown,2,defect,defect,0.5,1.0,4.0,,,,2a5c0995ed19220146993660,ok,0.17,0.31,0.3525,False,0.66,0.2441,2.7804e-05
greed_fear-000445,greed_fear,prisoners_dilemma,5.0,3.0,1.0,-7.0,abstract,B,self_interest,False,one_shot,,,unknown,3,defect,defect,0.5,1.0,4.0,,,,a36d6788a1d557b5126f231b,ok,0.19,0.31,0.3775,False,0.63,0.328,2.7804e-05
greed_fear-000446,greed_fear,prisoners_dilemma,5.0,3.0,1.0,-7.0,abstract,B,self_interest,False,one_shot,,,unknown,4,defect,defect,0.5,1.0,4.0,,,,844dc56babf7fefda2235e3c,ok,0.21,0.32,0.3875,False,0.57,0.2502,2.7804e-05
greed_fear-000447,greed_fear,prisoners_dilemma,5.0,3.0,1.0,-7.0,abstract,B,self_interest,False,one_shot,,,unknown,5,defect,defect,0.5,1.0,4.0,,,,c958d8c3f3811702121c219f,ok,0.2,0.31,0.355,False,0.61,0.2642,2.7804e-05
greed_fear-000448,greed_fear,prisoners_dilemma,7.0,3.0,1.0,0.9,abstract,A,self_interest,True,one_shot,,,unknown,0,defect,defect,0.6666666666666666,2.0,0.05,,,,186d1b12b50b69aee1d026a2,ok,0.25,0.41,0.4675,False,0.51,0.2448,2.7888e-05
greed_fear-000449,greed_fear,prisoners_dilemma,7.0,3.0,1.0,0.9,abstract,A,self_interest,True,one_shot,,,unknown,1,defect,defect,0.6666666666666666,2.0,0.05,,,,1e7970d482d24802022ddcfa,ok,0.23,0.39,0.44,False,0.54,0.2443,2.7888e-05
greed_fear-000450,greed_fear,prisoners_dilemma,7.0,3.0,1.0,0.9,abstract,A,self_interest,True,one_shot,,,unknown,2,defect,defect,0.6666666666666666,2.0,0.05,,,,d1cf7d127c45533e33f76c8c,ok,0.21,0.4,0.4525,False,0.57,0.3019,2.7888e-05
greed_fear-000451,greed_fear,prisoners_dilemma,7.0,3.0,1.0,0.9,abstract,A,self_interest,True,one_shot,,,unknown,3,defect,defect,0.6666666666666666,2.0,0.05,,,,735470fee408ceb83486a741,ok,0.22,0.41,0.4475,False,0.56,0.2641,2.7888e-05
greed_fear-000452,greed_fear,prisoners_dilemma,7.0,3.0,1.0,0.9,abstract,A,self_interest,True,one_shot,,,unknown,4,defect,defect,0.6666666666666666,2.0,0.05,,,,4decc05c2ee69e777a0b2981,ok,0.2,0.39,0.4525,False,0.6,0.2606,2.7888e-05
greed_fear-000453,greed_fear,prisoners_dilemma,7.0,3.0,1.0,0.9,abstract,A,self_interest,True,one_shot,,,unknown,5,defect,defect,0.6666666666666666,2.0,0.05,,,,cd98681f377010e11d084272,ok,0.23,0.4,0.4525,False,0.53,0.2426,2.7888e-05
greed_fear-000454,greed_fear,prisoners_dilemma,7.0,3.0,1.0,0.9,abstract,B,self_interest,False,one_shot,,,unknown,0,defect,defect,0.6666666666666666,2.0,0.05,,,,3f2620ded7a24ffca19dd95f,ok,0.23,0.39,0.4425,False,0.55,0.6758,2.7888e-05
greed_fear-000455,greed_fear,prisoners_dilemma,7.0,3.0,1.0,0.9,abstract,B,self_interest,False,one_shot,,,unknown,1,defect,defect,0.6666666666666666,2.0,0.05,,,,b79708f0e465c3d127939904,ok,0.22,0.37,0.44,False,0.56,0.6326,2.7888e-05
greed_fear-000456,greed_fear,prisoners_dilemma,7.0,3.0,1.0,0.9,abstract,B,self_interest,False,one_shot,,,unknown,2,defect,defect,0.6666666666666666,2.0,0.05,,,,c2a2724930881bcefc395a8f,ok,0.24,0.37,0.4325,False,0.53,0.2501,2.7888e-05
greed_fear-000457,greed_fear,prisoners_dilemma,7.0,3.0,1.0,0.9,abstract,B,self_interest,False,one_shot,,,unknown,3,defect,defect,0.6666666666666666,2.0,0.05,,,,6f54aee9ff5bc19da3da0195,ok,0.26,0.37,0.4525,False,0.49,0.2485,2.7888e-05
greed_fear-000458,greed_fear,prisoners_dilemma,7.0,3.0,1.0,0.9,abstract,B,self_interest,False,one_shot,,,unknown,4,defect,defect,0.6666666666666666,2.0,0.05,,,,41c7f01ce184d7edea76fae0,ok,0.26,0.37,0.44,False,0.49,0.2517,2.7888e-05
greed_fear-000459,greed_fear,prisoners_dilemma,7.0,3.0,1.0,0.9,abstract,B,self_interest,False,one_shot,,,unknown,5,defect,defect,0.6666666666666666,2.0,0.05,,,,80b2b0d1b314296ad515af90,ok,0.21,0.38,0.435,False,0.58,0.244,2.7888e-05
greed_fear-000460,greed_fear,prisoners_dilemma,7.0,3.0,1.0,0.5,abstract,A,self_interest,True,one_shot,,,unknown,0,defect,defect,0.6666666666666666,2.0,0.25,,,,faed3a3536d69eab7b4add19,ok,0.23,0.4,0.455,False,0.54,0.2669,2.7888e-05
greed_fear-000461,greed_fear,prisoners_dilemma,7.0,3.0,1.0,0.5,abstract,A,self_interest,True,one_shot,,,unknown,1,defect,defect,0.6666666666666666,2.0,0.25,,,,9434f7cc9bbef1b7af5f5cb1,ok,0.25,0.42,0.4575,False,0.51,0.2553,2.7888e-05
greed_fear-000462,greed_fear,prisoners_dilemma,7.0,3.0,1.0,0.5,abstract,A,self_interest,True,one_shot,,,unknown,2,defect,defect,0.6666666666666666,2.0,0.25,,,,02676bad307443ed06261e08,ok,0.22,0.42,0.465,False,0.57,0.2383,2.7888e-05
greed_fear-000463,greed_fear,prisoners_dilemma,7.0,3.0,1.0,0.5,abstract,A,self_interest,True,one_shot,,,unknown,3,defect,defect,0.6666666666666666,2.0,0.25,,,,61006196435e89d7f32a0a1a,ok,0.23,0.42,0.4625,False,0.54,0.268,2.7888e-05
greed_fear-000464,greed_fear,prisoners_dilemma,7.0,3.0,1.0,0.5,abstract,A,self_interest,True,one_shot,,,unknown,4,defect,defect,0.6666666666666666,2.0,0.25,,,,0ec2ac72c11bb9e02f50590e,ok,0.24,0.4,0.4725,False,0.52,0.2504,2.7888e-05
greed_fear-000465,greed_fear,prisoners_dilemma,7.0,3.0,1.0,0.5,abstract,A,self_interest,True,one_shot,,,unknown,5,defect,defect,0.6666666666666666,2.0,0.25,,,,0f955ccacd62ff26d1263ad7,ok,0.23,0.4,0.47,False,0.54,0.3095,2.7888e-05
greed_fear-000466,greed_fear,prisoners_dilemma,7.0,3.0,1.0,0.5,abstract,B,self_interest,False,one_shot,,,unknown,0,defect,defect,0.6666666666666666,2.0,0.25,,,,f65359716250746cf8f5aa30,ok,0.23,0.36,0.435,False,0.54,0.4032,2.7888e-05
greed_fear-000467,greed_fear,prisoners_dilemma,7.0,3.0,1.0,0.5,abstract,B,self_interest,False,one_shot,,,unknown,1,defect,defect,0.6666666666666666,2.0,0.25,,,,9a7f1ad895c19591b97b3e17,ok,0.21,0.37,0.435,False,0.58,0.2577,2.7888e-05
greed_fear-000468,greed_fear,prisoners_dilemma,7.0,3.0,1.0,0.5,abstract,B,self_interest,False,one_shot,,,unknown,2,defect,defect,0.6666666666666666,2.0,0.25,,,,ade7775b81055b7dec32a118,ok,0.21,0.4,0.4525,False,0.58,0.2798,2.7888e-05
greed_fear-000469,greed_fear,prisoners_dilemma,7.0,3.0,1.0,0.5,abstract,B,self_interest,False,one_shot,,,unknown,3,defect,defect,0.6666666666666666,2.0,0.25,,,,f0ff407aaf5eee6857de6591,ok,0.21,0.37,0.4175,False,0.59,0.2391,2.7888e-05
greed_fear-000470,greed_fear,prisoners_dilemma,7.0,3.0,1.0,0.5,abstract,B,self_interest,False,one_shot,,,unknown,4,defect,defect,0.6666666666666666,2.0,0.25,,,,ff14fa86083d995bdd8ff72f,ok,0.27,0.38,0.425,False,0.46,0.2738,2.7888e-05
greed_fear-000471,greed_fear,prisoners_dilemma,7.0,3.0,1.0,0.5,abstract,B,self_interest,False,one_shot,,,unknown,5,defect,defect,0.6666666666666666,2.0,0.25,,,,5dbdf0b34f0bfa5b3e107579,ok,0.22,0.38,0.4275,False,0.57,0.232,2.7888e-05
greed_fear-000472,greed_fear,prisoners_dilemma,7.0,3.0,1.0,0.0,abstract,A,self_interest,True,one_shot,,,unknown,0,defect,defect,0.6666666666666666,2.0,0.5,,,,6289b77ac428c5f8de4b34b4,ok,0.24,0.41,0.495,False,0.53,0.2893,2.772e-05
greed_fear-000473,greed_fear,prisoners_dilemma,7.0,3.0,1.0,0.0,abstract,A,self_interest,True,one_shot,,,unknown,1,defect,defect,0.6666666666666666,2.0,0.5,,,,531509562eefd2ee8b91f232,ok,0.21,0.4,0.4675,False,0.58,0.2793,2.772e-05
greed_fear-000474,greed_fear,prisoners_dilemma,7.0,3.0,1.0,0.0,abstract,A,self_interest,True,one_shot,,,unknown,2,defect,defect,0.6666666666666666,2.0,0.5,,,,6c3fb0421ce96ca9173e24ec,ok,0.28,0.42,0.48,False,0.43,0.2434,2.772e-05
greed_fear-000475,greed_fear,prisoners_dilemma,7.0,3.0,1.0,0.0,abstract,A,self_interest,True,one_shot,,,unknown,3,defect,defect,0.6666666666666666,2.0,0.5,,,,d5ca30ca4b6928b4cee6f238,ok,0.22,0.4,0.475,False,0.56,0.283,2.772e-05
greed_fear-000476,greed_fear,prisoners_dilemma,7.0,3.0,1.0,0.0,abstract,A,self_interest,True,one_shot,,,unknown,4,defect,defect,0.6666666666666666,2.0,0.5,,,,ec290433d20d284e40f49501,ok,0.25,0.41,0.4825,False,0.51,0.2724,2.772e-05
greed_fear-000477,greed_fear,prisoners_dilemma,7.0,3.0,1.0,0.0,abstract,A,self_interest,True,one_shot,,,unknown,5,defect,defect,0.6666666666666666,2.0,0.5,,,,a6155433a11bdec574edf1fe,ok,0.25,0.4,0.4825,False,0.51,0.2527,2.772e-05
greed_fear-000478,greed_fear,prisoners_dilemma,7.0,3.0,1.0,0.0,abstract,B,self_interest,False,one_shot,,,unknown,0,defect,defect,0.6666666666666666,2.0,0.5,,,,abe5a14aaa765ab424a4521a,ok,0.24,0.35,0.4425,False,0.53,0.2738,2.772e-05
greed_fear-000479,greed_fear,prisoners_dilemma,7.0,3.0,1.0,0.0,abstract,B,self_interest,False,one_shot,,,unknown,1,defect,defect,0.6666666666666666,2.0,0.5,,,,a0bcd74c9a2d3f382d6ddb6d,ok,0.23,0.35,0.4475,False,0.53,0.2814,2.772e-05
greed_fear-000480,greed_fear,prisoners_dilemma,7.0,3.0,1.0,0.0,abstract,B,self_interest,False,one_shot,,,unknown,2,defect,defect,0.6666666666666666,2.0,0.5,,,,be5207a098d92e649e2fa7c2,ok,0.27,0.36,0.435,False,0.46,0.2589,2.772e-05
greed_fear-000481,greed_fear,prisoners_dilemma,7.0,3.0,1.0,0.0,abstract,B,self_interest,False,one_shot,,,unknown,3,defect,defect,0.6666666666666666,2.0,0.5,,,,99dabd5240246d3a99b00923,ok,0.23,0.36,0.425,False,0.55,0.272,2.772e-05
greed_fear-000482,greed_fear,prisoners_dilemma,7.0,3.0,1.0,0.0,abstract,B,self_interest,False,one_shot,,,unknown,4,defect,defect,0.6666666666666666,2.0,0.5,,,,17ae3e4cb3c0668873fff1ec,ok,0.24,0.38,0.44,False,0.53,0.2438,2.772e-05
greed_fear-000483,greed_fear,prisoners_dilemma,7.0,3.0,1.0,0.0,abstract,B,self_interest,False,one_shot,,,unknown,5,defect,defect,0.6666666666666666,2.0,0.5,,,,b147726b3f8b4ba0866723ea,ok,0.21,0.34,0.44,False,0.58,0.2695,2.772e-05
greed_fear-000484,greed_fear,prisoners_dilemma,7.0,3.0,1.0,-1.0,abstract,A,self_interest,True,one_shot,,,unknown,0,defect,defect,0.6666666666666666,2.0,1.0,,,,c4b9ba00e64a86c7158bec31,ok,0.2,0.36,0.45,False,0.61,0.2529,2.7804e-05
greed_fear-000485,greed_fear,prisoners_dilemma,7.0,3.0,1.0,-1.0,abstract,A,self_interest,True,one_shot,,,unknown,1,defect,defect,0.6666666666666666,2.0,1.0,,,,aeccff39a2a36589110233b9,ok,0.19,0.38,0.43,False,0.62,0.2868,2.7804e-05
greed_fear-000486,greed_fear,prisoners_dilemma,7.0,3.0,1.0,-1.0,abstract,A,self_interest,True,one_shot,,,unknown,2,defect,defect,0.6666666666666666,2.0,1.0,,,,ae0cc15e6eab19d41542c36a,ok,0.18,0.35,0.4425,False,0.65,0.2594,2.7804e-05
greed_fear-000487,greed_fear,prisoners_dilemma,7.0,3.0,1.0,-1.0,abstract,A,self_interest,True,one_shot,,,unknown,3,defect,defect,0.6666666666666666,2.0,1.0,,,,f4f60c23cbd628457c13ccf3,ok,0.22,0.37,0.4475,False,0.57,0.2446,2.7804e-05
greed_fear-000488,greed_fear,prisoners_dilemma,7.0,3.0,1.0,-1.0,abstract,A,self_interest,True,one_shot,,,unknown,4,defect,defect,0.6666666666666666,2.0,1.0,,,,beb7f532f31402f2348ca3c2,ok,0.21,0.37,0.455,False,0.57,0.2728,2.7804e-05
greed_fear-000489,greed_fear,prisoners_dilemma,7.0,3.0,1.0,-1.0,abstract,A,self_interest,True,one_shot,,,unknown,5,defect,defect,0.6666666666666666,2.0,1.0,,,,2d935a0e28adc3d4c79aabcf,ok,0.23,0.36,0.4475,False,0.54,0.2845,2.7804e-05
greed_fear-000490,greed_fear,prisoners_dilemma,7.0,3.0,1.0,-1.0,abstract,B,self_interest,False,one_shot,,,unknown,0,defect,defect,0.6666666666666666,2.0,1.0,,,,f19069ec3af67b9a8335e56d,ok,0.21,0.33,0.4225,False,0.59,0.2356,2.7804e-05
greed_fear-000491,greed_fear,prisoners_dilemma,7.0,3.0,1.0,-1.0,abstract,B,self_interest,False,one_shot,,,unknown,1,defect,defect,0.6666666666666666,2.0,1.0,,,,d1a2be542f3f9d5d495686e1,ok,0.22,0.33,0.42,False,0.57,0.2896,2.7804e-05
greed_fear-000492,greed_fear,prisoners_dilemma,7.0,3.0,1.0,-1.0,abstract,B,self_interest,False,one_shot,,,unknown,2,defect,defect,0.6666666666666666,2.0,1.0,,,,ddbddca7d43ed55715ce3290,ok,0.22,0.33,0.4225,False,0.57,0.268,2.7804e-05
greed_fear-000493,greed_fear,prisoners_dilemma,7.0,3.0,1.0,-1.0,abstract,B,self_interest,False,one_shot,,,unknown,3,defect,defect,0.6666666666666666,2.0,1.0,,,,811f693203b502165d8e8737,ok,0.2,0.33,0.4125,False,0.6,0.2844,2.7804e-05
greed_fear-000494,greed_fear,prisoners_dilemma,7.0,3.0,1.0,-1.0,abstract,B,self_interest,False,one_shot,,,unknown,4,defect,defect,0.6666666666666666,2.0,1.0,,,,9b4a02e33869b1415338ccb2,ok,0.19,0.33,0.415,False,0.63,0.357,2.7804e-05
greed_fear-000495,greed_fear,prisoners_dilemma,7.0,3.0,1.0,-1.0,abstract,B,self_interest,False,one_shot,,,unknown,5,defect,defect,0.6666666666666666,2.0,1.0,,,,1d2746271a7dcb425b300277,ok,0.22,0.34,0.435,False,0.56,0.2569,2.7804e-05
greed_fear-000496,greed_fear,prisoners_dilemma,7.0,3.0,1.0,-3.0,abstract,A,self_interest,True,one_shot,,,unknown,0,defect,defect,0.6666666666666666,2.0,2.0,,,,0dbbca8949720cd579dbf6ec,ok,0.26,0.37,0.4575,False,0.47,0.2625,2.7804e-05
greed_fear-000497,greed_fear,prisoners_dilemma,7.0,3.0,1.0,-3.0,abstract,A,self_interest,True,one_shot,,,unknown,1,defect,defect,0.6666666666666666,2.0,2.0,,,,9d6e86ea43f01b9c672f5cd6,ok,0.22,0.36,0.435,False,0.56,0.2545,2.7804e-05
greed_fear-000498,greed_fear,prisoners_dilemma,7.0,3.0,1.0,-3.0,abstract,A,self_interest,True,one_shot,,,unknown,2,defect,defect,0.6666666666666666,2.0,2.0,,,,4b124b6a363eb1022626a5c2,ok,0.23,0.35,0.4475,False,0.53,0.25,2.7804e-05
greed_fear-000499,greed_fear,prisoners_dilemma,7.0,3.0,1.0,-3.0,abstract,A,self_interest,True,one_shot,,,unknown,3,defect,defect,0.6666666666666666,2.0,2.0,,,,b791fc169715cd1af9513316,ok,0.24,0.35,0.425,False,0.52,0.2408,2.7804e-05
greed_fear-000500,greed_fear,prisoners_dilemma,7.0,3.0,1.0,-3.0,abstract,A,self_interest,True,one_shot,,,unknown,4,defect,defect,0.6666666666666666,2.0,2.0,,,,f6badedb4ed33d04096466e2,ok,0.23,0.34,0.4425,False,0.55,0.2396,2.7804e-05
greed_fear-000501,greed_fear,prisoners_dilemma,7.0,3.0,1.0,-3.0,abstract,A,self_interest,True,one_shot,,,unknown,5,defect,defect,0.6666666666666666,2.0,2.0,,,,1f3fcd40fdb2146e07df05b1,ok,0.24,0.35,0.4475,False,0.51,0.2338,2.7804e-05
greed_fear-000502,greed_fear,prisoners_dilemma,7.0,3.0,1.0,-3.0,abstract,B,self_interest,False,one_shot,,,unknown,0,defect,defect,0.6666666666666666,2.0,2.0,,,,c693b1d397fe43e92c88e49f,ok,0.17,0.31,0.3875,False,0.67,0.2331,2.7804e-05
greed_fear-000503,greed_fear,prisoners_dilemma,7.0,3.0,1.0,-3.0,abstract,B,self_interest,False,one_shot,,,unknown,1,defect,defect,0.6666666666666666,2.0,2.0,,,,b3f37ff99260ed8895654084,ok,0.18,0.33,0.4075,False,0.65,0.244,2.7804e-05
greed_fear-000504,greed_fear,prisoners_dilemma,7.0,3.0,1.0,-3.0,abstract,B,self_interest,False,one_shot,,,unknown,2,defect,defect,0.6666666666666666,2.0,2.0,,,,2f6e6ad3c14a21c2732fb06d,ok,0.18,0.31,0.3975,False,0.63,0.2317,2.7804e-05
greed_fear-000505,greed_fear,prisoners_dilemma,7.0,3.0,1.0,-3.0,abstract,B,self_interest,False,one_shot,,,unknown,3,defect,defect,0.6666666666666666,2.0,2.0,,,,12e1b81f72b8b0d642fb65f3,ok,0.16,0.3,0.39,False,0.68,0.3012,2.7804e-05
greed_fear-000506,greed_fear,prisoners_dilemma,7.0,3.0,1.0,-3.0,abstract,B,self_interest,False,one_shot,,,unknown,4,defect,defect,0.6666666666666666,2.0,2.0,,,,a040eeeeafd97bd3a5eb1176,ok,0.18,0.32,0.3975,False,0.65,0.2588,2.7804e-05
greed_fear-000507,greed_fear,prisoners_dilemma,7.0,3.0,1.0,-3.0,abstract,B,self_interest,False,one_shot,,,unknown,5,defect,defect,0.6666666666666666,2.0,2.0,,,,3f8dc3aa37b655d9532dea2e,ok,0.23,0.31,0.41,False,0.54,0.2584,2.7804e-05
greed_fear-000508,greed_fear,prisoners_dilemma,7.0,3.0,1.0,-7.0,abstract,A,self_interest,True,one_shot,,,unknown,0,defect,defect,0.6666666666666666,2.0,4.0,,,,4ece155cd64c9698b1cc4c93,ok,0.29,0.38,0.435,False,0.42,0.2803,2.7804e-05
greed_fear-000509,greed_fear,prisoners_dilemma,7.0,3.0,1.0,-7.0,abstract,A,self_interest,True,one_shot,,,unknown,1,defect,defect,0.6666666666666666,2.0,4.0,,,,e07c6797fe7ad44323f238aa,ok,0.26,0.37,0.445,False,0.48,0.2479,2.7804e-05
greed_fear-000510,greed_fear,prisoners_dilemma,7.0,3.0,1.0,-7.0,abstract,A,self_interest,True,one_shot,,,unknown,2,defect,defect,0.6666666666666666,2.0,4.0,,,,e4e961939f1093a47cc3a2e8,ok,0.3,0.38,0.4475,False,0.41,0.2726,2.7804e-05
greed_fear-000511,greed_fear,prisoners_dilemma,7.0,3.0,1.0,-7.0,abstract,A,self_interest,True,one_shot,,,unknown,3,defect,defect,0.6666666666666666,2.0,4.0,,,,3879f286d098defd6a9a02db,ok,0.29,0.37,0.4425,False,0.41,0.2618,2.7804e-05
greed_fear-000512,greed_fear,prisoners_dilemma,7.0,3.0,1.0,-7.0,abstract,A,self_interest,True,one_shot,,,unknown,4,defect,defect,0.6666666666666666,2.0,4.0,,,,60372822a4448c0ec5b267ab,ok,0.29,0.38,0.435,False,0.41,0.2982,2.7804e-05
greed_fear-000513,greed_fear,prisoners_dilemma,7.0,3.0,1.0,-7.0,abstract,A,self_interest,True,one_shot,,,unknown,5,defect,defect,0.6666666666666666,2.0,4.0,,,,6e302293779c3fa3258dad4d,ok,0.28,0.37,0.4425,False,0.44,0.2865,2.7804e-05
greed_fear-000514,greed_fear,prisoners_dilemma,7.0,3.0,1.0,-7.0,abstract,B,self_interest,False,one_shot,,,unknown,0,defect,defect,0.6666666666666666,2.0,4.0,,,,2dbaf0d5d4d832aa93f4875b,ok,0.16,0.3,0.3975,False,0.67,0.2474,2.7804e-05
greed_fear-000515,greed_fear,prisoners_dilemma,7.0,3.0,1.0,-7.0,abstract,B,self_interest,False,one_shot,,,unknown,1,defect,defect,0.6666666666666666,2.0,4.0,,,,050bf2aabca2ec98223330ce,ok,0.22,0.33,0.405,False,0.56,0.2333,2.7804e-05
greed_fear-000516,greed_fear,prisoners_dilemma,7.0,3.0,1.0,-7.0,abstract,B,self_interest,False,one_shot,,,unknown,2,defect,defect,0.6666666666666666,2.0,4.0,,,,9c1b86278d1a34a7827edf37,ok,0.21,0.31,0.4225,False,0.58,0.2405,2.7804e-05
greed_fear-000517,greed_fear,prisoners_dilemma,7.0,3.0,1.0,-7.0,abstract,B,self_interest,False,one_shot,,,unknown,3,defect,defect,0.6666666666666666,2.0,4.0,,,,02b5ed3f49323a1016ce4f55,ok,0.23,0.33,0.3825,False,0.54,0.2324,2.7804e-05
greed_fear-000518,greed_fear,prisoners_dilemma,7.0,3.0,1.0,-7.0,abstract,B,self_interest,False,one_shot,,,unknown,4,defect,defect,0.6666666666666666,2.0,4.0,,,,6644a7616b2ad2a5e60dd181,ok,0.21,0.32,0.4,False,0.58,0.25,2.7804e-05
greed_fear-000519,greed_fear,prisoners_dilemma,7.0,3.0,1.0,-7.0,abstract,B,self_interest,False,one_shot,,,unknown,5,defect,defect,0.6666666666666666,2.0,4.0,,,,8b537785a315808b954152bb,ok,0.18,0.3,0.3825,False,0.64,0.273,2.7804e-05
greed_fear-000520,greed_fear,prisoners_dilemma,11.0,3.0,1.0,0.9,abstract,A,self_interest,True,one_shot,,,unknown,0,defect,defect,0.8,4.0,0.05,,,,13faa9e1b823f64c454a4653,ok,0.19,0.38,0.42,False,0.62,0.256,2.7972e-05
greed_fear-000521,greed_fear,prisoners_dilemma,11.0,3.0,1.0,0.9,abstract,A,self_interest,True,one_shot,,,unknown,1,defect,defect,0.8,4.0,0.05,,,,b09d4d3595edf8ad5e468693,ok,0.21,0.4,0.435,False,0.58,0.2379,2.7972e-05
greed_fear-000522,greed_fear,prisoners_dilemma,11.0,3.0,1.0,0.9,abstract,A,self_interest,True,one_shot,,,unknown,2,defect,defect,0.8,4.0,0.05,,,,fabae439a900ebc42f45174c,ok,0.21,0.4,0.43,False,0.58,0.2759,2.7972e-05
greed_fear-000523,greed_fear,prisoners_dilemma,11.0,3.0,1.0,0.9,abstract,A,self_interest,True,one_shot,,,unknown,3,defect,defect,0.8,4.0,0.05,,,,2c645f34a642993098baa12a,ok,0.18,0.39,0.435,False,0.63,0.2495,2.7972e-05
greed_fear-000524,greed_fear,prisoners_dilemma,11.0,3.0,1.0,0.9,abstract,A,self_interest,True,one_shot,,,unknown,4,defect,defect,0.8,4.0,0.05,,,,99a1a79a943182c989b7dd66,ok,0.18,0.39,0.435,False,0.64,0.2831,2.7972e-05
greed_fear-000525,greed_fear,prisoners_dilemma,11.0,3.0,1.0,0.9,abstract,A,self_interest,True,one_shot,,,unknown,5,defect,defect,0.8,4.0,0.05,,,,676ff46f9be6ce1844f4c3e5,ok,0.17,0.39,0.425,False,0.66,0.2701,2.7972e-05
greed_fear-000526,greed_fear,prisoners_dilemma,11.0,3.0,1.0,0.9,abstract,B,self_interest,False,one_shot,,,unknown,0,defect,defect,0.8,4.0,0.05,,,,867bba84ce0ac86a77054fb9,ok,0.21,0.39,0.4275,False,0.58,0.2285,2.7972e-05
greed_fear-000527,greed_fear,prisoners_dilemma,11.0,3.0,1.0,0.9,abstract,B,self_interest,False,one_shot,,,unknown,1,defect,defect,0.8,4.0,0.05,,,,3c17e2136ce05f38e720b3d6,ok,0.25,0.39,0.455,False,0.5,0.2554,2.7972e-05
greed_fear-000528,greed_fear,prisoners_dilemma,11.0,3.0,1.0,0.9,abstract,B,self_interest,False,one_shot,,,unknown,2,defect,defect,0.8,4.0,0.05,,,,46b10c5105dffab7ae6dc3f6,ok,0.22,0.4,0.435,False,0.56,0.3584,2.7972e-05
greed_fear-000529,greed_fear,prisoners_dilemma,11.0,3.0,1.0,0.9,abstract,B,self_interest,False,one_shot,,,unknown,3,defect,defect,0.8,4.0,0.05,,,,6412c5860030d7e93a3f8239,ok,0.24,0.39,0.4525,False,0.53,0.2259,2.7972e-05
greed_fear-000530,greed_fear,prisoners_dilemma,11.0,3.0,1.0,0.9,abstract,B,self_interest,False,one_shot,,,unknown,4,defect,defect,0.8,4.0,0.05,,,,c872d845190103f11b44e70c,ok,0.18,0.37,0.405,False,0.63,0.2565,2.7972e-05
greed_fear-000531,greed_fear,prisoners_dilemma,11.0,3.0,1.0,0.9,abstract,B,self_interest,False,one_shot,,,unknown,5,defect,defect,0.8,4.0,0.05,,,,e61460eb2d3e293a36fd8d94,ok,0.21,0.39,0.4325,False,0.57,0.2616,2.7972e-05
greed_fear-000532,greed_fear,prisoners_dilemma,11.0,3.0,1.0,0.5,abstract,A,self_interest,True,one_shot,,,unknown,0,defect,defect,0.8,4.0,0.25,,,,af26be243f67d5464a02d575,ok,0.17,0.4,0.42,False,0.66,0.2323,2.7972e-05
greed_fear-000533,greed_fear,prisoners_dilemma,11.0,3.0,1.0,0.5,abstract,A,self_interest,True,one_shot,,,unknown,1,defect,defect,0.8,4.0,0.25,,,,486dd02aa4aa1cc257dc5cf3,ok,0.18,0.4,0.4375,False,0.65,0.2981,2.7972e-05
greed_fear-000534,greed_fear,prisoners_dilemma,11.0,3.0,1.0,0.5,abstract,A,self_interest,True,one_shot,,,unknown,2,defect,defect,0.8,4.0,0.25,,,,5af80f8fcc8a546246bca0ca,ok,0.2,0.38,0.4275,False,0.6,0.259,2.7972e-05
greed_fear-000535,greed_fear,prisoners_dilemma,11.0,3.0,1.0,0.5,abstract,A,self_interest,True,one_shot,,,unknown,3,defect,defect,0.8,4.0,0.25,,,,3879609baf759ae8045a6fe4,ok,0.17,0.38,0.43,False,0.66,0.2574,2.7972e-05
greed_fear-000536,greed_fear,prisoners_dilemma,11.0,3.0,1.0,0.5,abstract,A,self_interest,True,one_shot,,,unknown,4,defect,defect,0.8,4.0,0.25,,,,af9c7d880aee965df3b7d68c,ok,0.18,0.38,0.4275,False,0.64,0.23,2.7972e-05
greed_fear-000537,greed_fear,prisoners_dilemma,11.0,3.0,1.0,0.5,abstract,A,self_interest,True,one_shot,,,unknown,5,defect,defect,0.8,4.0,0.25,,,,e60e7edb395b76b6041a7f2a,ok,0.19,0.38,0.4175,False,0.62,0.2893,2.7972e-05
greed_fear-000538,greed_fear,prisoners_dilemma,11.0,3.0,1.0,0.5,abstract,B,self_interest,False,one_shot,,,unknown,0,defect,defect,0.8,4.0,0.25,,,,c5b5b5b4563fb5e54f98c961,ok,0.2,0.36,0.415,False,0.61,0.263,2.7972e-05
greed_fear-000539,greed_fear,prisoners_dilemma,11.0,3.0,1.0,0.5,abstract,B,self_interest,False,one_shot,,,unknown,1,defect,defect,0.8,4.0,0.25,,,,65583f77781abaa41e805708,ok,0.17,0.35,0.405,False,0.65,0.2288,2.7972e-05
greed_fear-000540,greed_fear,prisoners_dilemma,11.0,3.0,1.0,0.5,abstract,B,self_interest,False,one_shot,,,unknown,2,defect,defect,0.8,4.0,0.25,,,,971ff8e8ae1a7d19b4ff0bb4,ok,0.19,0.36,0.4,False,0.61,0.3385,2.7972e-05
greed_fear-000541,greed_fear,prisoners_dilemma,11.0,3.0,1.0,0.5,abstract,B,self_interest,False,one_shot,,,unknown,3,defect,defect,0.8,4.0,0.25,,,,e36d6e2c2ca3c1196cb91e3e,ok,0.19,0.36,0.4025,False,0.62,0.2886,2.7972e-05
greed_fear-000542,greed_fear,prisoners_dilemma,11.0,3.0,1.0,0.5,abstract,B,self_interest,False,one_shot,,,unknown,4,defect,defect,0.8,4.0,0.25,,,,f2d2c9ba7a08a53e648c555f,ok,0.24,0.39,0.415,False,0.53,0.2408,2.7972e-05
greed_fear-000543,greed_fear,prisoners_dilemma,11.0,3.0,1.0,0.5,abstract,B,self_interest,False,one_shot,,,unknown,5,defect,defect,0.8,4.0,0.25,,,,f6acdbfacba265e4d477b17b,ok,0.2,0.37,0.415,False,0.6,0.2941,2.7972e-05
greed_fear-000544,greed_fear,prisoners_dilemma,11.0,3.0,1.0,0.0,abstract,A,self_interest,True,one_shot,,,unknown,0,defect,defect,0.8,4.0,0.5,,,,96ec89b30e10aaa0a1d786be,ok,0.14,0.34,0.41,False,0.72,0.3055,2.7804e-05
greed_fear-000545,greed_fear,prisoners_dilemma,11.0,3.0,1.0,0.0,abstract,A,self_interest,True,one_shot,,,unknown,1,defect,defect,0.8,4.0,0.5,,,,b70d597fe87042ffae36b7fc,ok,0.15,0.35,0.3925,False,0.7,0.235,2.7804e-05
greed_fear-000546,greed_fear,prisoners_dilemma,11.0,3.0,1.0,0.0,abstract,A,self_interest,True,one_shot,,,unknown,2,defect,defect,0.8,4.0,0.5,,,,2e1fcb1d720129e0c619db84,ok,0.17,0.36,0.405,False,0.66,0.2511,2.7804e-05
greed_fear-000547,greed_fear,prisoners_dilemma,11.0,3.0,1.0,0.0,abstract,A,self_interest,True,one_shot,,,unknown,3,defect,defect,0.8,4.0,0.5,,,,90b79880062fe8e30028b5d9,ok,0.15,0.36,0.405,False,0.69,0.2634,2.7804e-05
greed_fear-000548,greed_fear,prisoners_dilemma,11.0,3.0,1.0,0.0,abstract,A,self_interest,True,one_shot,,,unknown,4,defect,defect,0.8,4.0,0.5,,,,1cffd568e7bd778ff529fbdf,ok,0.17,0.37,0.42,False,0.66,0.2558,2.7804e-05
greed_fear-000549,greed_fear,prisoners_dilemma,11.0,3.0,1.0,0.0,abstract,A,self_interest,True,one_shot,,,unknown,5,defect,defect,0.8,4.0,0.5,,,,18df9e7706bf4f77be3e844d,ok,0.18,0.36,0.4275,False,0.63,0.2634,2.7804e-05
greed_fear-000550,greed_fear,prisoners_dilemma,11.0,3.0,1.0,0.0,abstract,B,self_interest,False,one_shot,,,unknown,0,defect,defect,0.8,4.0,0.5,,,,918b2a200d93e1a315ab9406,ok,0.22,0.33,0.4175,False,0.57,0.2484,2.7804e-05
greed_fear-000551,greed_fear,prisoners_dilemma,11.0,3.0,1.0,0.0,abstract,B,self_interest,False,one_shot,,,unknown,1,defect,defect,0.8,4.0,0.5,,,,b042c63aa9089f4fa8fb7a59,ok,0.2,0.36,0.4175,False,0.59,0.2882,2.7804e-05
greed_fear-000552,greed_fear,prisoners_dilemma,11.0,3.0,1.0,0.0,abstract,B,self_interest,False,one_shot,,,unknown,2,defect,defect,0.8,4.0,0.5,,,,e203bfe08ff85e8e348a21b2,ok,0.21,0.33,0.405,False,0.59,0.2356,2.7804e-05
greed_fear-000553,greed_fear,prisoners_dilemma,11.0,3.0,1.0,0.0,abstract,B,self_interest,False,one_shot,,,unknown,3,defect,defect,0.8,4.0,0.5,,,,a1732490b272b9705449d8b6,ok,0.2,0.33,0.3875,False,0.6,0.2742,2.7804e-05
greed_fear-000554,greed_fear,prisoners_dilemma,11.0,3.0,1.0,0.0,abstract,B,self_interest,False,one_shot,,,unknown,4,defect,defect,0.8,4.0,0.5,,,,12c39d5095590d1a4587a6eb,ok,0.18,0.34,0.39,False,0.63,0.2528,2.7804e-05
greed_fear-000555,greed_fear,prisoners_dilemma,11.0,3.0,1.0,0.0,abstract,B,self_interest,False,one_shot,,,unknown,5,defect,defect,0.8,4.0,0.5,,,,fdb1b4414de1e208287e3b6e,ok,0.2,0.34,0.4,False,0.6,0.3014,2.7804e-05
greed_fear-000556,greed_fear,prisoners_dilemma,11.0,3.0,1.0,-1.0,abstract,A,self_interest,True,one_shot,,,unknown,0,defect,defect,0.8,4.0,1.0,,,,a43f2bfdb96e4e1d5e39c283,ok,0.18,0.37,0.4225,False,0.64,0.2716,2.7888e-05
greed_fear-000557,greed_fear,prisoners_dilemma,11.0,3.0,1.0,-1.0,abstract,A,self_interest,True,one_shot,,,unknown,1,defect,defect,0.8,4.0,1.0,,,,350f1fee292c76f570261050,ok,0.16,0.36,0.4275,False,0.67,0.2779,2.7888e-05
greed_fear-000558,greed_fear,prisoners_dilemma,11.0,3.0,1.0,-1.0,abstract,A,self_interest,True,one_shot,,,unknown,2,defect,defect,0.8,4.0,1.0,,,,ff045fda0299f5d856e1d264,ok,0.19,0.36,0.405,False,0.63,0.2872,2.7888e-05
greed_fear-000559,greed_fear,prisoners_dilemma,11.0,3.0,1.0,-1.0,abstract,A,self_interest,True,one_shot,,,unknown,3,defect,defect,0.8,4.0,1.0,,,,ef2bf772dbde25678fb3cd50,ok,0.18,0.34,0.3975,False,0.63,0.5675,2.7888e-05
greed_fear-000560,greed_fear,prisoners_dilemma,11.0,3.0,1.0,-1.0,abstract,A,self_interest,True,one_shot,,,unknown,4,defect,defect,0.8,4.0,1.0,,,,186f83199999466f29d190df,ok,0.15,0.36,0.3925,False,0.71,0.2424,2.7888e-05
greed_fear-000561,greed_fear,prisoners_dilemma,11.0,3.0,1.0,-1.0,abstract,A,self_interest,True,one_shot,,,unknown,5,defect,defect,0.8,4.0,1.0,,,,6f993cbc8e3c328485ee6ee4,ok,0.17,0.32,0.4,False,0.67,0.2637,2.7888e-05
greed_fear-000562,greed_fear,prisoners_dilemma,11.0,3.0,1.0,-1.0,abstract,B,self_interest,False,one_shot,,,unknown,0,defect,defect,0.8,4.0,1.0,,,,5e6fb494fa8c5b7f26b731c8,ok,0.18,0.36,0.4125,False,0.64,0.2568,2.7888e-05
greed_fear-000563,greed_fear,prisoners_dilemma,11.0,3.0,1.0,-1.0,abstract,B,self_interest,False,one_shot,,,unknown,1,defect,defect,0.8,4.0,1.0,,,,fc5a87918abae166afdc7102,ok,0.15,0.32,0.38,False,0.69,0.2471,2.7888e-05
greed_fear-000564,greed_fear,prisoners_dilemma,11.0,3.0,1.0,-1.0,abstract,B,self_interest,False,one_shot,,,unknown,2,defect,defect,0.8,4.0,1.0,,,,3698f4301906df66a65fd6d0,ok,0.18,0.32,0.4125,False,0.64,0.2362,2.7888e-05
greed_fear-000565,greed_fear,prisoners_dilemma,11.0,3.0,1.0,-1.0,abstract,B,self_interest,False,one_shot,,,unknown,3,defect,defect,0.8,4.0,1.0,,,,09f8710357dd3e915a071881,ok,0.16,0.35,0.3975,False,0.67,0.2324,2.7888e-05
greed_fear-000566,greed_fear,prisoners_dilemma,11.0,3.0,1.0,-1.0,abstract,B,self_interest,False,one_shot,,,unknown,4,defect,defect,0.8,4.0,1.0,,,,6d5ffec527775526a4f7ff19,ok,0.18,0.34,0.4,False,0.65,0.263,2.7888e-05
greed_fear-000567,greed_fear,prisoners_dilemma,11.0,3.0,1.0,-1.0,abstract,B,self_interest,False,one_shot,,,unknown,5,defect,defect,0.8,4.0,1.0,,,,1cbeb962050496321da2c096,ok,0.16,0.33,0.3875,False,0.69,0.2397,2.7888e-05
greed_fear-000568,greed_fear,prisoners_dilemma,11.0,3.0,1.0,-3.0,abstract,A,self_interest,True,one_shot,,,unknown,0,defect,defect,0.8,4.0,2.0,,,,af82900586b5d14e20c26103,ok,0.18,0.31,0.42,False,0.64,0.344,2.7888e-05
greed_fear-000569,greed_fear,prisoners_dilemma,11.0,3.0,1.0,-3.0,abstract,A,self_interest,True,one_shot,,,unknown,1,defect,defect,0.8,4.0,2.0,,,,e05406d171519586e8d8bc61,ok,0.19,0.35,0.405,False,0.61,0.2847,2.7888e-05
greed_fear-000570,greed_fear,prisoners_dilemma,11.0,3.0,1.0,-3.0,abstract,A,self_interest,True,one_shot,,,unknown,2,defect,defect,0.8,4.0,2.0,,,,b1f700bc96ee80e1112db6d4,ok,0.16,0.31,0.395,False,0.69,0.25,2.7888e-05
greed_fear-000571,greed_fear,prisoners_dilemma,11.0,3.0,1.0,-3.0,abstract,A,self_interest,True,one_shot,,,unknown,3,defect,defect,0.8,4.0,2.0,,,,2439e013efe1bc2d76e8e2f8,ok,0.17,0.35,0.4175,False,0.65,0.282,2.7888e-05
greed_fear-000572,greed_fear,prisoners_dilemma,11.0,3.0,1.0,-3.0,abstract,A,self_interest,True,one_shot,,,unknown,4,defect,defect,0.8,4.0,2.0,,,,59c4aefb4a07aa4f883471bf,ok,0.17,0.32,0.425,False,0.66,0.2705,2.7888e-05
greed_fear-000573,greed_fear,prisoners_dilemma,11.0,3.0,1.0,-3.0,abstract,A,self_interest,True,one_shot,,,unknown,5,defect,defect,0.8,4.0,2.0,,,,f71756e90e4fb611401887c9,ok,0.18,0.33,0.42,False,0.64,0.3418,2.7888e-05
greed_fear-000574,greed_fear,prisoners_dilemma,11.0,3.0,1.0,-3.0,abstract,B,self_interest,False,one_shot,,,unknown,0,defect,defect,0.8,4.0,2.0,,,,052d0553a4942495650666dc,ok,0.17,0.33,0.3925,False,0.66,0.2363,2.7888e-05
greed_fear-000575,greed_fear,prisoners_dilemma,11.0,3.0,1.0,-3.0,abstract,B,self_interest,False,one_shot,,,unknown,1,defect,defect,0.8,4.0,2.0,,,,8d2b68f752502d8aedef9c65,ok,0.18,0.33,0.37,False,0.64,0.3356,2.7888e-05
greed_fear-000576,greed_fear,prisoners_dilemma,11.0,3.0,1.0,-3.0,abstract,B,self_interest,False,one_shot,,,unknown,2,defect,defect,0.8,4.0,2.0,,,,73c01b3fcda335858c04f6fe,ok,0.16,0.33,0.4,False,0.68,0.2696,2.7888e-05
greed_fear-000577,greed_fear,prisoners_dilemma,11.0,3.0,1.0,-3.0,abstract,B,self_interest,False,one_shot,,,unknown,3,defect,defect,0.8,4.0,2.0,,,,4389b38452db0462bab0d82a,ok,0.17,0.33,0.3675,False,0.67,0.2491,2.7888e-05
greed_fear-000578,greed_fear,prisoners_dilemma,11.0,3.0,1.0,-3.0,abstract,B,self_interest,False,one_shot,,,unknown,4,defect,defect,0.8,4.0,2.0,,,,f3160b0a41328735abd7e9f5,ok,0.15,0.31,0.3725,False,0.7,0.2623,2.7888e-05
greed_fear-000579,greed_fear,prisoners_dilemma,11.0,3.0,1.0,-3.0,abstract,B,self_interest,False,one_shot,,,unknown,5,defect,defect,0.8,4.0,2.0,,,,d154840d64b04ffa6c0a80b3,ok,0.15,0.33,0.3725,False,0.69,0.2536,2.7888e-05
greed_fear-000580,greed_fear,prisoners_dilemma,11.0,3.0,1.0,-7.0,abstract,A,self_interest,True,one_shot,,,unknown,0,defect,defect,0.8,4.0,4.0,,,,a800e757f07b821111aa1f77,ok,0.19,0.34,0.4325,False,0.63,0.2653,2.7888e-05
greed_fear-000581,greed_fear,prisoners_dilemma,11.0,3.0,1.0,-7.0,abstract,A,self_interest,True,one_shot,,,unknown,1,defect,defect,0.8,4.0,4.0,,,,0e179b4f44410ab3805b5167,ok,0.23,0.36,0.445,False,0.53,0.243,2.7888e-05
greed_fear-000582,greed_fear,prisoners_dilemma,11.0,3.0,1.0,-7.0,abstract,A,self_interest,True,one_shot,,,unknown,2,defect,defect,0.8,4.0,4.0,,,,6145ce47a014cdef73f49f50,ok,0.26,0.36,0.4525,False,0.48,0.2694,2.7888e-05
greed_fear-000583,greed_fear,prisoners_dilemma,11.0,3.0,1.0,-7.0,abstract,A,self_interest,True,one_shot,,,unknown,3,defect,defect,0.8,4.0,4.0,,,,c87e8304d04195455f973808,ok,0.22,0.36,0.435,False,0.56,0.2527,2.7888e-05
greed_fear-000584,greed_fear,prisoners_dilemma,11.0,3.0,1.0,-7.0,abstract,A,self_interest,True,one_shot,,,unknown,4,defect,defect,0.8,4.0,4.0,,,,2cc0d63fa95d43741fa97a5d,ok,0.22,0.34,0.4375,False,0.57,0.2497,2.7888e-05
greed_fear-000585,greed_fear,prisoners_dilemma,11.0,3.0,1.0,-7.0,abstract,A,self_interest,True,one_shot,,,unknown,5,defect,defect,0.8,4.0,4.0,,,,23dd08ec79ff32cffa8646e8,ok,0.19,0.34,0.4475,False,0.62,0.2499,2.7888e-05
greed_fear-000586,greed_fear,prisoners_dilemma,11.0,3.0,1.0,-7.0,abstract,B,self_interest,False,one_shot,,,unknown,0,defect,defect,0.8,4.0,4.0,,,,e0d273b0c12fa6d6461c160f,ok,0.22,0.33,0.42,False,0.56,0.2503,2.7888e-05
greed_fear-000587,greed_fear,prisoners_dilemma,11.0,3.0,1.0,-7.0,abstract,B,self_interest,False,one_shot,,,unknown,1,defect,defect,0.8,4.0,4.0,,,,244ceeb27e7470d3e4ab2b3f,ok,0.19,0.32,0.3775,False,0.63,0.2742,2.7888e-05
greed_fear-000588,greed_fear,prisoners_dilemma,11.0,3.0,1.0,-7.0,abstract,B,self_interest,False,one_shot,,,unknown,2,defect,defect,0.8,4.0,4.0,,,,8e5a93c399a0cfb9bf23bec9,ok,0.19,0.34,0.4175,False,0.61,0.2771,2.7888e-05
greed_fear-000589,greed_fear,prisoners_dilemma,11.0,3.0,1.0,-7.0,abstract,B,self_interest,False,one_shot,,,unknown,3,defect,defect,0.8,4.0,4.0,,,,b5ff3c8327db7d990824c086,ok,0.19,0.31,0.3975,False,0.62,0.3491,2.7888e-05
greed_fear-000590,greed_fear,prisoners_dilemma,11.0,3.0,1.0,-7.0,abstract,B,self_interest,False,one_shot,,,unknown,4,defect,defect,0.8,4.0,4.0,,,,f31aead122fe327f21cc7264,ok,0.17,0.3,0.405,False,0.66,0.2707,2.7888e-05
greed_fear-000591,greed_fear,prisoners_dilemma,11.0,3.0,1.0,-7.0,abstract,B,self_interest,False,one_shot,,,unknown,5,defect,defect,0.8,4.0,4.0,,,,cba11447be665ccd181245ad,ok,0.18,0.3,0.4025,False,0.64,0.278,2.7888e-05
delta_sweep-000592,delta_sweep,prisoners_dilemma,4.0,3.0,1.0,0.0,abstract,A,self_interest,True,indefinite,,0.0,tit_for_tat,0,defect,defect,0.3333333333333333,,,,low_temptation,,2cb2f977f8834e547112d975,ok,0.45,0.57,0.46,False,0.11,0.242,3.2256e-05
delta_sweep-000593,delta_sweep,prisoners_dilemma,4.0,3.0,1.0,0.0,abstract,A,self_interest,True,indefinite,,0.0,tit_for_tat,1,defect,defect,0.3333333333333333,,,,low_temptation,,bc7aa007ee0c831eb8a7d4b7,ok,0.44,0.54,0.435,False,0.11,0.3098,3.2256e-05
delta_sweep-000594,delta_sweep,prisoners_dilemma,4.0,3.0,1.0,0.0,abstract,A,self_interest,True,indefinite,,0.0,tit_for_tat,2,defect,defect,0.3333333333333333,,,,low_temptation,,7b71a05e589c9737848bd064,ok,0.4,0.54,0.4475,False,0.2,0.2507,3.2256e-05
delta_sweep-000595,delta_sweep,prisoners_dilemma,4.0,3.0,1.0,0.0,abstract,A,self_interest,True,indefinite,,0.0,tit_for_tat,3,defect,defect,0.3333333333333333,,,,low_temptation,,fc38ce0674eb197aae3db297,ok,0.51,0.54,0.4025,True,0.02,0.2418,3.2256e-05
delta_sweep-000596,delta_sweep,prisoners_dilemma,4.0,3.0,1.0,0.0,abstract,A,self_interest,True,indefinite,,0.0,tit_for_tat,4,defect,defect,0.3333333333333333,,,,low_temptation,,d1bdf70be794c2f0f7e4a2b7,ok,0.47,0.56,0.49,False,0.06,0.275,3.2256e-05
delta_sweep-000597,delta_sweep,prisoners_dilemma,4.0,3.0,1.0,0.0,abstract,A,self_interest,True,indefinite,,0.0,tit_for_tat,5,defect,defect,0.3333333333333333,,,,low_temptation,,d43f6fa8d2325929c5fd5372,ok,0.45,0.55,0.4125,False,0.11,0.2365,3.2256e-05
delta_sweep-000598,delta_sweep,prisoners_dilemma,4.0,3.0,1.0,0.0,abstract,B,self_interest,False,indefinite,,0.0,tit_for_tat,0,defect,defect,0.3333333333333333,,,,low_temptation,,e1cddb4dbedef060f1c14fa1,ok,0.53,0.55,0.4475,True,0.05,0.2364,3.2256e-05
delta_sweep-000599,delta_sweep,prisoners_dilemma,4.0,3.0,1.0,0.0,abstract,B,self_interest,False,indefinite,,0.0,tit_for_tat,1,defect,defect,0.3333333333333333,,,,low_temptation,,1b566643ab994b3f54b2d260,ok,0.45,0.52,0.45,False,0.11,0.2383,3.2256e-05
delta_sweep-000600,delta_sweep,prisoners_dilemma,4.0,3.0,1.0,0.0,abstract,B,self_interest,False,indefinite,,0.0,tit_for_tat,2,defect,defect,0.3333333333333333,,,,low_temptation,,024e08b4bc01695869dca7e0,ok,0.49,0.52,0.4425,False,0.02,0.285,3.2256e-05
delta_sweep-000601,delta_sweep,prisoners_dilemma,4.0,3.0,1.0,0.0,abstract,B,self_interest,False,indefinite,,0.0,tit_for_tat,3,defect,defect,0.3333333333333333,,,,low_temptation,,918f3ae3404c97ec7c7ab10a,ok,0.46,0.49,0.445,False,0.08,0.2275,3.2256e-05
delta_sweep-000602,delta_sweep,prisoners_dilemma,4.0,3.0,1.0,0.0,abstract,B,self_interest,False,indefinite,,0.0,tit_for_tat,4,defect,defect,0.3333333333333333,,,,low_temptation,,1e6cffd4f4f8bdcacf0576b6,ok,0.44,0.52,0.4325,False,0.11,0.2391,3.2256e-05
delta_sweep-000603,delta_sweep,prisoners_dilemma,4.0,3.0,1.0,0.0,abstract,B,self_interest,False,indefinite,,0.0,tit_for_tat,5,defect,defect,0.3333333333333333,,,,low_temptation,,247749f5548fd4239af37cc2,ok,0.39,0.53,0.3975,False,0.23,0.2597,3.2256e-05
delta_sweep-000604,delta_sweep,prisoners_dilemma,4.0,3.0,1.0,0.0,abstract,A,self_interest,True,indefinite,,0.0,unknown,0,defect,,0.3333333333333333,,,,low_temptation,,53f707c8fbed58ad6e74dad5,ok,0.5,0.54,0.53,True,0.01,0.2617,2.9946e-05
delta_sweep-000605,delta_sweep,prisoners_dilemma,4.0,3.0,1.0,0.0,abstract,A,self_interest,True,indefinite,,0.0,unknown,1,defect,,0.3333333333333333,,,,low_temptation,,d8d940ba9ff9e74b8808dc0e,ok,0.44,0.52,0.5025,False,0.12,0.2571,2.9946e-05
delta_sweep-000606,delta_sweep,prisoners_dilemma,4.0,3.0,1.0,0.0,abstract,A,self_interest,True,indefinite,,0.0,unknown,2,defect,,0.3333333333333333,,,,low_temptation,,45308beaf25203437c7797e2,ok,0.48,0.54,0.5025,False,0.04,0.2524,2.9946e-05
delta_sweep-000607,delta_sweep,prisoners_dilemma,4.0,3.0,1.0,0.0,abstract,A,self_interest,True,indefinite,,0.0,unknown,3,defect,,0.3333333333333333,,,,low_temptation,,eadeefd984da71fca0653f5a,ok,0.45,0.53,0.5,False,0.09,0.2559,2.9946e-05
delta_sweep-000608,delta_sweep,prisoners_dilemma,4.0,3.0,1.0,0.0,abstract,A,self_interest,True,indefinite,,0.0,unknown,4,defect,,0.3333333333333333,,,,low_temptation,,d332e14ada888149def6e57f,ok,0.45,0.51,0.4775,False,0.1,0.2727,2.9946e-05
delta_sweep-000609,delta_sweep,prisoners_dilemma,4.0,3.0,1.0,0.0,abstract,A,self_interest,True,indefinite,,0.0,unknown,5,defect,,0.3333333333333333,,,,low_temptation,,92149485601c28a40d383141,ok,0.48,0.53,0.495,False,0.05,0.2578,2.9946e-05
delta_sweep-000610,delta_sweep,prisoners_dilemma,4.0,3.0,1.0,0.0,abstract,B,self_interest,False,indefinite,,0.0,unknown,0,defect,,0.3333333333333333,,,,low_temptation,,ca385d982880b7521b93dfdd,ok,0.58,0.52,0.5275,True,0.17,0.2456,2.9946e-05
delta_sweep-000611,delta_sweep,prisoners_dilemma,4.0,3.0,1.0,0.0,abstract,B,self_interest,False,indefinite,,0.0,unknown,1,defect,,0.3333333333333333,,,,low_temptation,,cc1bf13ac7f45f0fbb2695fb,ok,0.6,0.54,0.515,True,0.19,0.2457,2.9946e-05
delta_sweep-000612,delta_sweep,prisoners_dilemma,4.0,3.0,1.0,0.0,abstract,B,self_interest,False,indefinite,,0.0,unknown,2,defect,,0.3333333333333333,,,,low_temptation,,6e63cac1a694e67fed41cedd,ok,0.54,0.51,0.5,True,0.09,0.2879,2.9946e-05
delta_sweep-000613,delta_sweep,prisoners_dilemma,4.0,3.0,1.0,0.0,abstract,B,self_interest,False,indefinite,,0.0,unknown,3,defect,,0.3333333333333333,,,,low_temptation,,cb9a671124aa0cba5bdea1ee,ok,0.56,0.51,0.5125,True,0.12,0.285,2.9946e-05
delta_sweep-000614,delta_sweep,prisoners_dilemma,4.0,3.0,1.0,0.0,abstract,B,self_interest,False,indefinite,,0.0,unknown,4,defect,,0.3333333333333333,,,,low_temptation,,b022ab8ca0515a41ac3f8c1f,ok,0.64,0.53,0.52,True,0.28,0.2377,2.9946e-05
delta_sweep-000615,delta_sweep,prisoners_dilemma,4.0,3.0,1.0,0.0,abstract,B,self_interest,False,indefinite,,0.0,unknown,5,defect,,0.3333333333333333,,,,low_temptation,,c503279bf9aaf75c2685bd24,ok,0.56,0.53,0.5,True,0.11,0.2479,2.9946e-05
delta_sweep-000616,delta_sweep,prisoners_dilemma,4.0,3.0,1.0,0.0,abstract,A,self_interest,True,indefinite,,0.1,tit_for_tat,0,defect,defect,0.3333333333333333,,,,low_temptation,,c4ed5b0ca494f5c74b8b880b,ok,0.5,0.5,0.48,True,0.01,0.24,3.2256e-05
delta_sweep-000617,delta_sweep,prisoners_dilemma,4.0,3.0,1.0,0.0,abstract,A,self_interest,True,indefinite,,0.1,tit_for_tat,1,defect,defect,0.3333333333333333,,,,low_temptation,,3dacfd02d8a3e040a6c9ce54,ok,0.47,0.56,0.485,False,0.05,0.2395,3.2256e-05
delta_sweep-000618,delta_sweep,prisoners_dilemma,4.0,3.0,1.0,0.0,abstract,A,self_interest,True,indefinite,,0.1,tit_for_tat,2,defect,defect,0.3333333333333333,,,,low_temptation,,4aad4f3b07b017bf16e8622d,ok,0.59,0.58,0.545,True,0.18,0.2804,3.2256e-05
delta_sweep-000619,delta_sweep,prisoners_dilemma,4.0,3.0,1.0,0.0,abstract,A,self_interest,True,indefinite,,0.1,tit_for_tat,3,defect,defect,0.3333333333333333,,,,low_temptation,,9507d985c14f36d87568c7a5,ok,0.47,0.56,0.47,False,0.05,0.2598,3.2256e-05
delta_sweep-000620,delta_sweep,prisoners_dilemma,4.0,3.0,1.0,0.0,abstract,A,self_interest,True,indefinite,,0.1,tit_for_tat,4,defect,defect,0.3333333333333333,,,,low_temptation,,469267ba0ffd12cd3d1d24a6,ok,0.47,0.55,0.4475,False,0.06,0.2443,3.2256e-05
delta_sweep-000621,delta_sweep,prisoners_dilemma,4.0,3.0,1.0,0.0,abstract,A,self_interest,True,indefinite,,0.1,tit_for_tat,5,defect,defect,0.3333333333333333,,,,low_temptation,,561cfb9ea126451cda694b13,ok,0.49,0.56,0.445,False,0.02,0.2826,3.2256e-05
delta_sweep-000622,delta_sweep,prisoners_dilemma,4.0,3.0,1.0,0.0,abstract,B,self_interest,False,indefinite,,0.1,tit_for_tat,0,defect,defect,0.3333333333333333,,,,low_temptation,,3de2f16517aed6d79cb25e57,ok,0.52,0.5,0.505,True,0.05,0.2688,3.2256e-05
delta_sweep-000623,delta_sweep,prisoners_dilemma,4.0,3.0,1.0,0.0,abstract,B,self_interest,False,indefinite,,0.1,tit_for_tat,1,defect,defect,0.3333333333333333,,,,low_temptation,,2aadc97792e3b09402e3a56e,ok,0.5,0.49,0.48,True,0.01,0.2599,3.2256e-05
delta_sweep-000624,delta_sweep,prisoners_dilemma,4.0,3.0,1.0,0.0,abstract,B,self_interest,False,indefinite,,0.1,tit_for_tat,2,defect,defect,0.3333333333333333,,,,low_temptation,,f2459f6104cd9d671d8e92c3,ok,0.55,0.56,0.5,True,0.11,0.2934,3.2256e-05
delta_sweep-000625,delta_sweep,prisoners_dilemma,4.0,3.0,1.0,0.0,abstract,B,self_interest,False,indefinite,,0.1,tit_for_tat,3,defect,defect,0.3333333333333333,,,,low_temptation,,39c7ce5049701070ae4961eb,ok,0.48,0.54,0.4675,False,0.04,0.2876,3.2256e-05
delta_sweep-000626,delta_sweep,prisoners_dilemma,4.0,3.0,1.0,0.0,abstract,B,self_interest,False,indefinite,,0.1,tit_for_tat,4,defect,defect,0.3333333333333333,,,,low_temptation,,45c12d261113db85755c4e12,ok,0.54,0.53,0.465,True,0.07,0.3098,3.2256e-05
delta_sweep-000627,delta_sweep,prisoners_dilemma,4.0,3.0,1.0,0.0,abstract,B,self_interest,False,indefinite,,0.1,tit_for_tat,5,defect,defect,0.3333333333333333,,,,low_temptation,,877c6a50b5f6fca9e2f29330,ok,0.55,0.53,0.53,True,0.1,0.2664,3.2256e-05
delta_sweep-000628,delta_sweep,prisoners_dilemma,4.0,3.0,1.0,0.0,abstract,A,self_interest,True,indefinite,,0.1,unknown,0,defect,,0.3333333333333333,,,,low_temptation,,6ad68e0938c1ee4fbf4f780f,ok,0.55,0.53,0.5675,True,0.09,0.2954,2.9946e-05
delta_sweep-000629,delta_sweep,prisoners_dilemma,4.0,3.0,1.0,0.0,abstract,A,self_interest,True,indefinite,,0.1,unknown,1,defect,,0.3333333333333333,,,,low_temptation,,12f7ab953848163924f9f425,ok,0.52,0.51,0.5275,True,0.04,0.288,2.9946e-05
delta_sweep-000630,delta_sweep,prisoners_dilemma,4.0,3.0,1.0,0.0,abstract,A,self_interest,True,indefinite,,0.1,unknown,2,defect,,0.3333333333333333,,,,low_temptation,,1388fe65c49044bd7b8a91b5,ok,0.53,0.51,0.5325,True,0.05,0.2293,2.9946e-05
delta_sweep-000631,delta_sweep,prisoners_dilemma,4.0,3.0,1.0,0.0,abstract,A,self_interest,True,indefinite,,0.1,unknown,3,defect,,0.3333333333333333,,,,low_temptation,,cff3fd3c57f4f7d098b0c9d7,ok,0.53,0.53,0.58,True,0.05,0.2507,2.9946e-05
delta_sweep-000632,delta_sweep,prisoners_dilemma,4.0,3.0,1.0,0.0,abstract,A,self_interest,True,indefinite,,0.1,unknown,4,defect,,0.3333333333333333,,,,low_temptation,,d37b9a030d466fb382897ca3,ok,0.5,0.52,0.55,True,0.01,0.2441,2.9946e-05
delta_sweep-000633,delta_sweep,prisoners_dilemma,4.0,3.0,1.0,0.0,abstract,A,self_interest,True,indefinite,,0.1,unknown,5,defect,,0.3333333333333333,,,,low_temptation,,aef8c3210f084f448f063972,ok,0.56,0.55,0.5475,True,0.11,0.2647,2.9946e-05
delta_sweep-000634,delta_sweep,prisoners_dilemma,4.0,3.0,1.0,0.0,abstract,B,self_interest,False,indefinite,,0.1,unknown,0,defect,,0.3333333333333333,,,,low_temptation,,e9c856d0a2ce6abe2acb72aa,ok,0.64,0.55,0.56,True,0.28,0.2849,2.9946e-05
delta_sweep-000635,delta_sweep,prisoners_dilemma,4.0,3.0,1.0,0.0,abstract,B,self_interest,False,indefinite,,0.1,unknown,1,defect,,0.3333333333333333,,,,low_temptation,,6bd4c2633eca426f4cf429a4,ok,0.6,0.56,0.575,True,0.19,0.255,2.9946e-05
delta_sweep-000636,delta_sweep,prisoners_dilemma,4.0,3.0,1.0,0.0,abstract,B,self_interest,False,indefinite,,0.1,unknown,2,defect,,0.3333333333333333,,,,low_temptation,,c77cb52391b34412385d1ae3,ok,0.61,0.55,0.5675,True,0.22,0.2483,2.9946e-05
delta_sweep-000637,delta_sweep,prisoners_dilemma,4.0,3.0,1.0,0.0,abstract,B,self_interest,False,indefinite,,0.1,unknown,3,defect,,0.3333333333333333,,,,low_temptation,,cfa1444c20fefb1cfaf6dd77,ok,0.58,0.52,0.54,True,0.17,0.2783,2.9946e-05
delta_sweep-000638,delta_sweep,prisoners_dilemma,4.0,3.0,1.0,0.0,abstract,B,self_interest,False,indefinite,,0.1,unknown,4,defect,,0.3333333333333333,,,,low_temptation,,effefd39263bc5b8844ada76,ok,0.6,0.51,0.54,True,0.2,0.2531,2.9946e-05
delta_sweep-000639,delta_sweep,prisoners_dilemma,4.0,3.0,1.0,0.0,abstract,B,self_interest,False,indefinite,,0.1,unknown,5,defect,,0.3333333333333333,,,,low_temptation,,29d23a1a7dd3db66e8570862,ok,0.57,0.52,0.52,True,0.14,0.283,2.9946e-05
delta_sweep-000640,delta_sweep,prisoners_dilemma,4.0,3.0,1.0,0.0,abstract,A,self_interest,True,indefinite,,0.2,tit_for_tat,0,defect,defect,0.3333333333333333,,,,low_temptation,,e2c418eaa8d4a896309f0930,ok,0.53,0.55,0.5225,True,0.06,0.2288,3.2256e-05
delta_sweep-000641,delta_sweep,prisoners_dilemma,4.0,3.0,1.0,0.0,abstract,A,self_interest,True,indefinite,,0.2,tit_for_tat,1,defect,defect,0.3333333333333333,,,,low_temptation,,6d8c31385de7bf39e5ac4314,ok,0.58,0.59,0.5375,True,0.15,0.2793,3.2256e-05
delta_sweep-000642,delta_sweep,prisoners_dilemma,4.0,3.0,1.0,0.0,abstract,A,self_interest,True,indefinite,,0.2,tit_for_tat,2,defect,defect,0.3333333333333333,,,,low_temptation,,5f02d3d93cd6161ca7f9b331,ok,0.54,0.6,0.49,True,0.08,0.2507,3.2256e-05
delta_sweep-000643,delta_sweep,prisoners_dilemma,4.0,3.0,1.0,0.0,abstract,A,self_interest,True,indefinite,,0.2,tit_for_tat,3,defect,defect,0.3333333333333333,,,,low_temptation,,afddc253a087cbc1fd05d30f,ok,0.57,0.59,0.51,True,0.15,0.269,3.2256e-05
delta_sweep-000644,delta_sweep,prisoners_dilemma,4.0,3.0,1.0,0.0,abstract,A,self_interest,True,indefinite,,0.2,tit_for_tat,4,defect,defect,0.3333333333333333,,,,low_temptation,,2f2f4a45b2cbc7d19448b3b1,ok,0.5,0.58,0.495,False,0.01,0.2981,3.2256e-05
delta_sweep-000645,delta_sweep,prisoners_dilemma,4.0,3.0,1.0,0.0,abstract,A,self_interest,True,indefinite,,0.2,tit_for_tat,5,defect,defect,0.3333333333333333,,,,low_temptation,,4b74fc7cd1c5e13770526323,ok,0.48,0.57,0.4375,False,0.04,0.241,3.2256e-05
delta_sweep-000646,delta_sweep,prisoners_dilemma,4.0,3.0,1.0,0.0,abstract,B,self_interest,False,indefinite,,0.2,tit_for_tat,0,defect,defect,0.3333333333333333,,,,low_temptation,,3eb6b6cb2747bae12eefe63e,ok,0.51,0.53,0.5,True,0.01,0.2544,3.2256e-05
delta_sweep-000647,delta_sweep,prisoners_dilemma,4.0,3.0,1.0,0.0,abstract,B,self_interest,False,indefinite,,0.2,tit_for_tat,1,defect,defect,0.3333333333333333,,,,low_temptation,,29f2b73e1833558c137ca16c,ok,0.56,0.51,0.5025,True,0.11,0.2494,3.2256e-05
delta_sweep-000648,delta_sweep,prisoners_dilemma,4.0,3.0,1.0,0.0,abstract,B,self_interest,False,indefinite,,0.2,tit_for_tat,2,defect,defect,0.3333333333333333,,,,low_temptation,,c437e8d28acc306d27e410c0,ok,0.53,0.57,0.4975,True,0.06,0.2892,3.2256e-05
delta_sweep-000649,delta_sweep,prisoners_dilemma,4.0,3.0,1.0,0.0,abstract,B,self_interest,False,indefinite,,0.2,tit_for_tat,3,defect,defect,0.3333333333333333,,,,low_temptation,,2b965850387792314f58cbcb,ok,0.5,0.51,0.405,True,0.0,0.2715,3.2256e-05
delta_sweep-000650,delta_sweep,prisoners_dilemma,4.0,3.0,1.0,0.0,abstract,B,self_interest,False,indefinite,,0.2,tit_for_tat,4,defect,defect,0.3333333333333333,,,,low_temptation,,9a09fdfaf95b9053f18ce660,ok,0.56,0.53,0.45,True,0.12,0.238,3.2256e-05
delta_sweep-000651,delta_sweep,prisoners_dilemma,4.0,3.0,1.0,0.0,abstract,B,self_interest,False,indefinite,,0.2,tit_for_tat,5,defect,defect,0.3333333333333333,,,,low_temptation,,d78603505c94ddedc487bb05,ok,0.51,0.52,0.455,True,0.02,0.3319,3.2256e-05
delta_sweep-000652,delta_sweep,prisoners_dilemma,4.0,3.0,1.0,0.0,abstract,A,self_interest,True,indefinite,,0.2,unknown,0,defect,,0.3333333333333333,,,,low_temptation,,6ea5bd3d0a6289dd83b13c81,ok,0.59,0.56,0.555,True,0.18,0.2838,2.9946e-05
delta_sweep-000653,delta_sweep,prisoners_dilemma,4.0,3.0,1.0,0.0,abstract,A,self_interest,True,indefinite,,0.2,unknown,1,defect,,0.3333333333333333,,,,low_temptation,,87913d5bc1d83f42f447b7b7,ok,0.58,0.54,0.585,True,0.16,0.249,2.9946e-05
delta_sweep-000654,delta_sweep,prisoners_dilemma,4.0,3.0,1.0,0.0,abstract,A,self_interest,True,indefinite,,0.2,unknown,2,defect,,0.3333333333333333,,,,low_temptation,,875547d539b5907442894ca1,ok,0.6,0.56,0.5575,True,0.2,0.2436,2.9946e-05
delta_sweep-000655,delta_sweep,prisoners_dilemma,4.0,3.0,1.0,0.0,abstract,A,self_interest,True,indefinite,,0.2,unknown,3,defect,,0.3333333333333333,,,,low_temptation,,0cd956eb7ff035e8eb8e0782,ok,0.58,0.56,0.5875,True,0.16,0.2314,2.9946e-05
delta_sweep-000656,delta_sweep,prisoners_dilemma,4.0,3.0,1.0,0.0,abstract,A,self_interest,True,indefinite,,0.2,unknown,4,defect,,0.3333333333333333,,,,low_temptation,,e0053679cafba5d705109498,ok,0.53,0.55,0.56,True,0.07,0.2508,2.9946e-05
delta_sweep-000657,delta_sweep,prisoners_dilemma,4.0,3.0,1.0,0.0,abstract,A,self_interest,True,indefinite,,0.2,unknown,5,defect,,0.3333333333333333,,,,low_temptation,,3ec5060157e788058179184d,ok,0.63,0.56,0.57,True,0.26,0.2402,2.9946e-05
delta_sweep-000658,delta_sweep,prisoners_dilemma,4.0,3.0,1.0,0.0,abstract,B,self_interest,False,indefinite,,0.2,unknown,0,defect,,0.3333333333333333,,,,low_temptation,,434481b7806b79b7565ef86d,ok,0.64,0.53,0.57,True,0.28,0.2548,2.9946e-05
delta_sweep-000659,delta_sweep,prisoners_dilemma,4.0,3.0,1.0,0.0,abstract,B,self_interest,False,indefinite,,0.2,unknown,1,defect,,0.3333333333333333,,,,low_temptation,,fc9138546955eb91ad6221b1,ok,0.58,0.51,0.5375,True,0.16,0.2543,2.9946e-05
delta_sweep-000660,delta_sweep,prisoners_dilemma,4.0,3.0,1.0,0.0,abstract,B,self_interest,False,indefinite,,0.2,unknown,2,defect,,0.3333333333333333,,,,low_temptation,,a0bf81b43eef97b1ec90d45f,ok,0.64,0.56,0.55,True,0.28,0.2763,2.9946e-05
delta_sweep-000661,delta_sweep,prisoners_dilemma,4.0,3.0,1.0,0.0,abstract,B,self_interest,False,indefinite,,0.2,unknown,3,defect,,0.3333333333333333,,,,low_temptation,,92252af1dd15a9ee7df436da,ok,0.57,0.54,0.5475,True,0.13,0.2481,2.9946e-05
delta_sweep-000662,delta_sweep,prisoners_dilemma,4.0,3.0,1.0,0.0,abstract,B,self_interest,False,indefinite,,0.2,unknown,4,defect,,0.3333333333333333,,,,low_temptation,,7c9e38b7bf59ee078d041c96,ok,0.62,0.53,0.545,True,0.24,0.2654,2.9946e-05
delta_sweep-000663,delta_sweep,prisoners_dilemma,4.0,3.0,1.0,0.0,abstract,B,self_interest,False,indefinite,,0.2,unknown,5,defect,,0.3333333333333333,,,,low_temptation,,ee7213891b263228e3b12b84,ok,0.68,0.58,0.5725,True,0.36,0.255,2.9946e-05
delta_sweep-000664,delta_sweep,prisoners_dilemma,4.0,3.0,1.0,0.0,abstract,A,self_interest,True,indefinite,,0.3,tit_for_tat,0,defect,defect,0.3333333333333333,,,,low_temptation,,fa3276c7f74b44e2ce7ebfbe,ok,0.46,0.56,0.4975,False,0.07,0.2597,3.2256e-05
delta_sweep-000665,delta_sweep,prisoners_dilemma,4.0,3.0,1.0,0.0,abstract,A,self_interest,True,indefinite,,0.3,tit_for_tat,1,defect,defect,0.3333333333333333,,,,low_temptation,,aa96f2aab09259f86edddd39,ok,0.43,0.56,0.4725,False,0.14,0.3432,3.2256e-05
delta_sweep-000666,delta_sweep,prisoners_dilemma,4.0,3.0,1.0,0.0,abstract,A,self_interest,True,indefinite,,0.3,tit_for_tat,2,defect,defect,0.3333333333333333,,,,low_temptation,,a8f17d02c79b66b3fe5dfd33,ok,0.51,0.59,0.5025,True,0.01,0.2284,3.2256e-05
delta_sweep-000667,delta_sweep,prisoners_dilemma,4.0,3.0,1.0,0.0,abstract,A,self_interest,True,indefinite,,0.3,tit_for_tat,3,defect,defect,0.3333333333333333,,,,low_temptation,,662c75da3814443e32ea8be7,ok,0.57,0.56,0.52,True,0.15,0.2695,3.2256e-05
delta_sweep-000668,delta_sweep,prisoners_dilemma,4.0,3.0,1.0,0.0,abstract,A,self_interest,True,indefinite,,0.3,tit_for_tat,4,defect,defect,0.3333333333333333,,,,low_temptation,,d91061f0541b4e2938eae668,ok,0.49,0.54,0.42,False,0.01,0.2414,3.2256e-05
delta_sweep-000669,delta_sweep,prisoners_dilemma,4.0,3.0,1.0,0.0,abstract,A,self_interest,True,indefinite,,0.3,tit_for_tat,5,defect,defect,0.3333333333333333,,,,low_temptation,,596cbee90b0e3880e07d0d19,ok,0.57,0.6,0.49,True,0.15,0.2595,3.2256e-05
delta_sweep-000670,delta_sweep,prisoners_dilemma,4.0,3.0,1.0,0.0,abstract,B,self_interest,False,indefinite,,0.3,tit_for_tat,0,defect,defect,0.3333333333333333,,,,low_temptation,,779e1110c79be1551e66649c,ok,0.56,0.54,0.51,True,0.12,0.2886,3.2256e-05
delta_sweep-000671,delta_sweep,prisoners_dilemma,4.0,3.0,1.0,0.0,abstract,B,self_interest,False,indefinite,,0.3,tit_for_tat,1,defect,defect,0.3333333333333333,,,,low_temptation,,91b652ca678bbbf2dacf1024,ok,0.56,0.55,0.465,True,0.11,0.2409,3.2256e-05
delta_sweep-000672,delta_sweep,prisoners_dilemma,4.0,3.0,1.0,0.0,abstract,B,self_interest,False,indefinite,,0.3,tit_for_tat,2,defect,defect,0.3333333333333333,,,,low_temptation,,b3d5879bfd90908c7b3767f2,ok,0.54,0.52,0.4825,True,0.08,0.2353,3.2256e-05
delta_sweep-000673,delta_sweep,prisoners_dilemma,4.0,3.0,1.0,0.0,abstract,B,self_interest,False,indefinite,,0.3,tit_for_tat,3,defect,defect,0.3333333333333333,,,,low_temptation,,65fe4a4630efd7106ec8bad4,ok,0.48,0.5,0.435,False,0.03,0.224,3.2256e-05
delta_sweep-000674,delta_sweep,prisoners_dilemma,4.0,3.0,1.0,0.0,abstract,B,self_interest,False,indefinite,,0.3,tit_for_tat,4,defect,defect,0.3333333333333333,,,,low_temptation,,f7fff5c2a8c90b1212bed0e9,ok,0.55,0.53,0.4875,True,0.1,0.2866,3.2256e-05
delta_sweep-000675,delta_sweep,prisoners_dilemma,4.0,3.0,1.0,0.0,abstract,B,self_interest,False,indefinite,,0.3,tit_for_tat,5,defect,defect,0.3333333333333333,,,,low_temptation,,e8f8a0824f50fb17e9c400f8,ok,0.54,0.54,0.4975,True,0.07,0.2681,3.2256e-05
delta_sweep-000676,delta_sweep,prisoners_dilemma,4.0,3.0,1.0,0.0,abstract,A,self_interest,True,indefinite,,0.3,unknown,0,defect,,0.3333333333333333,,,,low_temptation,,9236071473dc91456a362e69,ok,0.64,0.55,0.565,True,0.28,0.2695,2.9946e-05
delta_sweep-000677,delta_sweep,prisoners_dilemma,4.0,3.0,1.0,0.0,abstract,A,self_interest,True,indefinite,,0.3,unknown,1,defect,,0.3333333333333333,,,,low_temptation,,64de333db55cf4c1abea8a4a,ok,0.55,0.56,0.5825,True,0.11,0.2448,2.9946e-05
delta_sweep-000678,delta_sweep,prisoners_dilemma,4.0,3.0,1.0,0.0,abstract,A,self_interest,True,indefinite,,0.3,unknown,2,defect,,0.3333333333333333,,,,low_temptation,,c05766a63ccf1cde63c342f4,ok,0.53,0.54,0.5625,True,0.06,0.2571,2.9946e-05
delta_sweep-000679,delta_sweep,prisoners_dilemma,4.0,3.0,1.0,0.0,abstract,A,self_interest,True,indefinite,,0.3,unknown,3,defect,,0.3333333333333333,,,,low_temptation,,60e6bb340b25665d6a79482f,ok,0.55,0.56,0.57,True,0.11,0.2595,2.9946e-05
delta_sweep-000680,delta_sweep,prisoners_dilemma,4.0,3.0,1.0,0.0,abstract,A,self_interest,True,indefinite,,0.3,unknown,4,defect,,0.3333333333333333,,,,low_temptation,,63850880952a368ebbbc68e9,ok,0.55,0.55,0.56,True,0.1,0.2676,2.9946e-05
delta_sweep-000681,delta_sweep,prisoners_dilemma,4.0,3.0,1.0,0.0,abstract,A,self_interest,True,indefinite,,0.3,unknown,5,defect,,0.3333333333333333,,,,low_temptation,,fa92a8ac9c7dd0619c56c2fd,ok,0.58,0.56,0.5575,True,0.16,0.2489,2.9946e-05
delta_sweep-000682,delta_sweep,prisoners_dilemma,4.0,3.0,1.0,0.0,abstract,B,self_interest,False,indefinite,,0.3,unknown,0,defect,,0.3333333333333333,,,,low_temptation,,bdde42d8a7313b013b26c738,ok,0.64,0.55,0.56,True,0.28,0.2317,2.9946e-05
delta_sweep-000683,delta_sweep,prisoners_dilemma,4.0,3.0,1.0,0.0,abstract,B,self_interest,False,indefinite,,0.3,unknown,1,defect,,0.3333333333333333,,,,low_temptation,,5db174ef97ca03440e6ebe0c,ok,0.66,0.55,0.535,True,0.32,0.2542,2.9946e-05
delta_sweep-000684,delta_sweep,prisoners_dilemma,4.0,3.0,1.0,0.0,abstract,B,self_interest,False,indefinite,,0.3,unknown,2,defect,,0.3333333333333333,,,,low_temptation,,50446bad8dbf0c72704e449c,ok,0.66,0.55,0.575,True,0.32,0.2405,2.9946e-05
delta_sweep-000685,delta_sweep,prisoners_dilemma,4.0,3.0,1.0,0.0,abstract,B,self_interest,False,indefinite,,0.3,unknown,3,defect,,0.3333333333333333,,,,low_temptation,,bb658ff64a6bde6f2c6b56c3,ok,0.67,0.54,0.54,True,0.33,0.2952,2.9946e-05
delta_sweep-000686,delta_sweep,prisoners_dilemma,4.0,3.0,1.0,0.0,abstract,B,self_interest,False,indefinite,,0.3,unknown,4,defect,,0.3333333333333333,,,,low_temptation,,16706f350f89b5073116ef47,ok,0.62,0.56,0.5525,True,0.23,0.2512,2.9946e-05
delta_sweep-000687,delta_sweep,prisoners_dilemma,4.0,3.0,1.0,0.0,abstract,B,self_interest,False,indefinite,,0.3,unknown,5,defect,,0.3333333333333333,,,,low_temptation,,0729ab197f7da5d5bc4a7e23,ok,0.61,0.54,0.5375,True,0.22,0.2498,2.9946e-05
delta_sweep-000688,delta_sweep,prisoners_dilemma,4.0,3.0,1.0,0.0,abstract,A,self_interest,True,indefinite,,0.4,tit_for_tat,0,defect,cooperate,0.3333333333333333,,,,low_temptation,,895264322324a175fa03b116,ok,0.51,0.56,0.4575,True,0.02,0.2918,3.2256e-05
delta_sweep-000689,delta_sweep,prisoners_dilemma,4.0,3.0,1.0,0.0,abstract,A,self_interest,True,indefinite,,0.4,tit_for_tat,1,defect,cooperate,0.3333333333333333,,,,low_temptation,,f4741c45603a429ce1655271,ok,0.51,0.59,0.57,True,0.02,0.2396,3.2256e-05
delta_sweep-000690,delta_sweep,prisoners_dilemma,4.0,3.0,1.0,0.0,abstract,A,self_interest,True,indefinite,,0.4,tit_for_tat,2,defect,cooperate,0.3333333333333333,,,,low_temptation,,c4d01ce8b5baf19b5c422924,ok,0.51,0.54,0.495,True,0.03,0.2452,3.2256e-05
delta_sweep-000691,delta_sweep,prisoners_dilemma,4.0,3.0,1.0,0.0,abstract,A,self_interest,True,indefinite,,0.4,tit_for_tat,3,defect,cooperate,0.3333333333333333,,,,low_temptation,,8b0700d550ad127946481b74,ok,0.52,0.57,0.495,True,0.04,0.2539,3.2256e-05
delta_sweep-000692,delta_sweep,prisoners_dilemma,4.0,3.0,1.0,0.0,abstract,A,self_interest,True,indefinite,,0.4,tit_for_tat,4,defect,cooperate,0.3333333333333333,,,,low_temptation,,a362ef9d1a58e24a7b84fbc5,ok,0.49,0.59,0.48,False,0.02,0.2362,3.2256e-05
delta_sweep-000693,delta_sweep,prisoners_dilemma,4.0,3.0,1.0,0.0,abstract,A,self_interest,True,indefinite,,0.4,tit_for_tat,5,defect,cooperate,0.3333333333333333,,,,low_temptation,,dea21ea713d1237777801b66,ok,0.43,0.53,0.4375,False,0.14,0.2638,3.2256e-05
delta_sweep-000694,delta_sweep,prisoners_dilemma,4.0,3.0,1.0,0.0,abstract,B,self_interest,False,indefinite,,0.4,tit_for_tat,0,defect,cooperate,0.3333333333333333,,,,low_temptation,,23206f490a3dc7fbb79cf285,ok,0.51,0.53,0.4375,True,0.02,0.2804,3.2256e-05
delta_sweep-000695,delta_sweep,prisoners_dilemma,4.0,3.0,1.0,0.0,abstract,B,self_interest,False,indefinite,,0.4,tit_for_tat,1,defect,cooperate,0.3333333333333333,,,,low_temptation,,e7979c6119ecbba121da89a2,ok,0.58,0.59,0.4825,True,0.17,0.2408,3.2256e-05
delta_sweep-000696,delta_sweep,prisoners_dilemma,4.0,3.0,1.0,0.0,abstract,B,self_interest,False,indefinite,,0.4,tit_for_tat,2,defect,cooperate,0.3333333333333333,,,,low_temptation,,b8f4ef2f6bf641fcf05e6125,ok,0.6,0.58,0.5025,True,0.2,0.2999,3.2256e-05
delta_sweep-000697,delta_sweep,prisoners_dilemma,4.0,3.0,1.0,0.0,abstract,B,self_interest,False,indefinite,,0.4,tit_for_tat,3,defect,cooperate,0.3333333333333333,,,,low_temptation,,38bb84733da9982a36fbf33d,ok,0.57,0.52,0.5325,True,0.15,0.2701,3.2256e-05
delta_sweep-000698,delta_sweep,prisoners_dilemma,4.0,3.0,1.0,0.0,abstract,B,self_interest,False,indefinite,,0.4,tit_for_tat,4,defect,cooperate,0.3333333333333333,,,,low_temptation,,37b8aeb7eb390753ad0668d3,ok,0.55,0.57,0.4325,True,0.1,0.2563,3.2256e-05
delta_sweep-000699,delta_sweep,prisoners_dilemma,4.0,3.0,1.0,0.0,abstract,B,self_interest,False,indefinite,,0.4,tit_for_tat,5,defect,cooperate,0.3333333333333333,,,,low_temptation,,709e711c195fd331bce1525b,ok,0.52,0.55,0.5,True,0.04,0.3024,3.2256e-05
delta_sweep-000700,delta_sweep,prisoners_dilemma,4.0,3.0,1.0,0.0,abstract,A,self_interest,True,indefinite,,0.4,unknown,0,defect,,0.3333333333333333,,,,low_temptation,,847a945a8d30e999bc93d376,ok,0.64,0.59,0.6,True,0.29,0.2906,2.9946e-05
delta_sweep-000701,delta_sweep,prisoners_dilemma,4.0,3.0,1.0,0.0,abstract,A,self_interest,True,indefinite,,0.4,unknown,1,defect,,0.3333333333333333,,,,low_temptation,,bac7c71925f74acc0ed77c5d,ok,0.62,0.57,0.575,True,0.24,0.2737,2.9946e-05
delta_sweep-000702,delta_sweep,prisoners_dilemma,4.0,3.0,1.0,0.0,abstract,A,self_interest,True,indefinite,,0.4,unknown,2,defect,,0.3333333333333333,,,,low_temptation,,06397ab9eb124b91115f5112,ok,0.59,0.56,0.58,True,0.18,0.2587,2.9946e-05
delta_sweep-000703,delta_sweep,prisoners_dilemma,4.0,3.0,1.0,0.0,abstract,A,self_interest,True,indefinite,,0.4,unknown,3,defect,,0.3333333333333333,,,,low_temptation,,76001ffacae701d2d519af8f,ok,0.56,0.55,0.5825,True,0.12,0.2865,2.9946e-05
delta_sweep-000704,delta_sweep,prisoners_dilemma,4.0,3.0,1.0,0.0,abstract,A,self_interest,True,indefinite,,0.4,unknown,4,defect,,0.3333333333333333,,,,low_temptation,,0e93d84d5d6aa40cdcce07b2,ok,0.58,0.56,0.5575,True,0.15,0.286,2.9946e-05
delta_sweep-000705,delta_sweep,prisoners_dilemma,4.0,3.0,1.0,0.0,abstract,A,self_interest,True,indefinite,,0.4,unknown,5,defect,,0.3333333333333333,,,,low_temptation,,4dce1608930fc4902320f256,ok,0.58,0.55,0.5625,True,0.16,0.2541,2.9946e-05
delta_sweep-000706,delta_sweep,prisoners_dilemma,4.0,3.0,1.0,0.0,abstract,B,self_interest,False,indefinite,,0.4,unknown,0,defect,,0.3333333333333333,,,,low_temptation,,57b8b5facc5985ba80d1e63e,ok,0.65,0.57,0.5675,True,0.29,0.2349,2.9946e-05
delta_sweep-000707,delta_sweep,prisoners_dilemma,4.0,3.0,1.0,0.0,abstract,B,self_interest,False,indefinite,,0.4,unknown,1,defect,,0.3333333333333333,,,,low_temptation,,a03eb5d33c59957137248538,ok,0.66,0.54,0.5675,True,0.31,0.2475,2.9946e-05
delta_sweep-000708,delta_sweep,prisoners_dilemma,4.0,3.0,1.0,0.0,abstract,B,self_interest,False,indefinite,,0.4,unknown,2,defect,,0.3333333333333333,,,,low_temptation,,8cafcd1cc7df488e1e55a899,ok,0.68,0.57,0.585,True,0.36,0.2427,2.9946e-05
delta_sweep-000709,delta_sweep,prisoners_dilemma,4.0,3.0,1.0,0.0,abstract,B,self_interest,False,indefinite,,0.4,unknown,3,defect,,0.3333333333333333,,,,low_temptation,,ce36537977c501c74be4879c,ok,0.65,0.57,0.5725,True,0.29,0.2611,2.9946e-05
delta_sweep-000710,delta_sweep,prisoners_dilemma,4.0,3.0,1.0,0.0,abstract,B,self_interest,False,indefinite,,0.4,unknown,4,defect,,0.3333333333333333,,,,low_temptation,,f0e824daecbbc3acb71750b1,ok,0.63,0.56,0.5775,True,0.25,0.3237,2.9946e-05
delta_sweep-000711,delta_sweep,prisoners_dilemma,4.0,3.0,1.0,0.0,abstract,B,self_interest,False,indefinite,,0.4,unknown,5,defect,,0.3333333333333333,,,,low_temptation,,0323a88e5c5babbd5e8f5c8d,ok,0.63,0.54,0.5575,True,0.25,0.2564,2.9946e-05
delta_sweep-000712,delta_sweep,prisoners_dilemma,4.0,3.0,1.0,0.0,abstract,A,self_interest,True,indefinite,,0.5,tit_for_tat,0,defect,cooperate,0.3333333333333333,,,,low_temptation,,66355d785b47976df3fffec2,ok,0.5,0.59,0.46,True,0.01,0.252,3.2256e-05
delta_sweep-000713,delta_sweep,prisoners_dilemma,4.0,3.0,1.0,0.0,abstract,A,self_interest,True,indefinite,,0.5,tit_for_tat,1,defect,cooperate,0.3333333333333333,,,,low_temptation,,132cc75ac7cd183127a22834,ok,0.56,0.61,0.53,True,0.12,0.2407,3.2256e-05
delta_sweep-000714,delta_sweep,prisoners_dilemma,4.0,3.0,1.0,0.0,abstract,A,self_interest,True,indefinite,,0.5,tit_for_tat,2,defect,cooperate,0.3333333333333333,,,,low_temptation,,c6da843c843dc9315ac86858,ok,0.52,0.62,0.54,True,0.04,0.2465,3.2256e-05
delta_sweep-000715,delta_sweep,prisoners_dilemma,4.0,3.0,1.0,0.0,abstract,A,self_interest,True,indefinite,,0.5,tit_for_tat,3,defect,cooperate,0.3333333333333333,,,,low_temptation,,393c43ccf3e618f21b319a79,ok,0.54,0.59,0.53,True,0.08,0.2743,3.2256e-05
delta_sweep-000716,delta_sweep,prisoners_dilemma,4.0,3.0,1.0,0.0,abstract,A,self_interest,True,indefinite,,0.5,tit_for_tat,4,defect,cooperate,0.3333333333333333,,,,low_temptation,,24d89cd91f6fcc5825f5f7fc,ok,0.58,0.6,0.505,True,0.15,0.2359,3.2256e-05
delta_sweep-000717,delta_sweep,prisoners_dilemma,4.0,3.0,1.0,0.0,abstract,A,self_interest,True,indefinite,,0.5,tit_for_tat,5,defect,cooperate,0.3333333333333333,,,,low_temptation,,7e862f391a8ca957b7c38e3f,ok,0.59,0.63,0.5525,True,0.18,0.2275,3.2256e-05
delta_sweep-000718,delta_sweep,prisoners_dilemma,4.0,3.0,1.0,0.0,abstract,B,self_interest,False,indefinite,,0.5,tit_for_tat,0,defect,cooperate,0.3333333333333333,,,,low_temptation,,353b82ab66724ec6701b667e,ok,0.59,0.57,0.485,True,0.18,0.2451,3.2256e-05
delta_sweep-000719,delta_sweep,prisoners_dilemma,4.0,3.0,1.0,0.0,abstract,B,self_interest,False,indefinite,,0.5,tit_for_tat,1,defect,cooperate,0.3333333333333333,,,,low_temptation,,f88875bea1e5a8eb8e37017e,ok,0.5,0.53,0.475,True,0.0,0.2334,3.2256e-05
delta_sweep-000720,delta_sweep,prisoners_dilemma,4.0,3.0,1.0,0.0,abstract,B,self_interest,False,indefinite,,0.5,tit_for_tat,2,defect,cooperate,0.3333333333333333,,,,low_temptation,,abe9566af7b7fc7105d4d105,ok,0.58,0.56,0.5025,True,0.17,0.2684,3.2256e-05
delta_sweep-000721,delta_sweep,prisoners_dilemma,4.0,3.0,1.0,0.0,abstract,B,self_interest,False,indefinite,,0.5,tit_for_tat,3,defect,cooperate,0.3333333333333333,,,,low_temptation,,d2342b5c926a0d4fb26eed11,ok,0.54,0.55,0.5075,True,0.08,0.2273,3.2256e-05
delta_sweep-000722,delta_sweep,prisoners_dilemma,4.0,3.0,1.0,0.0,abstract,B,self_interest,False,indefinite,,0.5,tit_for_tat,4,defect,cooperate,0.3333333333333333,,,,low_temptation,,d6dbb47044b30250d9249f36,ok,0.55,0.56,0.495,True,0.1,0.2357,3.2256e-05
delta_sweep-000723,delta_sweep,prisoners_dilemma,4.0,3.0,1.0,0.0,abstract,B,self_interest,False,indefinite,,0.5,tit_for_tat,5,defect,cooperate,0.3333333333333333,,,,low_temptation,,35425c8413136629a8fe1400,ok,0.58,0.55,0.5025,True,0.15,0.3167,3.2256e-05
delta_sweep-000724,delta_sweep,prisoners_dilemma,4.0,3.0,1.0,0.0,abstract,A,self_interest,True,indefinite,,0.5,unknown,0,defect,,0.3333333333333333,,,,low_temptation,,d3fbd184d6251dbf5246031e,ok,0.68,0.6,0.5925,True,0.37,0.2946,2.9946e-05
delta_sweep-000725,delta_sweep,prisoners_dilemma,4.0,3.0,1.0,0.0,abstract,A,self_interest,True,indefinite,,0.5,unknown,1,defect,,0.3333333333333333,,,,low_temptation,,13937e48fc2a881fa8e4b7e5,ok,0.65,0.58,0.575,True,0.31,0.2754,2.9946e-05
delta_sweep-000726,delta_sweep,prisoners_dilemma,4.0,3.0,1.0,0.0,abstract,A,self_interest,True,indefinite,,0.5,unknown,2,defect,,0.3333333333333333,,,,low_temptation,,071c5ffc577d74a4e49caba9,ok,0.63,0.59,0.585,True,0.26,0.2503,2.9946e-05
delta_sweep-000727,delta_sweep,prisoners_dilemma,4.0,3.0,1.0,0.0,abstract,A,self_interest,True,indefinite,,0.5,unknown,3,defect,,0.3333333333333333,,,,low_temptation,,590efd4b1ee8b12a9c148ad6,ok,0.68,0.61,0.595,True,0.35,0.2875,2.9946e-05
delta_sweep-000728,delta_sweep,prisoners_dilemma,4.0,3.0,1.0,0.0,abstract,A,self_interest,True,indefinite,,0.5,unknown,4,defect,,0.3333333333333333,,,,low_temptation,,01226d2a6db387846f8f1409,ok,0.63,0.59,0.6075,True,0.27,0.243,2.9946e-05
delta_sweep-000729,delta_sweep,prisoners_dilemma,4.0,3.0,1.0,0.0,abstract,A,self_interest,True,indefinite,,0.5,unknown,5,defect,,0.3333333333333333,,,,low_temptation,,f5d43a9a1e0c0903e8638ba5,ok,0.63,0.6,0.6,True,0.27,0.2561,2.9946e-05
delta_sweep-000730,delta_sweep,prisoners_dilemma,4.0,3.0,1.0,0.0,abstract,B,self_interest,False,indefinite,,0.5,unknown,0,defect,,0.3333333333333333,,,,low_temptation,,8a07fa8ef41ce165b57fe9d2,ok,0.66,0.54,0.57,True,0.32,0.2856,2.9946e-05
delta_sweep-000731,delta_sweep,prisoners_dilemma,4.0,3.0,1.0,0.0,abstract,B,self_interest,False,indefinite,,0.5,unknown,1,defect,,0.3333333333333333,,,,low_temptation,,9327288bf9517fe4dce08440,ok,0.63,0.51,0.565,True,0.26,0.2396,2.9946e-05
delta_sweep-000732,delta_sweep,prisoners_dilemma,4.0,3.0,1.0,0.0,abstract,B,self_interest,False,indefinite,,0.5,unknown,2,defect,,0.3333333333333333,,,,low_temptation,,d6ea89e9515423c97afc8c12,ok,0.66,0.56,0.565,True,0.33,0.2413,2.9946e-05
delta_sweep-000733,delta_sweep,prisoners_dilemma,4.0,3.0,1.0,0.0,abstract,B,self_interest,False,indefinite,,0.5,unknown,3,defect,,0.3333333333333333,,,,low_temptation,,718c022d9021a8d638fec035,ok,0.65,0.54,0.545,True,0.3,0.2597,2.9946e-05
delta_sweep-000734,delta_sweep,prisoners_dilemma,4.0,3.0,1.0,0.0,abstract,B,self_interest,False,indefinite,,0.5,unknown,4,defect,,0.3333333333333333,,,,low_temptation,,0cd5b546069ef96558681db3,ok,0.67,0.56,0.585,True,0.35,0.2639,2.9946e-05
delta_sweep-000735,delta_sweep,prisoners_dilemma,4.0,3.0,1.0,0.0,abstract,B,self_interest,False,indefinite,,0.5,unknown,5,defect,,0.3333333333333333,,,,low_temptation,,9ac0b39f830a161e75030a3b,ok,0.62,0.55,0.5525,True,0.25,0.2754,2.9946e-05
delta_sweep-000736,delta_sweep,prisoners_dilemma,4.0,3.0,1.0,0.0,abstract,A,self_interest,True,indefinite,,0.6,tit_for_tat,0,defect,cooperate,0.3333333333333333,,,,low_temptation,,1945af1ef0271ce66741bf6f,ok,0.52,0.58,0.47,True,0.04,0.3152,3.2256e-05
delta_sweep-000737,delta_sweep,prisoners_dilemma,4.0,3.0,1.0,0.0,abstract,A,self_interest,True,indefinite,,0.6,tit_for_tat,1,defect,cooperate,0.3333333333333333,,,,low_temptation,,24ad36089ff9bda099dc71b5,ok,0.49,0.58,0.465,False,0.02,0.2722,3.2256e-05
delta_sweep-000738,delta_sweep,prisoners_dilemma,4.0,3.0,1.0,0.0,abstract,A,self_interest,True,indefinite,,0.6,tit_for_tat,2,defect,cooperate,0.3333333333333333,,,,low_temptation,,e1ecc9db687810ad40ca6e06,ok,0.5,0.55,0.4525,False,0.01,0.2738,3.2256e-05
delta_sweep-000739,delta_sweep,prisoners_dilemma,4.0,3.0,1.0,0.0,abstract,A,self_interest,True,indefinite,,0.6,tit_for_tat,3,defect,cooperate,0.3333333333333333,,,,low_temptation,,48697836f580e71b06c2a69b,ok,0.54,0.59,0.5125,True,0.08,0.2823,3.2256e-05
delta_sweep-000740,delta_sweep,prisoners_dilemma,4.0,3.0,1.0,0.0,abstract,A,self_interest,True,indefinite,,0.6,tit_for_tat,4,defect,cooperate,0.3333333333333333,,,,low_temptation,,6eaea39af0756ce96cf85d3d,ok,0.59,0.62,0.5075,True,0.19,0.3195,3.2256e-05
delta_sweep-000741,delta_sweep,prisoners_dilemma,4.0,3.0,1.0,0.0,abstract,A,self_interest,True,indefinite,,0.6,tit_for_tat,5,defect,cooperate,0.3333333333333333,,,,low_temptation,,93f9a4f63a49ccc5ad354458,ok,0.57,0.56,0.5425,True,0.15,0.2476,3.2256e-05
delta_sweep-000742,delta_sweep,prisoners_dilemma,4.0,3.0,1.0,0.0,abstract,B,self_interest,False,indefinite,,0.6,tit_for_tat,0,defect,cooperate,0.3333333333333333,,,,low_temptation,,b9aaf961b4feb5095a479267,ok,0.6,0.58,0.5175,True,0.2,0.2488,3.2256e-05
delta_sweep-000743,delta_sweep,prisoners_dilemma,4.0,3.0,1.0,0.0,abstract,B,self_interest,False,indefinite,,0.6,tit_for_tat,1,defect,cooperate,0.3333333333333333,,,,low_temptation,,59d963e99ecac0e95b182b00,ok,0.54,0.55,0.5275,True,0.08,0.2537,3.2256e-05
delta_sweep-000744,delta_sweep,prisoners_dilemma,4.0,3.0,1.0,0.0,abstract,B,self_interest,False,indefinite,,0.6,tit_for_tat,2,defect,cooperate,0.3333333333333333,,,,low_temptation,,3b3e1629bd6fc6c7610caae6,ok,0.56,0.56,0.4725,True,0.12,0.2678,3.2256e-05
delta_sweep-000745,delta_sweep,prisoners_dilemma,4.0,3.0,1.0,0.0,abstract,B,self_interest,False,indefinite,,0.6,tit_for_tat,3,defect,cooperate,0.3333333333333333,,,,low_temptation,,a284c8e304464cdf8907ff18,ok,0.55,0.55,0.485,True,0.09,0.2778,3.2256e-05
delta_sweep-000746,delta_sweep,prisoners_dilemma,4.0,3.0,1.0,0.0,abstract,B,self_interest,False,indefinite,,0.6,tit_for_tat,4,defect,cooperate,0.3333333333333333,,,,low_temptation,,59d196b2c2997e56df071a47,ok,0.56,0.5,0.515,True,0.11,0.3553,3.2256e-05
delta_sweep-000747,delta_sweep,prisoners_dilemma,4.0,3.0,1.0,0.0,abstract,B,self_interest,False,indefinite,,0.6,tit_for_tat,5,defect,cooperate,0.3333333333333333,,,,low_temptation,,70b973ac77a9026c13f2a5d5,ok,0.49,0.54,0.5075,False,0.03,0.2525,3.2256e-05
delta_sweep-000748,delta_sweep,prisoners_dilemma,4.0,3.0,1.0,0.0,abstract,A,self_interest,True,indefinite,,0.6,unknown,0,defect,,0.3333333333333333,,,,low_temptation,,44d24004954d626091384d29,ok,0.61,0.57,0.5775,True,0.22,0.3081,2.9946e-05
delta_sweep-000749,delta_sweep,prisoners_dilemma,4.0,3.0,1.0,0.0,abstract,A,self_interest,True,indefinite,,0.6,unknown,1,defect,,0.3333333333333333,,,,low_temptation,,7d68277f240695917ec22c8d,ok,0.67,0.58,0.5875,True,0.34,0.2533,2.9946e-05
delta_sweep-000750,delta_sweep,prisoners_dilemma,4.0,3.0,1.0,0.0,abstract,A,self_interest,True,indefinite,,0.6,unknown,2,defect,,0.3333333333333333,,,,low_temptation,,c811246c3cb7b45048542a7b,ok,0.56,0.55,0.5925,True,0.12,0.2422,2.9946e-05
delta_sweep-000751,delta_sweep,prisoners_dilemma,4.0,3.0,1.0,0.0,abstract,A,self_interest,True,indefinite,,0.6,unknown,3,defect,,0.3333333333333333,,,,low_temptation,,3de4aa29ff8f069a0a9218cb,ok,0.65,0.57,0.59,True,0.3,0.7197,2.9946e-05
delta_sweep-000752,delta_sweep,prisoners_dilemma,4.0,3.0,1.0,0.0,abstract,A,self_interest,True,indefinite,,0.6,unknown,4,defect,,0.3333333333333333,,,,low_temptation,,7c11e247af21f61e02e6b5a8,ok,0.55,0.55,0.5875,True,0.1,0.2744,2.9946e-05
delta_sweep-000753,delta_sweep,prisoners_dilemma,4.0,3.0,1.0,0.0,abstract,A,self_interest,True,indefinite,,0.6,unknown,5,defect,,0.3333333333333333,,,,low_temptation,,e3adeb029c5ecbd8e460bf1f,ok,0.64,0.6,0.6225,True,0.28,0.2505,2.9946e-05
delta_sweep-000754,delta_sweep,prisoners_dilemma,4.0,3.0,1.0,0.0,abstract,B,self_interest,False,indefinite,,0.6,unknown,0,defect,,0.3333333333333333,,,,low_temptation,,9cba346609b0745c79cf8770,ok,0.65,0.55,0.555,True,0.3,0.3101,2.9946e-05
delta_sweep-000755,delta_sweep,prisoners_dilemma,4.0,3.0,1.0,0.0,abstract,B,self_interest,False,indefinite,,0.6,unknown,1,defect,,0.3333333333333333,,,,low_temptation,,c3b6645101fa2d5b1ba23829,ok,0.66,0.54,0.565,True,0.31,0.2677,2.9946e-05
delta_sweep-000756,delta_sweep,prisoners_dilemma,4.0,3.0,1.0,0.0,abstract,B,self_interest,False,indefinite,,0.6,unknown,2,defect,,0.3333333333333333,,,,low_temptation,,2803d60f3be3373f20bc151d,ok,0.64,0.57,0.5575,True,0.27,0.2837,2.9946e-05
delta_sweep-000757,delta_sweep,prisoners_dilemma,4.0,3.0,1.0,0.0,abstract,B,self_interest,False,indefinite,,0.6,unknown,3,defect,,0.3333333333333333,,,,low_temptation,,fc284233e679fa1dd47cebf3,ok,0.62,0.54,0.555,True,0.23,0.2929,2.9946e-05
delta_sweep-000758,delta_sweep,prisoners_dilemma,4.0,3.0,1.0,0.0,abstract,B,self_interest,False,indefinite,,0.6,unknown,4,defect,,0.3333333333333333,,,,low_temptation,,4cf1791496a5bf8a12872ab8,ok,0.65,0.54,0.53,True,0.31,0.3093,2.9946e-05
delta_sweep-000759,delta_sweep,prisoners_dilemma,4.0,3.0,1.0,0.0,abstract,B,self_interest,False,indefinite,,0.6,unknown,5,defect,,0.3333333333333333,,,,low_temptation,,07b96b05216044c02e0a3573,ok,0.68,0.55,0.555,True,0.36,0.244,2.9946e-05
delta_sweep-000760,delta_sweep,prisoners_dilemma,4.0,3.0,1.0,0.0,abstract,A,self_interest,True,indefinite,,0.7,tit_for_tat,0,defect,cooperate,0.3333333333333333,,,,low_temptation,,9ec7d2f504a30e6e83242ee9,ok,0.53,0.6,0.54,True,0.06,0.2812,3.2256e-05
delta_sweep-000761,delta_sweep,prisoners_dilemma,4.0,3.0,1.0,0.0,abstract,A,self_interest,True,indefinite,,0.7,tit_for_tat,1,defect,cooperate,0.3333333333333333,,,,low_temptation,,85b51409ea4ce5138045cdbc,ok,0.54,0.58,0.4575,True,0.08,0.2546,3.2256e-05
delta_sweep-000762,delta_sweep,prisoners_dilemma,4.0,3.0,1.0,0.0,abstract,A,self_interest,True,indefinite,,0.7,tit_for_tat,2,defect,cooperate,0.3333333333333333,,,,low_temptation,,b74d904ebc1c569d49579eed,ok,0.53,0.54,0.49,True,0.06,0.2532,3.2256e-05
delta_sweep-000763,delta_sweep,prisoners_dilemma,4.0,3.0,1.0,0.0,abstract,A,self_interest,True,indefinite,,0.7,tit_for_tat,3,defect,cooperate,0.3333333333333333,,,,low_temptation,,e12d65c656a43e01d7056c95,ok,0.51,0.6,0.535,True,0.02,0.23,3.2256e-05
delta_sweep-000764,delta_sweep,prisoners_dilemma,4.0,3.0,1.0,0.0,abstract,A,self_interest,True,indefinite,,0.7,tit_for_tat,4,defect,cooperate,0.3333333333333333,,,,low_temptation,,40f2fea10cfbc22410510a1c,ok,0.55,0.59,0.5125,True,0.09,0.2754,3.2256e-05
delta_sweep-000765,delta_sweep,prisoners_dilemma,4.0,3.0,1.0,0.0,abstract,A,self_interest,True,indefinite,,0.7,tit_for_tat,5,defect,cooperate,0.3333333333333333,,,,low_temptation,,bf10f41061b76d298c337b86,ok,0.61,0.59,0.57,True,0.22,0.2562,3.2256e-05
delta_sweep-000766,delta_sweep,prisoners_dilemma,4.0,3.0,1.0,0.0,abstract,B,self_interest,False,indefinite,,0.7,tit_for_tat,0,defect,cooperate,0.3333333333333333,,,,low_temptation,,5456602d4c2f677dd3a93040,ok,0.5,0.5,0.4575,True,0.0,0.245,3.2256e-05
delta_sweep-000767,delta_sweep,prisoners_dilemma,4.0,3.0,1.0,0.0,abstract,B,self_interest,False,indefinite,,0.7,tit_for_tat,1,defect,cooperate,0.3333333333333333,,,,low_temptation,,ddd2dbfbaa7e29541c53d84a,ok,0.53,0.52,0.49,True,0.05,0.2793,3.2256e-05
delta_sweep-000768,delta_sweep,prisoners_dilemma,4.0,3.0,1.0,0.0,abstract,B,self_interest,False,indefinite,,0.7,tit_for_tat,2,defect,cooperate,0.3333333333333333,,,,low_temptation,,c2793fed3581a6ae00a9d544,ok,0.49,0.49,0.5175,False,0.03,0.3407,3.2256e-05
delta_sweep-000769,delta_sweep,prisoners_dilemma,4.0,3.0,1.0,0.0,abstract,B,self_interest,False,indefinite,,0.7,tit_for_tat,3,defect,cooperate,0.3333333333333333,,,,low_temptation,,9833de3334510c1bcb0f73e1,ok,0.53,0.47,0.5125,True,0.07,0.2288,3.2256e-05
delta_sweep-000770,delta_sweep,prisoners_dilemma,4.0,3.0,1.0,0.0,abstract,B,self_interest,False,indefinite,,0.7,tit_for_tat,4,defect,cooperate,0.3333333333333333,,,,low_temptation,,ced25e2dcdbba77e190e4284,ok,0.52,0.48,0.48,True,0.04,0.2525,3.2256e-05
delta_sweep-000771,delta_sweep,prisoners_dilemma,4.0,3.0,1.0,0.0,abstract,B,self_interest,False,indefinite,,0.7,tit_for_tat,5,defect,cooperate,0.3333333333333333,,,,low_temptation,,1b6fe601121a657440cd14be,ok,0.54,0.56,0.47,True,0.08,0.2497,3.2256e-05
delta_sweep-000772,delta_sweep,prisoners_dilemma,4.0,3.0,1.0,0.0,abstract,A,self_interest,True,indefinite,,0.7,unknown,0,defect,,0.3333333333333333,,,,low_temptation,,74fe1931dbae8df03138be90,ok,0.6,0.55,0.5975,True,0.21,0.2574,2.9946e-05
delta_sweep-000773,delta_sweep,prisoners_dilemma,4.0,3.0,1.0,0.0,abstract,A,self_interest,True,indefinite,,0.7,unknown,1,defect,,0.3333333333333333,,,,low_temptation,,7a881c285b7b2e0d13408e90,ok,0.65,0.61,0.63,True,0.31,0.2316,2.9946e-05
delta_sweep-000774,delta_sweep,prisoners_dilemma,4.0,3.0,1.0,0.0,abstract,A,self_interest,True,indefinite,,0.7,unknown,2,defect,,0.3333333333333333,,,,low_temptation,,4866a51b8d8f9bdf91a86f56,ok,0.64,0.61,0.6125,True,0.29,0.2485,2.9946e-05
delta_sweep-000775,delta_sweep,prisoners_dilemma,4.0,3.0,1.0,0.0,abstract,A,self_interest,True,indefinite,,0.7,unknown,3,defect,,0.3333333333333333,,,,low_temptation,,ef5ef9fb6726fb7b6d98b94e,ok,0.63,0.59,0.605,True,0.26,0.2433,2.9946e-05
delta_sweep-000776,delta_sweep,prisoners_dilemma,4.0,3.0,1.0,0.0,abstract,A,self_interest,True,indefinite,,0.7,unknown,4,defect,,0.3333333333333333,,,,low_temptation,,7c867fa526aee523052b889c,ok,0.62,0.59,0.6075,True,0.25,0.2657,2.9946e-05
delta_sweep-000777,delta_sweep,prisoners_dilemma,4.0,3.0,1.0,0.0,abstract,A,self_interest,True,indefinite,,0.7,unknown,5,defect,,0.3333333333333333,,,,low_temptation,,675945e958a210e2646ac4df,ok,0.67,0.58,0.59,True,0.34,0.2496,2.9946e-05
delta_sweep-000778,delta_sweep,prisoners_dilemma,4.0,3.0,1.0,0.0,abstract,B,self_interest,False,indefinite,,0.7,unknown,0,defect,,0.3333333333333333,,,,low_temptation,,d31dbbc1a00c20e0a71be176,ok,0.65,0.54,0.585,True,0.3,0.2506,2.9946e-05
delta_sweep-000779,delta_sweep,prisoners_dilemma,4.0,3.0,1.0,0.0,abstract,B,self_interest,False,indefinite,,0.7,unknown,1,defect,,0.3333333333333333,,,,low_temptation,,06be46bb8d7a34c587527c64,ok,0.66,0.54,0.5725,True,0.32,0.3599,2.9946e-05
delta_sweep-000780,delta_sweep,prisoners_dilemma,4.0,3.0,1.0,0.0,abstract,B,self_interest,False,indefinite,,0.7,unknown,2,defect,,0.3333333333333333,,,,low_temptation,,72f8bb817b85ef418b166175,ok,0.64,0.57,0.595,True,0.28,0.2736,2.9946e-05
delta_sweep-000781,delta_sweep,prisoners_dilemma,4.0,3.0,1.0,0.0,abstract,B,self_interest,False,indefinite,,0.7,unknown,3,defect,,0.3333333333333333,,,,low_temptation,,711af03b8766f0f43366bd37,ok,0.65,0.55,0.5825,True,0.29,0.2376,2.9946e-05
delta_sweep-000782,delta_sweep,prisoners_dilemma,4.0,3.0,1.0,0.0,abstract,B,self_interest,False,indefinite,,0.7,unknown,4,defect,,0.3333333333333333,,,,low_temptation,,123eb1314636b6a071561402,ok,0.68,0.56,0.5875,True,0.35,0.2339,2.9946e-05
delta_sweep-000783,delta_sweep,prisoners_dilemma,4.0,3.0,1.0,0.0,abstract,B,self_interest,False,indefinite,,0.7,unknown,5,defect,,0.3333333333333333,,,,low_temptation,,4dc7713e4fd0304ae609be6b,ok,0.67,0.56,0.5975,True,0.34,0.2942,2.9946e-05
delta_sweep-000784,delta_sweep,prisoners_dilemma,4.0,3.0,1.0,0.0,abstract,A,self_interest,True,indefinite,,0.8,tit_for_tat,0,defect,cooperate,0.3333333333333333,,,,low_temptation,,b888e93dc0895abdadbbab49,ok,0.54,0.57,0.475,True,0.09,0.2464,3.2256e-05
delta_sweep-000785,delta_sweep,prisoners_dilemma,4.0,3.0,1.0,0.0,abstract,A,self_interest,True,indefinite,,0.8,tit_for_tat,1,defect,cooperate,0.3333333333333333,,,,low_temptation,,5b9f27bf158f58ae2a471d7a,ok,0.56,0.59,0.5275,True,0.13,0.2583,3.2256e-05
delta_sweep-000786,delta_sweep,prisoners_dilemma,4.0,3.0,1.0,0.0,abstract,A,self_interest,True,indefinite,,0.8,tit_for_tat,2,defect,cooperate,0.3333333333333333,,,,low_temptation,,e4253e5f687895ee9bdcd42c,ok,0.52,0.59,0.4675,True,0.04,0.2699,3.2256e-05
delta_sweep-000787,delta_sweep,prisoners_dilemma,4.0,3.0,1.0,0.0,abstract,A,self_interest,True,indefinite,,0.8,tit_for_tat,3,defect,cooperate,0.3333333333333333,,,,low_temptation,,ce7f7b9701bc3d7041f5e116,ok,0.56,0.6,0.53,True,0.13,0.2982,3.2256e-05
delta_sweep-000788,delta_sweep,prisoners_dilemma,4.0,3.0,1.0,0.0,abstract,A,self_interest,True,indefinite,,0.8,tit_for_tat,4,defect,cooperate,0.3333333333333333,,,,low_temptation,,315afa7ca1bbab8d73b8e62d,ok,0.5,0.57,0.4825,True,0.01,0.2405,3.2256e-05
delta_sweep-000789,delta_sweep,prisoners_dilemma,4.0,3.0,1.0,0.0,abstract,A,self_interest,True,indefinite,,0.8,tit_for_tat,5,defect,cooperate,0.3333333333333333,,,,low_temptation,,22209f4df03f1df14bf5cf13,ok,0.6,0.58,0.5325,True,0.2,0.2579,3.2256e-05
delta_sweep-000790,delta_sweep,prisoners_dilemma,4.0,3.0,1.0,0.0,abstract,B,self_interest,False,indefinite,,0.8,tit_for_tat,0,defect,cooperate,0.3333333333333333,,,,low_temptation,,15399598ac787b154abb5fdd,ok,0.52,0.58,0.4625,True,0.03,0.3029,3.2256e-05
delta_sweep-000791,delta_sweep,prisoners_dilemma,4.0,3.0,1.0,0.0,abstract,B,self_interest,False,indefinite,,0.8,tit_for_tat,1,defect,cooperate,0.3333333333333333,,,,low_temptation,,e6adcd195f3b920fc75d7403,ok,0.53,0.51,0.4875,True,0.07,0.3458,3.2256e-05
delta_sweep-000792,delta_sweep,prisoners_dilemma,4.0,3.0,1.0,0.0,abstract,B,self_interest,False,indefinite,,0.8,tit_for_tat,2,defect,cooperate,0.3333333333333333,,,,low_temptation,,e4b277a061d8db4dece7d9ef,ok,0.51,0.54,0.4875,True,0.01,0.284,3.2256e-05
delta_sweep-000793,delta_sweep,prisoners_dilemma,4.0,3.0,1.0,0.0,abstract,B,self_interest,False,indefinite,,0.8,tit_for_tat,3,defect,cooperate,0.3333333333333333,,,,low_temptation,,1f62bcd85861cbaf1597ab58,ok,0.54,0.54,0.4875,True,0.07,0.2619,3.2256e-05
delta_sweep-000794,delta_sweep,prisoners_dilemma,4.0,3.0,1.0,0.0,abstract,B,self_interest,False,indefinite,,0.8,tit_for_tat,4,defect,cooperate,0.3333333333333333,,,,low_temptation,,d53e32a9b7a3fdc37da5743f,ok,0.54,0.55,0.5075,True,0.09,0.2261,3.2256e-05
delta_sweep-000795,delta_sweep,prisoners_dilemma,4.0,3.0,1.0,0.0,abstract,B,self_interest,False,indefinite,,0.8,tit_for_tat,5,defect,cooperate,0.3333333333333333,,,,low_temptation,,4129d1c33e01d16d50236027,ok,0.55,0.56,0.53,True,0.09,0.2523,3.2256e-05
delta_sweep-000796,delta_sweep,prisoners_dilemma,4.0,3.0,1.0,0.0,abstract,A,self_interest,True,indefinite,,0.8,unknown,0,defect,,0.3333333333333333,,,,low_temptation,,4880f80e66dfd4f48b403e22,ok,0.68,0.61,0.615,True,0.36,0.2568,2.9946e-05
delta_sweep-000797,delta_sweep,prisoners_dilemma,4.0,3.0,1.0,0.0,abstract,A,self_interest,True,indefinite,,0.8,unknown,1,defect,,0.3333333333333333,,,,low_temptation,,eb79d7ef479b54f659b1a82b,ok,0.68,0.61,0.6175,True,0.35,0.2456,2.9946e-05
delta_sweep-000798,delta_sweep,prisoners_dilemma,4.0,3.0,1.0,0.0,abstract,A,self_interest,True,indefinite,,0.8,unknown,2,defect,,0.3333333333333333,,,,low_temptation,,17916aba5f00963909b13131,ok,0.65,0.6,0.5925,True,0.3,0.2379,2.9946e-05
delta_sweep-000799,delta_sweep,prisoners_dilemma,4.0,3.0,1.0,0.0,abstract,A,self_interest,True,indefinite,,0.8,unknown,3,defect,,0.3333333333333333,,,,low_temptation,,c3a7fdab690b69867c055801,ok,0.73,0.62,0.63,True,0.46,0.2294,2.9946e-05
delta_sweep-000800,delta_sweep,prisoners_dilemma,4.0,3.0,1.0,0.0,abstract,A,self_interest,True,indefinite,,0.8,unknown,4,defect,,0.3333333333333333,,,,low_temptation,,a5e115eccc167fa6655c60db,ok,0.66,0.6,0.605,True,0.32,0.2261,2.9946e-05
delta_sweep-000801,delta_sweep,prisoners_dilemma,4.0,3.0,1.0,0.0,abstract,A,self_interest,True,indefinite,,0.8,unknown,5,defect,,0.3333333333333333,,,,low_temptation,,87e8fb220f8b941a972adebe,ok,0.67,0.59,0.6125,True,0.34,0.2781,2.9946e-05
delta_sweep-000802,delta_sweep,prisoners_dilemma,4.0,3.0,1.0,0.0,abstract,B,self_interest,False,indefinite,,0.8,unknown,0,defect,,0.3333333333333333,,,,low_temptation,,98450f1e3e9f655bf7db9dc1,ok,0.65,0.57,0.5725,True,0.31,0.2754,2.9946e-05
delta_sweep-000803,delta_sweep,prisoners_dilemma,4.0,3.0,1.0,0.0,abstract,B,self_interest,False,indefinite,,0.8,unknown,1,defect,,0.3333333333333333,,,,low_temptation,,5cb8fea2013a60fa02dc9412,ok,0.66,0.55,0.575,True,0.33,0.2817,2.9946e-05
delta_sweep-000804,delta_sweep,prisoners_dilemma,4.0,3.0,1.0,0.0,abstract,B,self_interest,False,indefinite,,0.8,unknown,2,defect,,0.3333333333333333,,,,low_temptation,,45e407e66ed515c3c6f0c866,ok,0.62,0.53,0.535,True,0.24,0.2941,2.9946e-05
delta_sweep-000805,delta_sweep,prisoners_dilemma,4.0,3.0,1.0,0.0,abstract,B,self_interest,False,indefinite,,0.8,unknown,3,defect,,0.3333333333333333,,,,low_temptation,,41875ecd6a6e2123773073af,ok,0.65,0.54,0.5825,True,0.3,0.2697,2.9946e-05
delta_sweep-000806,delta_sweep,prisoners_dilemma,4.0,3.0,1.0,0.0,abstract,B,self_interest,False,indefinite,,0.8,unknown,4,defect,,0.3333333333333333,,,,low_temptation,,9f37576d89f49a1ac5c2e1b1,ok,0.66,0.56,0.5875,True,0.32,0.2504,2.9946e-05
delta_sweep-000807,delta_sweep,prisoners_dilemma,4.0,3.0,1.0,0.0,abstract,B,self_interest,False,indefinite,,0.8,unknown,5,defect,,0.3333333333333333,,,,low_temptation,,71b3d03edae380f7df700c89,ok,0.72,0.59,0.5975,True,0.44,0.2456,2.9946e-05
delta_sweep-000808,delta_sweep,prisoners_dilemma,4.0,3.0,1.0,0.0,abstract,A,self_interest,True,indefinite,,0.9,tit_for_tat,0,defect,cooperate,0.3333333333333333,,,,low_temptation,,e0052911e38149401de6e779,ok,0.59,0.58,0.495,True,0.18,0.2929,3.2256e-05
delta_sweep-000809,delta_sweep,prisoners_dilemma,4.0,3.0,1.0,0.0,abstract,A,self_interest,True,indefinite,,0.9,tit_for_tat,1,defect,cooperate,0.3333333333333333,,,,low_temptation,,4502e126382010fcbf9f2fa8,ok,0.57,0.62,0.5475,True,0.13,0.2833,3.2256e-05
delta_sweep-000810,delta_sweep,prisoners_dilemma,4.0,3.0,1.0,0.0,abstract,A,self_interest,True,indefinite,,0.9,tit_for_tat,2,defect,cooperate,0.3333333333333333,,,,low_temptation,,0d24297057cc1152c597b32b,ok,0.54,0.59,0.565,True,0.09,0.2713,3.2256e-05
delta_sweep-000811,delta_sweep,prisoners_dilemma,4.0,3.0,1.0,0.0,abstract,A,self_interest,True,indefinite,,0.9,tit_for_tat,3,defect,cooperate,0.3333333333333333,,,,low_temptation,,e567123ac0328f24783f0ec9,ok,0.55,0.6,0.485,True,0.1,0.2543,3.2256e-05
delta_sweep-000812,delta_sweep,prisoners_dilemma,4.0,3.0,1.0,0.0,abstract,A,self_interest,True,indefinite,,0.9,tit_for_tat,4,defect,cooperate,0.3333333333333333,,,,low_temptation,,36cae0a7f978f18c797eaf45,ok,0.51,0.59,0.5175,True,0.02,0.2415,3.2256e-05
delta_sweep-000813,delta_sweep,prisoners_dilemma,4.0,3.0,1.0,0.0,abstract,A,self_interest,True,indefinite,,0.9,tit_for_tat,5,defect,cooperate,0.3333333333333333,,,,low_temptation,,35c496880bbd501c54b2ded4,ok,0.63,0.65,0.57,True,0.26,0.2487,3.2256e-05
delta_sweep-000814,delta_sweep,prisoners_dilemma,4.0,3.0,1.0,0.0,abstract,B,self_interest,False,indefinite,,0.9,tit_for_tat,0,defect,cooperate,0.3333333333333333,,,,low_temptation,,2a82a33391d4c3fe61357f26,ok,0.51,0.55,0.535,True,0.02,0.246,3.2256e-05
delta_sweep-000815,delta_sweep,prisoners_dilemma,4.0,3.0,1.0,0.0,abstract,B,self_interest,False,indefinite,,0.9,tit_for_tat,1,defect,cooperate,0.3333333333333333,,,,low_temptation,,1aea94d24e91523f98e70d76,ok,0.56,0.57,0.5225,True,0.12,0.2366,3.2256e-05
delta_sweep-000816,delta_sweep,prisoners_dilemma,4.0,3.0,1.0,0.0,abstract,B,self_interest,False,indefinite,,0.9,tit_for_tat,2,defect,cooperate,0.3333333333333333,,,,low_temptation,,0735887f3e3d7fbc1bd42593,ok,0.58,0.58,0.555,True,0.15,0.2535,3.2256e-05
delta_sweep-000817,delta_sweep,prisoners_dilemma,4.0,3.0,1.0,0.0,abstract,B,self_interest,False,indefinite,,0.9,tit_for_tat,3,defect,cooperate,0.3333333333333333,,,,low_temptation,,967c9eca7c15d2ab73fa7969,ok,0.47,0.53,0.4775,False,0.05,0.2594,3.2256e-05
delta_sweep-000818,delta_sweep,prisoners_dilemma,4.0,3.0,1.0,0.0,abstract,B,self_interest,False,indefinite,,0.9,tit_for_tat,4,defect,cooperate,0.3333333333333333,,,,low_temptation,,21d35b7fd2affa0a638f4f06,ok,0.57,0.56,0.5275,True,0.15,0.2389,3.2256e-05
delta_sweep-000819,delta_sweep,prisoners_dilemma,4.0,3.0,1.0,0.0,abstract,B,self_interest,False,indefinite,,0.9,tit_for_tat,5,defect,cooperate,0.3333333333333333,,,,low_temptation,,bb0ced159c36f8dc653eee96,ok,0.55,0.57,0.4975,True,0.09,0.2611,3.2256e-05
delta_sweep-000820,delta_sweep,prisoners_dilemma,4.0,3.0,1.0,0.0,abstract,A,self_interest,True,indefinite,,0.9,unknown,0,defect,,0.3333333333333333,,,,low_temptation,,784d53386ca1fc2905e8755e,ok,0.77,0.65,0.665,True,0.54,0.2784,2.9946e-05
delta_sweep-000821,delta_sweep,prisoners_dilemma,4.0,3.0,1.0,0.0,abstract,A,self_interest,True,indefinite,,0.9,unknown,1,defect,,0.3333333333333333,,,,low_temptation,,54ad8ec96848cceadc9fdaba,ok,0.64,0.62,0.63,True,0.28,0.2974,2.9946e-05
delta_sweep-000822,delta_sweep,prisoners_dilemma,4.0,3.0,1.0,0.0,abstract,A,self_interest,True,indefinite,,0.9,unknown,2,defect,,0.3333333333333333,,,,low_temptation,,57070100385c9e215774d01e,ok,0.71,0.62,0.6275,True,0.43,0.2527,2.9946e-05
delta_sweep-000823,delta_sweep,prisoners_dilemma,4.0,3.0,1.0,0.0,abstract,A,self_interest,True,indefinite,,0.9,unknown,3,defect,,0.3333333333333333,,,,low_temptation,,8a1ec4aebbd47ae05b502165,ok,0.72,0.61,0.61,True,0.43,0.2767,2.9946e-05
delta_sweep-000824,delta_sweep,prisoners_dilemma,4.0,3.0,1.0,0.0,abstract,A,self_interest,True,indefinite,,0.9,unknown,4,defect,,0.3333333333333333,,,,low_temptation,,05fd6456cb43f9635a342faa,ok,0.74,0.62,0.645,True,0.49,0.2452,2.9946e-05
delta_sweep-000825,delta_sweep,prisoners_dilemma,4.0,3.0,1.0,0.0,abstract,A,self_interest,True,indefinite,,0.9,unknown,5,defect,,0.3333333333333333,,,,low_temptation,,490243d28f45564a094cb1ba,ok,0.72,0.6,0.6275,True,0.44,0.2696,2.9946e-05
delta_sweep-000826,delta_sweep,prisoners_dilemma,4.0,3.0,1.0,0.0,abstract,B,self_interest,False,indefinite,,0.9,unknown,0,defect,,0.3333333333333333,,,,low_temptation,,a9798151ef43c2f88a0a7fd2,ok,0.67,0.56,0.5875,True,0.34,0.3265,2.9946e-05
delta_sweep-000827,delta_sweep,prisoners_dilemma,4.0,3.0,1.0,0.0,abstract,B,self_interest,False,indefinite,,0.9,unknown,1,defect,,0.3333333333333333,,,,low_temptation,,43f45d4ee32197a36daf6e44,ok,0.72,0.57,0.625,True,0.43,0.2342,2.9946e-05
delta_sweep-000828,delta_sweep,prisoners_dilemma,4.0,3.0,1.0,0.0,abstract,B,self_interest,False,indefinite,,0.9,unknown,2,defect,,0.3333333333333333,,,,low_temptation,,6cca135209bc63a2813801f7,ok,0.66,0.57,0.59,True,0.32,0.2768,2.9946e-05
delta_sweep-000829,delta_sweep,prisoners_dilemma,4.0,3.0,1.0,0.0,abstract,B,self_interest,False,indefinite,,0.9,unknown,3,defect,,0.3333333333333333,,,,low_temptation,,00e4d9f84ac81f14d228c6aa,ok,0.68,0.54,0.565,True,0.35,0.2733,2.9946e-05
delta_sweep-000830,delta_sweep,prisoners_dilemma,4.0,3.0,1.0,0.0,abstract,B,self_interest,False,indefinite,,0.9,unknown,4,defect,,0.3333333333333333,,,,low_temptation,,8b59387e14aed3dd7c09f68e,ok,0.7,0.56,0.59,True,0.4,0.26,2.9946e-05
delta_sweep-000831,delta_sweep,prisoners_dilemma,4.0,3.0,1.0,0.0,abstract,B,self_interest,False,indefinite,,0.9,unknown,5,defect,,0.3333333333333333,,,,low_temptation,,37b89a34472c76932ce9c99b,ok,0.67,0.55,0.5775,True,0.35,0.2698,2.9946e-05
delta_sweep-000832,delta_sweep,prisoners_dilemma,4.0,3.0,1.0,0.0,abstract,A,self_interest,True,indefinite,,0.95,tit_for_tat,0,defect,cooperate,0.3333333333333333,,,,low_temptation,,18f2eda35b1a0d6870e7857b,ok,0.56,0.58,0.5125,True,0.12,0.2501,3.2214e-05
delta_sweep-000833,delta_sweep,prisoners_dilemma,4.0,3.0,1.0,0.0,abstract,A,self_interest,True,indefinite,,0.95,tit_for_tat,1,defect,cooperate,0.3333333333333333,,,,low_temptation,,46109cea8a92e69acad1dcbd,ok,0.53,0.58,0.5725,True,0.07,0.2588,3.2214e-05
delta_sweep-000834,delta_sweep,prisoners_dilemma,4.0,3.0,1.0,0.0,abstract,A,self_interest,True,indefinite,,0.95,tit_for_tat,2,defect,cooperate,0.3333333333333333,,,,low_temptation,,affd1b59cb63a1e253e24f47,ok,0.58,0.6,0.5625,True,0.16,0.2461,3.2214e-05
delta_sweep-000835,delta_sweep,prisoners_dilemma,4.0,3.0,1.0,0.0,abstract,A,self_interest,True,indefinite,,0.95,tit_for_tat,3,defect,cooperate,0.3333333333333333,,,,low_temptation,,a2fd3182f840d0a9b241b722,ok,0.53,0.6,0.54,True,0.07,0.2594,3.2214e-05
delta_sweep-000836,delta_sweep,prisoners_dilemma,4.0,3.0,1.0,0.0,abstract,A,self_interest,True,indefinite,,0.95,tit_for_tat,4,defect,cooperate,0.3333333333333333,,,,low_temptation,,64acae5cda75866758663d02,ok,0.57,0.6,0.5125,True,0.14,0.2687,3.2214e-05
delta_sweep-000837,delta_sweep,prisoners_dilemma,4.0,3.0,1.0,0.0,abstract,A,self_interest,True,indefinite,,0.95,tit_for_tat,5,defect,cooperate,0.3333333333333333,,,,low_temptation,,6803cf1622127ebad3f0aad3,ok,0.51,0.57,0.5525,True,0.02,0.2511,3.2214e-05
delta_sweep-000838,delta_sweep,prisoners_dilemma,4.0,3.0,1.0,0.0,abstract,B,self_interest,False,indefinite,,0.95,tit_for_tat,0,defect,cooperate,0.3333333333333333,,,,low_temptation,,a3be1ddeda0f2c585c3e8861,ok,0.55,0.55,0.4675,True,0.09,0.2499,3.2214e-05
delta_sweep-000839,delta_sweep,prisoners_dilemma,4.0,3.0,1.0,0.0,abstract,B,self_interest,False,indefinite,,0.95,tit_for_tat,1,defect,cooperate,0.3333333333333333,,,,low_temptation,,c77653ebefe9904c108ee1bf,ok,0.57,0.53,0.515,True,0.15,0.2905,3.2214e-05
delta_sweep-000840,delta_sweep,prisoners_dilemma,4.0,3.0,1.0,0.0,abstract,B,self_interest,False,indefinite,,0.95,tit_for_tat,2,defect,cooperate,0.3333333333333333,,,,low_temptation,,3e9fe989f02774a5f1114de0,ok,0.58,0.58,0.5275,True,0.16,0.2951,3.2214e-05
delta_sweep-000841,delta_sweep,prisoners_dilemma,4.0,3.0,1.0,0.0,abstract,B,self_interest,False,indefinite,,0.95,tit_for_tat,3,defect,cooperate,0.3333333333333333,,,,low_temptation,,fda95a7a53846a53ed22324f,ok,0.56,0.56,0.515,True,0.12,0.2306,3.2214e-05
delta_sweep-000842,delta_sweep,prisoners_dilemma,4.0,3.0,1.0,0.0,abstract,B,self_interest,False,indefinite,,0.95,tit_for_tat,4,defect,cooperate,0.3333333333333333,,,,low_temptation,,e4daec8ce36e15f6bd02b310,ok,0.51,0.51,0.5425,True,0.03,0.267,3.2214e-05
delta_sweep-000843,delta_sweep,prisoners_dilemma,4.0,3.0,1.0,0.0,abstract,B,self_interest,False,indefinite,,0.95,tit_for_tat,5,defect,cooperate,0.3333333333333333,,,,low_temptation,,d2b19e49435550f3ce2c500d,ok,0.54,0.58,0.46,True,0.09,0.3137,3.2214e-05
delta_sweep-000844,delta_sweep,prisoners_dilemma,4.0,3.0,1.0,0.0,abstract,A,self_interest,True,indefinite,,0.95,unknown,0,defect,,0.3333333333333333,,,,low_temptation,,fee1472cd1c95971f2cf1af4,ok,0.69,0.61,0.5975,True,0.39,0.2544,2.9904e-05
delta_sweep-000845,delta_sweep,prisoners_dilemma,4.0,3.0,1.0,0.0,abstract,A,self_interest,True,indefinite,,0.95,unknown,1,defect,,0.3333333333333333,,,,low_temptation,,76627aa052db4d9ed2d2c0f2,ok,0.75,0.64,0.6325,True,0.51,0.7172,2.9904e-05
delta_sweep-000846,delta_sweep,prisoners_dilemma,4.0,3.0,1.0,0.0,abstract,A,self_interest,True,indefinite,,0.95,unknown,2,defect,,0.3333333333333333,,,,low_temptation,,7154070678f9d0e95a392e91,ok,0.68,0.6,0.62,True,0.36,0.2413,2.9904e-05
delta_sweep-000847,delta_sweep,prisoners_dilemma,4.0,3.0,1.0,0.0,abstract,A,self_interest,True,indefinite,,0.95,unknown,3,defect,,0.3333333333333333,,,,low_temptation,,aaa7f3fd97caa8e22347c21e,ok,0.61,0.55,0.585,True,0.21,0.271,2.9904e-05
delta_sweep-000848,delta_sweep,prisoners_dilemma,4.0,3.0,1.0,0.0,abstract,A,self_interest,True,indefinite,,0.95,unknown,4,defect,,0.3333333333333333,,,,low_temptation,,d85b2fea83a10f37a3622644,ok,0.71,0.6,0.61,True,0.41,0.3092,2.9904e-05
delta_sweep-000849,delta_sweep,prisoners_dilemma,4.0,3.0,1.0,0.0,abstract,A,self_interest,True,indefinite,,0.95,unknown,5,defect,,0.3333333333333333,,,,low_temptation,,fbc0ea5283882a334c1c1044,ok,0.75,0.66,0.64,True,0.49,0.2314,2.9904e-05
delta_sweep-000850,delta_sweep,prisoners_dilemma,4.0,3.0,1.0,0.0,abstract,B,self_interest,False,indefinite,,0.95,unknown,0,defect,,0.3333333333333333,,,,low_temptation,,c9f5fe8fe2bc27885b996809,ok,0.69,0.57,0.5925,True,0.39,0.2676,2.9904e-05
delta_sweep-000851,delta_sweep,prisoners_dilemma,4.0,3.0,1.0,0.0,abstract,B,self_interest,False,indefinite,,0.95,unknown,1,defect,,0.3333333333333333,,,,low_temptation,,f7a067726dfcb5c55ddea23e,ok,0.71,0.57,0.59,True,0.41,0.2474,2.9904e-05
delta_sweep-000852,delta_sweep,prisoners_dilemma,4.0,3.0,1.0,0.0,abstract,B,self_interest,False,indefinite,,0.95,unknown,2,defect,,0.3333333333333333,,,,low_temptation,,67288ef4cf1c0b6fc56e961c,ok,0.67,0.56,0.585,True,0.33,0.5695,2.9904e-05
delta_sweep-000853,delta_sweep,prisoners_dilemma,4.0,3.0,1.0,0.0,abstract,B,self_interest,False,indefinite,,0.95,unknown,3,defect,,0.3333333333333333,,,,low_temptation,,5c2a10be4da527d7b37f186a,ok,0.71,0.57,0.59,True,0.43,0.277,2.9904e-05
delta_sweep-000854,delta_sweep,prisoners_dilemma,4.0,3.0,1.0,0.0,abstract,B,self_interest,False,indefinite,,0.95,unknown,4,defect,,0.3333333333333333,,,,low_temptation,,f83541e92e5d38a5853dcd07,ok,0.68,0.56,0.575,True,0.37,0.2862,2.9904e-05
delta_sweep-000855,delta_sweep,prisoners_dilemma,4.0,3.0,1.0,0.0,abstract,B,self_interest,False,indefinite,,0.95,unknown,5,defect,,0.3333333333333333,,,,low_temptation,,dcf63380877d0cd1fdc607bc,ok,0.7,0.55,0.5975,True,0.41,0.2546,2.9904e-05
delta_sweep-000856,delta_sweep,prisoners_dilemma,5.0,3.0,1.0,0.0,abstract,A,self_interest,True,indefinite,,0.0,tit_for_tat,0,defect,defect,0.5,,,,mid_temptation,,060217b6f157ddcdeeada878,ok,0.44,0.5,0.3925,False,0.13,0.2426,3.2256e-05
delta_sweep-000857,delta_sweep,prisoners_dilemma,5.0,3.0,1.0,0.0,abstract,A,self_interest,True,indefinite,,0.0,tit_for_tat,1,defect,defect,0.5,,,,mid_temptation,,36dc34731ae826c83e0c6a18,ok,0.39,0.5,0.435,False,0.21,0.2487,3.2256e-05
delta_sweep-000858,delta_sweep,prisoners_dilemma,5.0,3.0,1.0,0.0,abstract,A,self_interest,True,indefinite,,0.0,tit_for_tat,2,defect,defect,0.5,,,,mid_temptation,,a35344fa61a00d61b135acbc,ok,0.37,0.49,0.4275,False,0.25,0.2484,3.2256e-05
delta_sweep-000859,delta_sweep,prisoners_dilemma,5.0,3.0,1.0,0.0,abstract,A,self_interest,True,indefinite,,0.0,tit_for_tat,3,defect,defect,0.5,,,,mid_temptation,,14ad8a859803359a29b41785,ok,0.34,0.47,0.3825,False,0.32,0.2565,3.2256e-05
delta_sweep-000860,delta_sweep,prisoners_dilemma,5.0,3.0,1.0,0.0,abstract,A,self_interest,True,indefinite,,0.0,tit_for_tat,4,defect,defect,0.5,,,,mid_temptation,,57c5b7456c4e0541a5dac66c,ok,0.39,0.52,0.4325,False,0.22,0.2502,3.2256e-05
delta_sweep-000861,delta_sweep,prisoners_dilemma,5.0,3.0,1.0,0.0,abstract,A,self_interest,True,indefinite,,0.0,tit_for_tat,5,defect,defect,0.5,,,,mid_temptation,,af8c717a88454c2dc80cca05,ok,0.4,0.52,0.445,False,0.19,0.2997,3.2256e-05
delta_sweep-000862,delta_sweep,prisoners_dilemma,5.0,3.0,1.0,0.0,abstract,B,self_interest,False,indefinite,,0.0,tit_for_tat,0,defect,defect,0.5,,,,mid_temptation,,368f9d5b4cd28e70329360c3,ok,0.52,0.5,0.5,True,0.03,0.244,3.2256e-05
delta_sweep-000863,delta_sweep,prisoners_dilemma,5.0,3.0,1.0,0.0,abstract,B,self_interest,False,indefinite,,0.0,tit_for_tat,1,defect,defect,0.5,,,,mid_temptation,,b0d5eceeb2f1f039e07bc8ef,ok,0.52,0.53,0.5025,True,0.03,0.2774,3.2256e-05
delta_sweep-000864,delta_sweep,prisoners_dilemma,5.0,3.0,1.0,0.0,abstract,B,self_interest,False,indefinite,,0.0,tit_for_tat,2,defect,defect,0.5,,,,mid_temptation,,7107ed642fb9a2ccf25b5640,ok,0.46,0.51,0.4875,False,0.08,0.2592,3.2256e-05
delta_sweep-000865,delta_sweep,prisoners_dilemma,5.0,3.0,1.0,0.0,abstract,B,self_interest,False,indefinite,,0.0,tit_for_tat,3,defect,defect,0.5,,,,mid_temptation,,58c09b6d4ebeaf6a68b2c909,ok,0.44,0.46,0.4275,False,0.12,0.3134,3.2256e-05
delta_sweep-000866,delta_sweep,prisoners_dilemma,5.0,3.0,1.0,0.0,abstract,B,self_interest,False,indefinite,,0.0,tit_for_tat,4,defect,defect,0.5,,,,mid_temptation,,9264746fd7bdbb4d6571062e,ok,0.43,0.49,0.445,False,0.13,0.2903,3.2256e-05
delta_sweep-000867,delta_sweep,prisoners_dilemma,5.0,3.0,1.0,0.0,abstract,B,self_interest,False,indefinite,,0.0,tit_for_tat,5,defect,defect,0.5,,,,mid_temptation,,cddd9952b5ad04f991255d33,ok,0.44,0.49,0.4175,False,0.12,0.2554,3.2256e-05
delta_sweep-000868,delta_sweep,prisoners_dilemma,5.0,3.0,1.0,0.0,abstract,A,self_interest,True,indefinite,,0.0,unknown,0,defect,,0.5,,,,mid_temptation,,7cd5a0661ced32df62c33d20,ok,0.3,0.47,0.45,False,0.4,0.2473,2.9946e-05
delta_sweep-000869,delta_sweep,prisoners_dilemma,5.0,3.0,1.0,0.0,abstract,A,self_interest,True,indefinite,,0.0,unknown,1,defect,,0.5,,,,mid_temptation,,70d19ab9f258330d28457d08,ok,0.35,0.48,0.47,False,0.29,0.244,2.9946e-05
delta_sweep-000870,delta_sweep,prisoners_dilemma,5.0,3.0,1.0,0.0,abstract,A,self_interest,True,indefinite,,0.0,unknown,2,defect,,0.5,,,,mid_temptation,,b5db6a219162f3f1e0bc1d8a,ok,0.37,0.48,0.4475,False,0.26,0.2659,2.9946e-05
delta_sweep-000871,delta_sweep,prisoners_dilemma,5.0,3.0,1.0,0.0,abstract,A,self_interest,True,indefinite,,0.0,unknown,3,defect,,0.5,,,,mid_temptation,,7daec83a9f72229249c66432,ok,0.32,0.47,0.465,False,0.35,0.2442,2.9946e-05
delta_sweep-000872,delta_sweep,prisoners_dilemma,5.0,3.0,1.0,0.0,abstract,A,self_interest,True,indefinite,,0.0,unknown,4,defect,,0.5,,,,mid_temptation,,32f7b7b1a39266820f3489f4,ok,0.34,0.48,0.455,False,0.32,0.2573,2.9946e-05
delta_sweep-000873,delta_sweep,prisoners_dilemma,5.0,3.0,1.0,0.0,abstract,A,self_interest,True,indefinite,,0.0,unknown,5,defect,,0.5,,,,mid_temptation,,d199bf12e3a87acbe7680add,ok,0.37,0.48,0.4575,False,0.27,0.2291,2.9946e-05
delta_sweep-000874,delta_sweep,prisoners_dilemma,5.0,3.0,1.0,0.0,abstract,B,self_interest,False,indefinite,,0.0,unknown,0,defect,,0.5,,,,mid_temptation,,d15a456495dbd32e930885d2,ok,0.52,0.53,0.52,True,0.04,0.2759,2.9946e-05
delta_sweep-000875,delta_sweep,prisoners_dilemma,5.0,3.0,1.0,0.0,abstract,B,self_interest,False,indefinite,,0.0,unknown,1,defect,,0.5,,,,mid_temptation,,48713c50d19bf780c72476f8,ok,0.6,0.52,0.545,True,0.2,0.2424,2.9946e-05
delta_sweep-000876,delta_sweep,prisoners_dilemma,5.0,3.0,1.0,0.0,abstract,B,self_interest,False,indefinite,,0.0,unknown,2,defect,,0.5,,,,mid_temptation,,42b7a42acaf119728dd05f98,ok,0.57,0.52,0.51,True,0.15,0.2311,2.9946e-05
delta_sweep-000877,delta_sweep,prisoners_dilemma,5.0,3.0,1.0,0.0,abstract,B,self_interest,False,indefinite,,0.0,unknown,3,defect,,0.5,,,,mid_temptation,,cb1c7f75a80aeeac8bf496f9,ok,0.6,0.52,0.5375,True,0.2,0.254,2.9946e-05
delta_sweep-000878,delta_sweep,prisoners_dilemma,5.0,3.0,1.0,0.0,abstract,B,self_interest,False,indefinite,,0.0,unknown,4,defect,,0.5,,,,mid_temptation,,4b18661c721280bcb9d4430a,ok,0.56,0.53,0.5375,True,0.12,0.3158,2.9946e-05
delta_sweep-000879,delta_sweep,prisoners_dilemma,5.0,3.0,1.0,0.0,abstract,B,self_interest,False,indefinite,,0.0,unknown,5,defect,,0.5,,,,mid_temptation,,39f34c73b5364b28b06da23b,ok,0.54,0.49,0.5175,True,0.07,0.3094,2.9946e-05
delta_sweep-000880,delta_sweep,prisoners_dilemma,5.0,3.0,1.0,0.0,abstract,A,self_interest,True,indefinite,,0.1,tit_for_tat,0,defect,defect,0.5,,,,mid_temptation,,e2cc1ac3e0d90fd3f9e6aea9,ok,0.5,0.54,0.4475,False,0.0,0.2563,3.2256e-05
delta_sweep-000881,delta_sweep,prisoners_dilemma,5.0,3.0,1.0,0.0,abstract,A,self_interest,True,indefinite,,0.1,tit_for_tat,1,defect,defect,0.5,,,,mid_temptation,,7b14a95eb17f3f82ad1ba269,ok,0.44,0.52,0.4625,False,0.13,0.3196,3.2256e-05
delta_sweep-000882,delta_sweep,prisoners_dilemma,5.0,3.0,1.0,0.0,abstract,A,self_interest,True,indefinite,,0.1,tit_for_tat,2,defect,defect,0.5,,,,mid_temptation,,b0cfb887c3db3e61cde83476,ok,0.44,0.53,0.4925,False,0.11,0.313,3.2256e-05
delta_sweep-000883,delta_sweep,prisoners_dilemma,5.0,3.0,1.0,0.0,abstract,A,self_interest,True,indefinite,,0.1,tit_for_tat,3,defect,defect,0.5,,,,mid_temptation,,d9f9ff69bf73fbbc5a72d694,ok,0.42,0.54,0.49,False,0.16,0.2758,3.2256e-05
delta_sweep-000884,delta_sweep,prisoners_dilemma,5.0,3.0,1.0,0.0,abstract,A,self_interest,True,indefinite,,0.1,tit_for_tat,4,defect,defect,0.5,,,,mid_temptation,,b5876494a00275f77e0cfa5b,ok,0.43,0.53,0.465,False,0.14,0.2428,3.2256e-05
delta_sweep-000885,delta_sweep,prisoners_dilemma,5.0,3.0,1.0,0.0,abstract,A,self_interest,True,indefinite,,0.1,tit_for_tat,5,defect,defect,0.5,,,,mid_temptation,,887efd2bb47e02670ac9d4cc,ok,0.49,0.52,0.4425,False,0.02,0.2465,3.2256e-05
delta_sweep-000886,delta_sweep,prisoners_dilemma,5.0,3.0,1.0,0.0,abstract,B,self_interest,False,indefinite,,0.1,tit_for_tat,0,defect,defect,0.5,,,,mid_temptation,,82e468932ea34ca89105defa,ok,0.5,0.46,0.48,True,0.01,0.2346,3.2256e-05
delta_sweep-000887,delta_sweep,prisoners_dilemma,5.0,3.0,1.0,0.0,abstract,B,self_interest,False,indefinite,,0.1,tit_for_tat,1,defect,defect,0.5,,,,mid_temptation,,2e4bffc85acee3ea4dd90033,ok,0.6,0.5,0.5075,True,0.21,0.2754,3.2256e-05
delta_sweep-000888,delta_sweep,prisoners_dilemma,5.0,3.0,1.0,0.0,abstract,B,self_interest,False,indefinite,,0.1,tit_for_tat,2,defect,defect,0.5,,,,mid_temptation,,c746e90b0755c051b04fb8a5,ok,0.51,0.49,0.4625,True,0.01,0.2306,3.2256e-05
delta_sweep-000889,delta_sweep,prisoners_dilemma,5.0,3.0,1.0,0.0,abstract,B,self_interest,False,indefinite,,0.1,tit_for_tat,3,defect,defect,0.5,,,,mid_temptation,,a7279ad6223ad39131326f6e,ok,0.52,0.52,0.475,True,0.05,0.6028,3.2256e-05
delta_sweep-000890,delta_sweep,prisoners_dilemma,5.0,3.0,1.0,0.0,abstract,B,self_interest,False,indefinite,,0.1,tit_for_tat,4,defect,defect,0.5,,,,mid_temptation,,da4edc7bf0ea345fd94ed62e,ok,0.49,0.53,0.44,False,0.02,0.2699,3.2256e-05
delta_sweep-000891,delta_sweep,prisoners_dilemma,5.0,3.0,1.0,0.0,abstract,B,self_interest,False,indefinite,,0.1,tit_for_tat,5,defect,defect,0.5,,,,mid_temptation,,11887e56a3cf21e52a9e2041,ok,0.49,0.44,0.445,False,0.02,0.2333,3.2256e-05
delta_sweep-000892,delta_sweep,prisoners_dilemma,5.0,3.0,1.0,0.0,abstract,A,self_interest,True,indefinite,,0.1,unknown,0,defect,,0.5,,,,mid_temptation,,6b020aa87f96c48489b6a900,ok,0.49,0.52,0.5,False,0.02,0.2685,2.9946e-05
delta_sweep-000893,delta_sweep,prisoners_dilemma,5.0,3.0,1.0,0.0,abstract,A,self_interest,True,indefinite,,0.1,unknown,1,defect,,0.5,,,,mid_temptation,,33de9b9925015cd1f8d3d852,ok,0.5,0.52,0.485,False,0.0,0.245,2.9946e-05
delta_sweep-000894,delta_sweep,prisoners_dilemma,5.0,3.0,1.0,0.0,abstract,A,self_interest,True,indefinite,,0.1,unknown,2,defect,,0.5,,,,mid_temptation,,4231e004f40b23761b8a9b63,ok,0.53,0.51,0.4975,True,0.06,0.2437,2.9946e-05
delta_sweep-000895,delta_sweep,prisoners_dilemma,5.0,3.0,1.0,0.0,abstract,A,self_interest,True,indefinite,,0.1,unknown,3,defect,,0.5,,,,mid_temptation,,cc6290f12311732c80f5b6b4,ok,0.48,0.5,0.505,False,0.05,0.2872,2.9946e-05
delta_sweep-000896,delta_sweep,prisoners_dilemma,5.0,3.0,1.0,0.0,abstract,A,self_interest,True,indefinite,,0.1,unknown,4,defect,,0.5,,,,mid_temptation,,d21b6f8ea70dac43622acc15,ok,0.48,0.5,0.5075,False,0.04,0.2301,2.9946e-05
delta_sweep-000897,delta_sweep,prisoners_dilemma,5.0,3.0,1.0,0.0,abstract,A,self_interest,True,indefinite,,0.1,unknown,5,defect,,0.5,,,,mid_temptation,,c0988a1ad933ee317d7f56d7,ok,0.48,0.51,0.5275,False,0.04,0.2285,2.9946e-05
delta_sweep-000898,delta_sweep,prisoners_dilemma,5.0,3.0,1.0,0.0,abstract,B,self_interest,False,indefinite,,0.1,unknown,0,defect,,0.5,,,,mid_temptation,,f653434b5a96b2465bef6ecf,ok,0.59,0.52,0.53,True,0.18,0.2332,2.9946e-05
delta_sweep-000899,delta_sweep,prisoners_dilemma,5.0,3.0,1.0,0.0,abstract,B,self_interest,False,indefinite,,0.1,unknown,1,defect,,0.5,,,,mid_temptation,,1dce5b37436516ca68d4f208,ok,0.57,0.5,0.51,True,0.15,0.241,2.9946e-05
delta_sweep-000900,delta_sweep,prisoners_dilemma,5.0,3.0,1.0,0.0,abstract,B,self_interest,False,indefinite,,0.1,unknown,2,defect,,0.5,,,,mid_temptation,,e52dae30590a7228d7fac64b,ok,0.59,0.52,0.54,True,0.19,0.2458,2.9946e-05
delta_sweep-000901,delta_sweep,prisoners_dilemma,5.0,3.0,1.0,0.0,abstract,B,self_interest,False,indefinite,,0.1,unknown,3,defect,,0.5,,,,mid_temptation,,6aac300db3ebd362fbc03902,ok,0.62,0.54,0.54,True,0.23,0.2334,2.9946e-05
delta_sweep-000902,delta_sweep,prisoners_dilemma,5.0,3.0,1.0,0.0,abstract,B,self_interest,False,indefinite,,0.1,unknown,4,defect,,0.5,,,,mid_temptation,,a96d7d8c4f7a0f2450c624ba,ok,0.54,0.49,0.5025,True,0.09,0.2663,2.9946e-05
delta_sweep-000903,delta_sweep,prisoners_dilemma,5.0,3.0,1.0,0.0,abstract,B,self_interest,False,indefinite,,0.1,unknown,5,defect,,0.5,,,,mid_temptation,,0728ebe428d897a0d7367dcb,ok,0.58,0.52,0.5475,True,0.16,0.2345,2.9946e-05
delta_sweep-000904,delta_sweep,prisoners_dilemma,5.0,3.0,1.0,0.0,abstract,A,self_interest,True,indefinite,,0.2,tit_for_tat,0,defect,defect,0.5,,,,mid_temptation,,9ddbe8d3856f7d2026cf4a84,ok,0.42,0.5,0.4275,False,0.17,0.2364,3.2256e-05
delta_sweep-000905,delta_sweep,prisoners_dilemma,5.0,3.0,1.0,0.0,abstract,A,self_interest,True,indefinite,,0.2,tit_for_tat,1,defect,defect,0.5,,,,mid_temptation,,49e382c86b8a539b8ec7f120,ok,0.47,0.54,0.46,False,0.05,0.2626,3.2256e-05
delta_sweep-000906,delta_sweep,prisoners_dilemma,5.0,3.0,1.0,0.0,abstract,A,self_interest,True,indefinite,,0.2,tit_for_tat,2,defect,defect,0.5,,,,mid_temptation,,98a2c5f98acd3541e56d553c,ok,0.48,0.58,0.4625,False,0.04,0.2566,3.2256e-05
delta_sweep-000907,delta_sweep,prisoners_dilemma,5.0,3.0,1.0,0.0,abstract,A,self_interest,True,indefinite,,0.2,tit_for_tat,3,defect,defect,0.5,,,,mid_temptation,,edad05022e8cfb9d8dfcac52,ok,0.5,0.51,0.465,False,0.01,0.2705,3.2256e-05
delta_sweep-000908,delta_sweep,prisoners_dilemma,5.0,3.0,1.0,0.0,abstract,A,self_interest,True,indefinite,,0.2,tit_for_tat,4,defect,defect,0.5,,,,mid_temptation,,3699e3913c7bac7895d199d0,ok,0.49,0.52,0.5025,False,0.02,0.2935,3.2256e-05
delta_sweep-000909,delta_sweep,prisoners_dilemma,5.0,3.0,1.0,0.0,abstract,A,self_interest,True,indefinite,,0.2,tit_for_tat,5,defect,defect,0.5,,,,mid_temptation,,4233529c0927f7d00ad2e999,ok,0.43,0.55,0.5025,False,0.14,0.2311,3.2256e-05
delta_sweep-000910,delta_sweep,prisoners_dilemma,5.0,3.0,1.0,0.0,abstract,B,self_interest,False,indefinite,,0.2,tit_for_tat,0,defect,defect,0.5,,,,mid_temptation,,9306ce9f62f057ff3f3675d2,ok,0.55,0.47,0.4925,True,0.1,0.2496,3.2256e-05
delta_sweep-000911,delta_sweep,prisoners_dilemma,5.0,3.0,1.0,0.0,abstract,B,self_interest,False,indefinite,,0.2,tit_for_tat,1,defect,defect,0.5,,,,mid_temptation,,0cd7817d8caa45039dd1029f,ok,0.51,0.49,0.475,True,0.01,0.2517,3.2256e-05
delta_sweep-000912,delta_sweep,prisoners_dilemma,5.0,3.0,1.0,0.0,abstract,B,self_interest,False,indefinite,,0.2,tit_for_tat,2,defect,defect,0.5,,,,mid_temptation,,32ea9c0227e7c1c609b13234,ok,0.53,0.48,0.485,True,0.07,0.2587,3.2256e-05
delta_sweep-000913,delta_sweep,prisoners_dilemma,5.0,3.0,1.0,0.0,abstract,B,self_interest,False,indefinite,,0.2,tit_for_tat,3,defect,defect,0.5,,,,mid_temptation,,ee475b59baa258813dc555d8,ok,0.54,0.51,0.4875,True,0.08,0.3386,3.2256e-05
delta_sweep-000914,delta_sweep,prisoners_dilemma,5.0,3.0,1.0,0.0,abstract,B,self_interest,False,indefinite,,0.2,tit_for_tat,4,defect,defect,0.5,,,,mid_temptation,,f6a5449721179526b7898ece,ok,0.54,0.55,0.48,True,0.08,0.3724,3.2256e-05
delta_sweep-000915,delta_sweep,prisoners_dilemma,5.0,3.0,1.0,0.0,abstract,B,self_interest,False,indefinite,,0.2,tit_for_tat,5,defect,defect,0.5,,,,mid_temptation,,99cc99e4116fce75569cc1d8,ok,0.59,0.52,0.5025,True,0.18,0.2797,3.2256e-05
delta_sweep-000916,delta_sweep,prisoners_dilemma,5.0,3.0,1.0,0.0,abstract,A,self_interest,True,indefinite,,0.2,unknown,0,defect,,0.5,,,,mid_temptation,,ba6967c7c74cf7e4d16b92e4,ok,0.46,0.52,0.515,False,0.07,0.2664,2.9946e-05
delta_sweep-000917,delta_sweep,prisoners_dilemma,5.0,3.0,1.0,0.0,abstract,A,self_interest,True,indefinite,,0.2,unknown,1,defect,,0.5,,,,mid_temptation,,1e39d66d2325d0dc0aa178b6,ok,0.51,0.53,0.535,True,0.03,0.2598,2.9946e-05
delta_sweep-000918,delta_sweep,prisoners_dilemma,5.0,3.0,1.0,0.0,abstract,A,self_interest,True,indefinite,,0.2,unknown,2,defect,,0.5,,,,mid_temptation,,3ce6bb4d9251e939ddb61eb7,ok,0.43,0.5,0.495,False,0.14,0.2569,2.9946e-05
delta_sweep-000919,delta_sweep,prisoners_dilemma,5.0,3.0,1.0,0.0,abstract,A,self_interest,True,indefinite,,0.2,unknown,3,defect,,0.5,,,,mid_temptation,,9fe82ee12cfd74037b1df30f,ok,0.52,0.54,0.535,True,0.03,0.2664,2.9946e-05
delta_sweep-000920,delta_sweep,prisoners_dilemma,5.0,3.0,1.0,0.0,abstract,A,self_interest,True,indefinite,,0.2,unknown,4,defect,,0.5,,,,mid_temptation,,3187cc34bde1e70c75519a3e,ok,0.46,0.52,0.525,False,0.09,0.2429,2.9946e-05
delta_sweep-000921,delta_sweep,prisoners_dilemma,5.0,3.0,1.0,0.0,abstract,A,self_interest,True,indefinite,,0.2,unknown,5,defect,,0.5,,,,mid_temptation,,a5667049b1e734816b822062,ok,0.46,0.5,0.505,False,0.07,0.2433,2.9946e-05
delta_sweep-000922,delta_sweep,prisoners_dilemma,5.0,3.0,1.0,0.0,abstract,B,self_interest,False,indefinite,,0.2,unknown,0,defect,,0.5,,,,mid_temptation,,42e980e4da99c823b7860ea3,ok,0.62,0.51,0.53,True,0.25,0.2435,2.9946e-05
delta_sweep-000923,delta_sweep,prisoners_dilemma,5.0,3.0,1.0,0.0,abstract,B,self_interest,False,indefinite,,0.2,unknown,1,defect,,0.5,,,,mid_temptation,,d01a419c2f9eba9a1b3b6936,ok,0.56,0.52,0.5275,True,0.13,0.2725,2.9946e-05
delta_sweep-000924,delta_sweep,prisoners_dilemma,5.0,3.0,1.0,0.0,abstract,B,self_interest,False,indefinite,,0.2,unknown,2,defect,,0.5,,,,mid_temptation,,7f66fc600d8ce49eacc388f5,ok,0.61,0.52,0.535,True,0.22,0.2663,2.9946e-05
delta_sweep-000925,delta_sweep,prisoners_dilemma,5.0,3.0,1.0,0.0,abstract,B,self_interest,False,indefinite,,0.2,unknown,3,defect,,0.5,,,,mid_temptation,,55e9c92def19a62cd0bdd54b,ok,0.62,0.5,0.56,True,0.24,0.26,2.9946e-05
delta_sweep-000926,delta_sweep,prisoners_dilemma,5.0,3.0,1.0,0.0,abstract,B,self_interest,False,indefinite,,0.2,unknown,4,defect,,0.5,,,,mid_temptation,,1ff9713ebf993f92ad4622b5,ok,0.64,0.54,0.5575,True,0.27,0.2375,2.9946e-05
delta_sweep-000927,delta_sweep,prisoners_dilemma,5.0,3.0,1.0,0.0,abstract,B,self_interest,False,indefinite,,0.2,unknown,5,defect,,0.5,,,,mid_temptation,,3993db10788d147676d6ba6a,ok,0.57,0.52,0.5425,True,0.14,0.2333,2.9946e-05
delta_sweep-000928,delta_sweep,prisoners_dilemma,5.0,3.0,1.0,0.0,abstract,A,self_interest,True,indefinite,,0.3,tit_for_tat,0,defect,defect,0.5,,,,mid_temptation,,ac410a3b659e17f38d134f01,ok,0.49,0.57,0.4775,False,0.02,0.247,3.2256e-05
delta_sweep-000929,delta_sweep,prisoners_dilemma,5.0,3.0,1.0,0.0,abstract,A,self_interest,True,indefinite,,0.3,tit_for_tat,1,defect,defect,0.5,,,,mid_temptation,,68862f5c114e81744c639d5b,ok,0.46,0.54,0.4475,False,0.07,0.2799,3.2256e-05
delta_sweep-000930,delta_sweep,prisoners_dilemma,5.0,3.0,1.0,0.0,abstract,A,self_interest,True,indefinite,,0.3,tit_for_tat,2,defect,defect,0.5,,,,mid_temptation,,6c7a99ed7027c1b90621634c,ok,0.41,0.53,0.43,False,0.19,0.26,3.2256e-05
delta_sweep-000931,delta_sweep,prisoners_dilemma,5.0,3.0,1.0,0.0,abstract,A,self_interest,True,indefinite,,0.3,tit_for_tat,3,defect,defect,0.5,,,,mid_temptation,,66847fea3a12d9d761f7952b,ok,0.4,0.54,0.4325,False,0.19,0.2404,3.2256e-05
delta_sweep-000932,delta_sweep,prisoners_dilemma,5.0,3.0,1.0,0.0,abstract,A,self_interest,True,indefinite,,0.3,tit_for_tat,4,defect,defect,0.5,,,,mid_temptation,,b5002ffedfec64c3cb016f41,ok,0.41,0.52,0.4125,False,0.17,0.4937,3.2256e-05
delta_sweep-000933,delta_sweep,prisoners_dilemma,5.0,3.0,1.0,0.0,abstract,A,self_interest,True,indefinite,,0.3,tit_for_tat,5,defect,defect,0.5,,,,mid_temptation,,deabca33ad0410aa09a45823,ok,0.49,0.57,0.475,False,0.02,0.2675,3.2256e-05
delta_sweep-000934,delta_sweep,prisoners_dilemma,5.0,3.0,1.0,0.0,abstract,B,self_interest,False,indefinite,,0.3,tit_for_tat,0,defect,defect,0.5,,,,mid_temptation,,e90396eab2578b643e784295,ok,0.55,0.47,0.485,True,0.11,0.2418,3.2256e-05
delta_sweep-000935,delta_sweep,prisoners_dilemma,5.0,3.0,1.0,0.0,abstract,B,self_interest,False,indefinite,,0.3,tit_for_tat,1,defect,defect,0.5,,,,mid_temptation,,68b7bbb6dac047eb0862b138,ok,0.53,0.47,0.4925,True,0.07,0.2342,3.2256e-05
delta_sweep-000936,delta_sweep,prisoners_dilemma,5.0,3.0,1.0,0.0,abstract,B,self_interest,False,indefinite,,0.3,tit_for_tat,2,defect,defect,0.5,,,,mid_temptation,,172b05d6e67376543cb768cb,ok,0.55,0.53,0.4675,True,0.1,0.2877,3.2256e-05
delta_sweep-000937,delta_sweep,prisoners_dilemma,5.0,3.0,1.0,0.0,abstract,B,self_interest,False,indefinite,,0.3,tit_for_tat,3,defect,defect,0.5,,,,mid_temptation,,46c5bb6d35ba92d507c5b6b0,ok,0.57,0.52,0.4475,True,0.14,0.3259,3.2256e-05
delta_sweep-000938,delta_sweep,prisoners_dilemma,5.0,3.0,1.0,0.0,abstract,B,self_interest,False,indefinite,,0.3,tit_for_tat,4,defect,defect,0.5,,,,mid_temptation,,7d4021c6136e1b0bb50f480a,ok,0.53,0.48,0.555,True,0.06,0.2451,3.2256e-05
delta_sweep-000939,delta_sweep,prisoners_dilemma,5.0,3.0,1.0,0.0,abstract,B,self_interest,False,indefinite,,0.3,tit_for_tat,5,defect,defect,0.5,,,,mid_temptation,,d7a6708c508f5c3cdd9e243d,ok,0.57,0.53,0.47,True,0.14,0.2302,3.2256e-05
delta_sweep-000940,delta_sweep,prisoners_dilemma,5.0,3.0,1.0,0.0,abstract,A,self_interest,True,indefinite,,0.3,unknown,0,defect,,0.5,,,,mid_temptation,,6ab9a53e9dd6310d0127dbfe,ok,0.42,0.51,0.5025,False,0.17,0.2552,2.9946e-05
delta_sweep-000941,delta_sweep,prisoners_dilemma,5.0,3.0,1.0,0.0,abstract,A,self_interest,True,indefinite,,0.3,unknown,1,defect,,0.5,,,,mid_temptation,,a53a034eaba6fe169f6fa278,ok,0.47,0.51,0.5225,False,0.06,0.2693,2.9946e-05
delta_sweep-000942,delta_sweep,prisoners_dilemma,5.0,3.0,1.0,0.0,abstract,A,self_interest,True,indefinite,,0.3,unknown,2,defect,,0.5,,,,mid_temptation,,e70942a4ff2092888032b22a,ok,0.45,0.5,0.505,False,0.1,0.247,2.9946e-05
delta_sweep-000943,delta_sweep,prisoners_dilemma,5.0,3.0,1.0,0.0,abstract,A,self_interest,True,indefinite,,0.3,unknown,3,defect,,0.5,,,,mid_temptation,,12bbd144828d0d9a4a9524f6,ok,0.45,0.5,0.5075,False,0.1,0.2378,2.9946e-05
delta_sweep-000944,delta_sweep,prisoners_dilemma,5.0,3.0,1.0,0.0,abstract,A,self_interest,True,indefinite,,0.3,unknown,4,defect,,0.5,,,,mid_temptation,,a8c35637d8eee34be019789a,ok,0.42,0.5,0.4925,False,0.15,0.265,2.9946e-05
delta_sweep-000945,delta_sweep,prisoners_dilemma,5.0,3.0,1.0,0.0,abstract,A,self_interest,True,indefinite,,0.3,unknown,5,defect,,0.5,,,,mid_temptation,,a5ee43f69351b30d9874d5ff,ok,0.52,0.5,0.535,True,0.04,0.2488,2.9946e-05
delta_sweep-000946,delta_sweep,prisoners_dilemma,5.0,3.0,1.0,0.0,abstract,B,self_interest,False,indefinite,,0.3,unknown,0,defect,,0.5,,,,mid_temptation,,2a7c5808370c2bd0952f59dc,ok,0.56,0.52,0.5275,True,0.13,0.3121,2.9946e-05
delta_sweep-000947,delta_sweep,prisoners_dilemma,5.0,3.0,1.0,0.0,abstract,B,self_interest,False,indefinite,,0.3,unknown,1,defect,,0.5,,,,mid_temptation,,49379750e909a97989f2af0e,ok,0.62,0.52,0.5625,True,0.23,0.2438,2.9946e-05
delta_sweep-000948,delta_sweep,prisoners_dilemma,5.0,3.0,1.0,0.0,abstract,B,self_interest,False,indefinite,,0.3,unknown,2,defect,,0.5,,,,mid_temptation,,00cea4d13db9cbdd9ea5d9ef,ok,0.6,0.52,0.54,True,0.19,0.2559,2.9946e-05
delta_sweep-000949,delta_sweep,prisoners_dilemma,5.0,3.0,1.0,0.0,abstract,B,self_interest,False,indefinite,,0.3,unknown,3,defect,,0.5,,,,mid_temptation,,10b8e58da8e5e5a261865ef9,ok,0.6,0.53,0.56,True,0.2,0.2433,2.9946e-05
delta_sweep-000950,delta_sweep,prisoners_dilemma,5.0,3.0,1.0,0.0,abstract,B,self_interest,False,indefinite,,0.3,unknown,4,defect,,0.5,,,,mid_temptation,,b36f302c3d639e8c3bdd3dac,ok,0.58,0.5,0.5575,True,0.17,0.2455,2.9946e-05
delta_sweep-000951,delta_sweep,prisoners_dilemma,5.0,3.0,1.0,0.0,abstract,B,self_interest,False,indefinite,,0.3,unknown,5,defect,,0.5,,,,mid_temptation,,076d5e169879047f8970732c,ok,0.59,0.52,0.54,True,0.18,0.3087,2.9946e-05
delta_sweep-000952,delta_sweep,prisoners_dilemma,5.0,3.0,1.0,0.0,abstract,A,self_interest,True,indefinite,,0.4,tit_for_tat,0,defect,defect,0.5,,,,mid_temptation,,788c70fad8c9477b86ed783b,ok,0.49,0.54,0.475,False,0.02,0.2368,3.2256e-05
delta_sweep-000953,delta_sweep,prisoners_dilemma,5.0,3.0,1.0,0.0,abstract,A,self_interest,True,indefinite,,0.4,tit_for_tat,1,defect,defect,0.5,,,,mid_temptation,,8605f9d672ce143d7b26cfc7,ok,0.49,0.56,0.475,False,0.02,0.2371,3.2256e-05
delta_sweep-000954,delta_sweep,prisoners_dilemma,5.0,3.0,1.0,0.0,abstract,A,self_interest,True,indefinite,,0.4,tit_for_tat,2,defect,defect,0.5,,,,mid_temptation,,a60dcf1551858f5fd2722fae,ok,0.47,0.49,0.4775,False,0.07,0.2278,3.2256e-05
delta_sweep-000955,delta_sweep,prisoners_dilemma,5.0,3.0,1.0,0.0,abstract,A,self_interest,True,indefinite,,0.4,tit_for_tat,3,defect,defect,0.5,,,,mid_temptation,,0d67625112d8683b21035098,ok,0.43,0.55,0.435,False,0.13,0.2447,3.2256e-05
delta_sweep-000956,delta_sweep,prisoners_dilemma,5.0,3.0,1.0,0.0,abstract,A,self_interest,True,indefinite,,0.4,tit_for_tat,4,defect,defect,0.5,,,,mid_temptation,,7ce59f04139afc7fb85a1f99,ok,0.53,0.56,0.47,True,0.05,0.2375,3.2256e-05
delta_sweep-000957,delta_sweep,prisoners_dilemma,5.0,3.0,1.0,0.0,abstract,A,self_interest,True,indefinite,,0.4,tit_for_tat,5,defect,defect,0.5,,,,mid_temptation,,e8a532bae58505f730fe5190,ok,0.49,0.52,0.505,False,0.02,0.2515,3.2256e-05
delta_sweep-000958,delta_sweep,prisoners_dilemma,5.0,3.0,1.0,0.0,abstract,B,self_interest,False,indefinite,,0.4,tit_for_tat,0,defect,defect,0.5,,,,mid_temptation,,d238d13ae6cd4506d7f4a0b4,ok,0.56,0.51,0.49,True,0.11,0.2867,3.2256e-05
delta_sweep-000959,delta_sweep,prisoners_dilemma,5.0,3.0,1.0,0.0,abstract,B,self_interest,False,indefinite,,0.4,tit_for_tat,1,defect,defect,0.5,,,,mid_temptation,,2b2986e0c01177dcc14ed794,ok,0.59,0.55,0.5125,True,0.19,0.2929,3.2256e-05
delta_sweep-000960,delta_sweep,prisoners_dilemma,5.0,3.0,1.0,0.0,abstract,B,self_interest,False,indefinite,,0.4,tit_for_tat,2,defect,defect,0.5,,,,mid_temptation,,ce2271860519d7f16fa3e06a,ok,0.52,0.52,0.445,True,0.05,0.2537,3.2256e-05
delta_sweep-000961,delta_sweep,prisoners_dilemma,5.0,3.0,1.0,0.0,abstract,B,self_interest,False,indefinite,,0.4,tit_for_tat,3,defect,defect,0.5,,,,mid_temptation,,ecf2d1e0c38d243af095695e,ok,0.52,0.52,0.4725,True,0.05,0.231,3.2256e-05
delta_sweep-000962,delta_sweep,prisoners_dilemma,5.0,3.0,1.0,0.0,abstract,B,self_interest,False,indefinite,,0.4,tit_for_tat,4,defect,defect,0.5,,,,mid_temptation,,e96a24e7f023869beff95e1d,ok,0.53,0.5,0.425,True,0.06,0.2592,3.2256e-05
delta_sweep-000963,delta_sweep,prisoners_dilemma,5.0,3.0,1.0,0.0,abstract,B,self_interest,False,indefinite,,0.4,tit_for_tat,5,defect,defect,0.5,,,,mid_temptation,,a8006d28de36db7edb22126b,ok,0.51,0.53,0.48,True,0.03,0.2748,3.2256e-05
delta_sweep-000964,delta_sweep,prisoners_dilemma,5.0,3.0,1.0,0.0,abstract,A,self_interest,True,indefinite,,0.4,unknown,0,defect,,0.5,,,,mid_temptation,,16ecb7882588126eb915db2a,ok,0.48,0.52,0.535,False,0.04,0.2684,2.9946e-05
delta_sweep-000965,delta_sweep,prisoners_dilemma,5.0,3.0,1.0,0.0,abstract,A,self_interest,True,indefinite,,0.4,unknown,1,defect,,0.5,,,,mid_temptation,,223bebb0e84fb106f6174442,ok,0.47,0.51,0.525,False,0.07,0.2566,2.9946e-05
delta_sweep-000966,delta_sweep,prisoners_dilemma,5.0,3.0,1.0,0.0,abstract,A,self_interest,True,indefinite,,0.4,unknown,2,defect,,0.5,,,,mid_temptation,,4ad106f5a7bab28c950043a4,ok,0.49,0.49,0.53,False,0.02,0.2524,2.9946e-05
delta_sweep-000967,delta_sweep,prisoners_dilemma,5.0,3.0,1.0,0.0,abstract,A,self_interest,True,indefinite,,0.4,unknown,3,defect,,0.5,,,,mid_temptation,,a0a26865898e439eb23a8e23,ok,0.49,0.52,0.52,False,0.02,0.2922,2.9946e-05
delta_sweep-000968,delta_sweep,prisoners_dilemma,5.0,3.0,1.0,0.0,abstract,A,self_interest,True,indefinite,,0.4,unknown,4,defect,,0.5,,,,mid_temptation,,15d3df02bc3f315c23d355f1,ok,0.42,0.49,0.505,False,0.15,0.2737,2.9946e-05
delta_sweep-000969,delta_sweep,prisoners_dilemma,5.0,3.0,1.0,0.0,abstract,A,self_interest,True,indefinite,,0.4,unknown,5,defect,,0.5,,,,mid_temptation,,f15508950b3ce81adc22dac5,ok,0.48,0.52,0.5075,False,0.04,0.3166,2.9946e-05
delta_sweep-000970,delta_sweep,prisoners_dilemma,5.0,3.0,1.0,0.0,abstract,B,self_interest,False,indefinite,,0.4,unknown,0,defect,,0.5,,,,mid_temptation,,6e7a8170f1645893cf5802c1,ok,0.62,0.55,0.5175,True,0.23,0.2419,2.9946e-05
delta_sweep-000971,delta_sweep,prisoners_dilemma,5.0,3.0,1.0,0.0,abstract,B,self_interest,False,indefinite,,0.4,unknown,1,defect,,0.5,,,,mid_temptation,,3ebfeee34dc16bad54452a3a,ok,0.62,0.54,0.5725,True,0.24,0.2812,2.9946e-05
delta_sweep-000972,delta_sweep,prisoners_dilemma,5.0,3.0,1.0,0.0,abstract,B,self_interest,False,indefinite,,0.4,unknown,2,defect,,0.5,,,,mid_temptation,,47669f902e7873b3e9ff2502,ok,0.62,0.53,0.55,True,0.25,0.3589,2.9946e-05
delta_sweep-000973,delta_sweep,prisoners_dilemma,5.0,3.0,1.0,0.0,abstract,B,self_interest,False,indefinite,,0.4,unknown,3,defect,,0.5,,,,mid_temptation,,c32b69d7d1cc974c1b9d60bc,ok,0.62,0.53,0.5675,True,0.24,0.2569,2.9946e-05
delta_sweep-000974,delta_sweep,prisoners_dilemma,5.0,3.0,1.0,0.0,abstract,B,self_interest,False,indefinite,,0.4,unknown,4,defect,,0.5,,,,mid_temptation,,fa99dc372725de183306cdc4,ok,0.62,0.54,0.545,True,0.23,0.2468,2.9946e-05
delta_sweep-000975,delta_sweep,prisoners_dilemma,5.0,3.0,1.0,0.0,abstract,B,self_interest,False,indefinite,,0.4,unknown,5,defect,,0.5,,,,mid_temptation,,e589adc3cea6602a9565d914,ok,0.62,0.54,0.565,True,0.24,0.2375,2.9946e-05
delta_sweep-000976,delta_sweep,prisoners_dilemma,5.0,3.0,1.0,0.0,abstract,A,self_interest,True,indefinite,,0.5,tit_for_tat,0,defect,,0.5,,,,mid_temptation,,27a66b18cdb1f7de15c4d124,ok,0.5,0.56,0.4825,False,0.01,0.2968,3.2256e-05
delta_sweep-000977,delta_sweep,prisoners_dilemma,5.0,3.0,1.0,0.0,abstract,A,self_interest,True,indefinite,,0.5,tit_for_tat,1,defect,,0.5,,,,mid_temptation,,ef097e7c9724f23d07809212,ok,0.59,0.59,0.51,True,0.17,0.275,3.2256e-05
delta_sweep-000978,delta_sweep,prisoners_dilemma,5.0,3.0,1.0,0.0,abstract,A,self_interest,True,indefinite,,0.5,tit_for_tat,2,defect,,0.5,,,,mid_temptation,,dbd745d8ddeff1ca7aca80de,ok,0.52,0.57,0.5225,True,0.05,0.2694,3.2256e-05
delta_sweep-000979,delta_sweep,prisoners_dilemma,5.0,3.0,1.0,0.0,abstract,A,self_interest,True,indefinite,,0.5,tit_for_tat,3,defect,,0.5,,,,mid_temptation,,8019d5b088e7c5813f600eb6,ok,0.51,0.59,0.5,True,0.03,0.3033,3.2256e-05
delta_sweep-000980,delta_sweep,prisoners_dilemma,5.0,3.0,1.0,0.0,abstract,A,self_interest,True,indefinite,,0.5,tit_for_tat,4,defect,,0.5,,,,mid_temptation,,391ea583447027c0a336ff98,ok,0.47,0.56,0.4925,False,0.05,0.2624,3.2256e-05
delta_sweep-000981,delta_sweep,prisoners_dilemma,5.0,3.0,1.0,0.0,abstract,A,self_interest,True,indefinite,,0.5,tit_for_tat,5,defect,,0.5,,,,mid_temptation,,a240bd1fad67044ac82348b0,ok,0.47,0.57,0.495,False,0.05,0.243,3.2256e-05
delta_sweep-000982,delta_sweep,prisoners_dilemma,5.0,3.0,1.0,0.0,abstract,B,self_interest,False,indefinite,,0.5,tit_for_tat,0,defect,,0.5,,,,mid_temptation,,fa45f547c68f41d33e7b8527,ok,0.54,0.53,0.5125,True,0.08,0.2582,3.2256e-05
delta_sweep-000983,delta_sweep,prisoners_dilemma,5.0,3.0,1.0,0.0,abstract,B,self_interest,False,indefinite,,0.5,tit_for_tat,1,defect,,0.5,,,,mid_temptation,,d0af7368da0c2beeeaa12bfb,ok,0.56,0.57,0.4725,True,0.12,0.2521,3.2256e-05
delta_sweep-000984,delta_sweep,prisoners_dilemma,5.0,3.0,1.0,0.0,abstract,B,self_interest,False,indefinite,,0.5,tit_for_tat,2,defect,,0.5,,,,mid_temptation,,7ff54e12d3554e2ca1030831,ok,0.57,0.51,0.47,True,0.13,0.2404,3.2256e-05
delta_sweep-000985,delta_sweep,prisoners_dilemma,5.0,3.0,1.0,0.0,abstract,B,self_interest,False,indefinite,,0.5,tit_for_tat,3,defect,,0.5,,,,mid_temptation,,c28a99fc1b6256091a918ead,ok,0.52,0.52,0.52,True,0.04,0.2616,3.2256e-05
delta_sweep-000986,delta_sweep,prisoners_dilemma,5.0,3.0,1.0,0.0,abstract,B,self_interest,False,indefinite,,0.5,tit_for_tat,4,defect,,0.5,,,,mid_temptation,,6ebedfac1cefe825fff42379,ok,0.57,0.53,0.4975,True,0.13,0.2676,3.2256e-05
delta_sweep-000987,delta_sweep,prisoners_dilemma,5.0,3.0,1.0,0.0,abstract,B,self_interest,False,indefinite,,0.5,tit_for_tat,5,defect,,0.5,,,,mid_temptation,,2c8cd342b336b1309cc6f409,ok,0.5,0.54,0.4625,False,0.0,0.2433,3.2256e-05
delta_sweep-000988,delta_sweep,prisoners_dilemma,5.0,3.0,1.0,0.0,abstract,A,self_interest,True,indefinite,,0.5,unknown,0,defect,,0.5,,,,mid_temptation,,9faed7555eca96a023be65cc,ok,0.53,0.55,0.555,True,0.06,0.256,2.9946e-05
delta_sweep-000989,delta_sweep,prisoners_dilemma,5.0,3.0,1.0,0.0,abstract,A,self_interest,True,indefinite,,0.5,unknown,1,defect,,0.5,,,,mid_temptation,,bf9ccaa2ab59dd1818fd5284,ok,0.51,0.53,0.5425,True,0.01,0.2354,2.9946e-05
delta_sweep-000990,delta_sweep,prisoners_dilemma,5.0,3.0,1.0,0.0,abstract,A,self_interest,True,indefinite,,0.5,unknown,2,defect,,0.5,,,,mid_temptation,,46cb45a91d89109490d91009,ok,0.53,0.57,0.5275,True,0.07,0.2778,2.9946e-05
delta_sweep-000991,delta_sweep,prisoners_dilemma,5.0,3.0,1.0,0.0,abstract,A,self_interest,True,indefinite,,0.5,unknown,3,defect,,0.5,,,,mid_temptation,,f68cd77b00043ee33e4c97ae,ok,0.58,0.57,0.5725,True,0.15,0.2596,2.9946e-05
delta_sweep-000992,delta_sweep,prisoners_dilemma,5.0,3.0,1.0,0.0,abstract,A,self_interest,True,indefinite,,0.5,unknown,4,defect,,0.5,,,,mid_temptation,,0d43c2c66c257974cd831720,ok,0.49,0.53,0.5,False,0.03,0.2781,2.9946e-05
delta_sweep-000993,delta_sweep,prisoners_dilemma,5.0,3.0,1.0,0.0,abstract,A,self_interest,True,indefinite,,0.5,unknown,5,defect,,0.5,,,,mid_temptation,,105206b286fe3b734ecd5727,ok,0.53,0.55,0.5375,True,0.05,0.287,2.9946e-05
delta_sweep-000994,delta_sweep,prisoners_dilemma,5.0,3.0,1.0,0.0,abstract,B,self_interest,False,indefinite,,0.5,unknown,0,defect,,0.5,,,,mid_temptation,,5b7d0d5e63a8fffbbc40212c,ok,0.61,0.52,0.5275,True,0.22,0.2382,2.9946e-05
delta_sweep-000995,delta_sweep,prisoners_dilemma,5.0,3.0,1.0,0.0,abstract,B,self_interest,False,indefinite,,0.5,unknown,1,defect,,0.5,,,,mid_temptation,,d2a045c6540da97f7ed1aff2,ok,0.61,0.51,0.56,True,0.23,0.3459,2.9946e-05
delta_sweep-000996,delta_sweep,prisoners_dilemma,5.0,3.0,1.0,0.0,abstract,B,self_interest,False,indefinite,,0.5,unknown,2,defect,,0.5,,,,mid_temptation,,d53ba086c5d466c4a36e8150,ok,0.65,0.54,0.55,True,0.3,0.2781,2.9946e-05
delta_sweep-000997,delta_sweep,prisoners_dilemma,5.0,3.0,1.0,0.0,abstract,B,self_interest,False,indefinite,,0.5,unknown,3,defect,,0.5,,,,mid_temptation,,0826fc869ecc7851699fbe26,ok,0.6,0.53,0.53,True,0.19,0.2419,2.9946e-05
delta_sweep-000998,delta_sweep,prisoners_dilemma,5.0,3.0,1.0,0.0,abstract,B,self_interest,False,indefinite,,0.5,unknown,4,defect,,0.5,,,,mid_temptation,,34bfb958988285db947881ad,ok,0.59,0.54,0.56,True,0.18,0.2816,2.9946e-05
delta_sweep-000999,delta_sweep,prisoners_dilemma,5.0,3.0,1.0,0.0,abstract,B,self_interest,False,indefinite,,0.5,unknown,5,defect,,0.5,,,,mid_temptation,,cec3d9816b711462ff7a15f1,ok,0.6,0.53,0.5375,True,0.21,0.253,2.9946e-05
delta_sweep-001000,delta_sweep,prisoners_dilemma,5.0,3.0,1.0,0.0,abstract,A,self_interest,True,indefinite,,0.6,tit_for_tat,0,defect,cooperate,0.5,,,,mid_temptation,,6a66aba084f927c10bddb1ea,ok,0.5,0.57,0.49,False,0.01,0.2283,3.2256e-05
delta_sweep-001001,delta_sweep,prisoners_dilemma,5.0,3.0,1.0,0.0,abstract,A,self_interest,True,indefinite,,0.6,tit_for_tat,1,defect,cooperate,0.5,,,,mid_temptation,,76c829a4696135201a5bb7ff,ok,0.51,0.56,0.485,True,0.01,0.2751,3.2256e-05
delta_sweep-001002,delta_sweep,prisoners_dilemma,5.0,3.0,1.0,0.0,abstract,A,self_interest,True,indefinite,,0.6,tit_for_tat,2,defect,cooperate,0.5,,,,mid_temptation,,1338201198f8680374e3d676,ok,0.44,0.55,0.4825,False,0.12,0.2422,3.2256e-05
delta_sweep-001003,delta_sweep,prisoners_dilemma,5.0,3.0,1.0,0.0,abstract,A,self_interest,True,indefinite,,0.6,tit_for_tat,3,defect,cooperate,0.5,,,,mid_temptation,,a8d517086edf04d046b69610,ok,0.46,0.55,0.4725,False,0.07,0.2558,3.2256e-05
delta_sweep-001004,delta_sweep,prisoners_dilemma,5.0,3.0,1.0,0.0,abstract,A,self_interest,True,indefinite,,0.6,tit_for_tat,4,defect,cooperate,0.5,,,,mid_temptation,,66006beffc8b31d5c0de5b0c,ok,0.44,0.54,0.435,False,0.11,0.2632,3.2256e-05
delta_sweep-001005,delta_sweep,prisoners_dilemma,5.0,3.0,1.0,0.0,abstract,A,self_interest,True,indefinite,,0.6,tit_for_tat,5,defect,cooperate,0.5,,,,mid_temptation,,c66aa81f76c64422f25ee55f,ok,0.43,0.53,0.4175,False,0.14,0.2287,3.2256e-05
delta_sweep-001006,delta_sweep,prisoners_dilemma,5.0,3.0,1.0,0.0,abstract,B,self_interest,False,indefinite,,0.6,tit_for_tat,0,defect,cooperate,0.5,,,,mid_temptation,,0d127748f4a1ffdfb0976f24,ok,0.49,0.5,0.4025,False,0.03,0.2426,3.2256e-05
delta_sweep-001007,delta_sweep,prisoners_dilemma,5.0,3.0,1.0,0.0,abstract,B,self_interest,False,indefinite,,0.6,tit_for_tat,1,defect,cooperate,0.5,,,,mid_temptation,,7927b1331a16de9646900dc3,ok,0.51,0.53,0.5225,True,0.01,0.2716,3.2256e-05
delta_sweep-001008,delta_sweep,prisoners_dilemma,5.0,3.0,1.0,0.0,abstract,B,self_interest,False,indefinite,,0.6,tit_for_tat,2,defect,cooperate,0.5,,,,mid_temptation,,b541abf5778bea1cc8feb13c,ok,0.57,0.49,0.495,True,0.13,0.2964,3.2256e-05
delta_sweep-001009,delta_sweep,prisoners_dilemma,5.0,3.0,1.0,0.0,abstract,B,self_interest,False,indefinite,,0.6,tit_for_tat,3,defect,cooperate,0.5,,,,mid_temptation,,5df902be306210615bf02ddd,ok,0.56,0.51,0.525,True,0.13,0.2581,3.2256e-05
delta_sweep-001010,delta_sweep,prisoners_dilemma,5.0,3.0,1.0,0.0,abstract,B,self_interest,False,indefinite,,0.6,tit_for_tat,4,defect,cooperate,0.5,,,,mid_temptation,,d0d0035e837dcddb7f8a4993,ok,0.53,0.48,0.5175,True,0.07,0.2897,3.2256e-05
delta_sweep-001011,delta_sweep,prisoners_dilemma,5.0,3.0,1.0,0.0,abstract,B,self_interest,False,indefinite,,0.6,tit_for_tat,5,defect,cooperate,0.5,,,,mid_temptation,,5cf9cfe093fb369a5a603abb,ok,0.47,0.52,0.5025,False,0.07,0.2314,3.2256e-05
delta_sweep-001012,delta_sweep,prisoners_dilemma,5.0,3.0,1.0,0.0,abstract,A,self_interest,True,indefinite,,0.6,unknown,0,defect,,0.5,,,,mid_temptation,,11eb770189a476457a56a254,ok,0.46,0.51,0.5225,False,0.08,0.2714,2.9946e-05
delta_sweep-001013,delta_sweep,prisoners_dilemma,5.0,3.0,1.0,0.0,abstract,A,self_interest,True,indefinite,,0.6,unknown,1,defect,,0.5,,,,mid_temptation,,9bfccd7a0b342ec118e03e96,ok,0.54,0.53,0.5375,True,0.08,0.2537,2.9946e-05
delta_sweep-001014,delta_sweep,prisoners_dilemma,5.0,3.0,1.0,0.0,abstract,A,self_interest,True,indefinite,,0.6,unknown,2,defect,,0.5,,,,mid_temptation,,62c074ac1a2a08301181884c,ok,0.51,0.51,0.55,True,0.02,0.2685,2.9946e-05
delta_sweep-001015,delta_sweep,prisoners_dilemma,5.0,3.0,1.0,0.0,abstract,A,self_interest,True,indefinite,,0.6,unknown,3,defect,,0.5,,,,mid_temptation,,79ac918ca51253b60d5ca32d,ok,0.58,0.55,0.5425,True,0.16,0.2408,2.9946e-05
delta_sweep-001016,delta_sweep,prisoners_dilemma,5.0,3.0,1.0,0.0,abstract,A,self_interest,True,indefinite,,0.6,unknown,4,defect,,0.5,,,,mid_temptation,,418b56a68721e56f5a335c83,ok,0.55,0.56,0.56,True,0.1,0.2684,2.9946e-05
delta_sweep-001017,delta_sweep,prisoners_dilemma,5.0,3.0,1.0,0.0,abstract,A,self_interest,True,indefinite,,0.6,unknown,5,defect,,0.5,,,,mid_temptation,,1326dc9bfec28642d46bc499,ok,0.51,0.51,0.5325,True,0.03,0.2452,2.9946e-05
delta_sweep-001018,delta_sweep,prisoners_dilemma,5.0,3.0,1.0,0.0,abstract,B,self_interest,False,indefinite,,0.6,unknown,0,defect,,0.5,,,,mid_temptation,,c8ba0dc54e968dbb1f2141c1,ok,0.62,0.53,0.56,True,0.24,0.2288,2.9946e-05
delta_sweep-001019,delta_sweep,prisoners_dilemma,5.0,3.0,1.0,0.0,abstract,B,self_interest,False,indefinite,,0.6,unknown,1,defect,,0.5,,,,mid_temptation,,fc50d3a725b0245004b707ea,ok,0.62,0.53,0.56,True,0.25,0.3,2.9946e-05
delta_sweep-001020,delta_sweep,prisoners_dilemma,5.0,3.0,1.0,0.0,abstract,B,self_interest,False,indefinite,,0.6,unknown,2,defect,,0.5,,,,mid_temptation,,29c1899f9394bac9167f562d,ok,0.61,0.53,0.535,True,0.22,0.2731,2.9946e-05
delta_sweep-001021,delta_sweep,prisoners_dilemma,5.0,3.0,1.0,0.0,abstract,B,self_interest,False,indefinite,,0.6,unknown,3,defect,,0.5,,,,mid_temptation,,23d3ac0db5c8ac2dcc65365b,ok,0.6,0.52,0.5675,True,0.2,0.3489,2.9946e-05
delta_sweep-001022,delta_sweep,prisoners_dilemma,5.0,3.0,1.0,0.0,abstract,B,self_interest,False,indefinite,,0.6,unknown,4,defect,,0.5,,,,mid_temptation,,621f0d47a67b83e65f0ecdaa,ok,0.63,0.54,0.5425,True,0.26,0.2425,2.9946e-05
delta_sweep-001023,delta_sweep,prisoners_dilemma,5.0,3.0,1.0,0.0,abstract,B,self_interest,False,indefinite,,0.6,unknown,5,defect,,0.5,,,,mid_temptation,,b80d4805a466979b2bedc4af,ok,0.58,0.53,0.56,True,0.16,0.3464,2.9946e-05
delta_sweep-001024,delta_sweep,prisoners_dilemma,5.0,3.0,1.0,0.0,abstract,A,self_interest,True,indefinite,,0.7,tit_for_tat,0,defect,cooperate,0.5,,,,mid_temptation,,8f90543e6a72849eeec8fd32,ok,0.42,0.52,0.4325,False,0.15,0.2783,3.2256e-05
delta_sweep-001025,delta_sweep,prisoners_dilemma,5.0,3.0,1.0,0.0,abstract,A,self_interest,True,indefinite,,0.7,tit_for_tat,1,defect,cooperate,0.5,,,,mid_temptation,,db6c1b22d36ce8f3c9043f9c,ok,0.42,0.55,0.48,False,0.17,0.2821,3.2256e-05
delta_sweep-001026,delta_sweep,prisoners_dilemma,5.0,3.0,1.0,0.0,abstract,A,self_interest,True,indefinite,,0.7,tit_for_tat,2,defect,cooperate,0.5,,,,mid_temptation,,fd8df0c19b98722ba5100ee8,ok,0.53,0.53,0.5025,True,0.06,0.2772,3.2256e-05
delta_sweep-001027,delta_sweep,prisoners_dilemma,5.0,3.0,1.0,0.0,abstract,A,self_interest,True,indefinite,,0.7,tit_for_tat,3,defect,cooperate,0.5,,,,mid_temptation,,c43141282c7f004a1c188467,ok,0.48,0.57,0.4775,False,0.05,0.5111,3.2256e-05
delta_sweep-001028,delta_sweep,prisoners_dilemma,5.0,3.0,1.0,0.0,abstract,A,self_interest,True,indefinite,,0.7,tit_for_tat,4,defect,cooperate,0.5,,,,mid_temptation,,814ad7c2fd2f5ed33ca5bca6,ok,0.45,0.58,0.4925,False,0.1,0.2405,3.2256e-05
delta_sweep-001029,delta_sweep,prisoners_dilemma,5.0,3.0,1.0,0.0,abstract,A,self_interest,True,indefinite,,0.7,tit_for_tat,5,defect,cooperate,0.5,,,,mid_temptation,,f4257d4a51fc3c7f255f16fa,ok,0.45,0.55,0.4225,False,0.1,0.3167,3.2256e-05
delta_sweep-001030,delta_sweep,prisoners_dilemma,5.0,3.0,1.0,0.0,abstract,B,self_interest,False,indefinite,,0.7,tit_for_tat,0,defect,cooperate,0.5,,,,mid_temptation,,6508a0f89f2e1493ff6f0aa8,ok,0.48,0.45,0.5125,False,0.04,0.2832,3.2256e-05
delta_sweep-001031,delta_sweep,prisoners_dilemma,5.0,3.0,1.0,0.0,abstract,B,self_interest,False,indefinite,,0.7,tit_for_tat,1,defect,cooperate,0.5,,,,mid_temptation,,5c2989627fbbcdbbad1a6fb4,ok,0.54,0.52,0.555,True,0.08,0.2259,3.2256e-05
delta_sweep-001032,delta_sweep,prisoners_dilemma,5.0,3.0,1.0,0.0,abstract,B,self_interest,False,indefinite,,0.7,tit_for_tat,2,defect,cooperate,0.5,,,,mid_temptation,,ded869a1628e0a9e175db14c,ok,0.47,0.53,0.51,False,0.05,0.2554,3.2256e-05
delta_sweep-001033,delta_sweep,prisoners_dilemma,5.0,3.0,1.0,0.0,abstract,B,self_interest,False,indefinite,,0.7,tit_for_tat,3,defect,cooperate,0.5,,,,mid_temptation,,c39d2ffc852f17c7953a46d9,ok,0.56,0.52,0.515,True,0.11,0.2967,3.2256e-05
delta_sweep-001034,delta_sweep,prisoners_dilemma,5.0,3.0,1.0,0.0,abstract,B,self_interest,False,indefinite,,0.7,tit_for_tat,4,defect,cooperate,0.5,,,,mid_temptation,,475b9356fce8c560577d4d12,ok,0.53,0.51,0.5175,True,0.07,0.2435,3.2256e-05
delta_sweep-001035,delta_sweep,prisoners_dilemma,5.0,3.0,1.0,0.0,abstract,B,self_interest,False,indefinite,,0.7,tit_for_tat,5,defect,cooperate,0.5,,,,mid_temptation,,e9202ead6abf51c0c0ffe8f7,ok,0.59,0.53,0.575,True,0.18,0.2323,3.2256e-05
delta_sweep-001036,delta_sweep,prisoners_dilemma,5.0,3.0,1.0,0.0,abstract,A,self_interest,True,indefinite,,0.7,unknown,0,defect,,0.5,,,,mid_temptation,,9c38a61cb4ff658e41d0eed3,ok,0.55,0.54,0.575,True,0.1,0.2452,2.9946e-05
delta_sweep-001037,delta_sweep,prisoners_dilemma,5.0,3.0,1.0,0.0,abstract,A,self_interest,True,indefinite,,0.7,unknown,1,defect,,0.5,,,,mid_temptation,,6bd1d3e260be1e723f4d6d18,ok,0.61,0.57,0.58,True,0.22,0.2703,2.9946e-05
delta_sweep-001038,delta_sweep,prisoners_dilemma,5.0,3.0,1.0,0.0,abstract,A,self_interest,True,indefinite,,0.7,unknown,2,defect,,0.5,,,,mid_temptation,,fd86fe96dbe9c3403935aafb,ok,0.59,0.56,0.575,True,0.18,0.2547,2.9946e-05
delta_sweep-001039,delta_sweep,prisoners_dilemma,5.0,3.0,1.0,0.0,abstract,A,self_interest,True,indefinite,,0.7,unknown,3,defect,,0.5,,,,mid_temptation,,160cbeaaa0a1e2dc9ed1e578,ok,0.55,0.55,0.5625,True,0.1,0.3574,2.9946e-05
delta_sweep-001040,delta_sweep,prisoners_dilemma,5.0,3.0,1.0,0.0,abstract,A,self_interest,True,indefinite,,0.7,unknown,4,defect,,0.5,,,,mid_temptation,,b31d4b09a5e5cacb4c4432e7,ok,0.66,0.61,0.58,True,0.32,0.2881,2.9946e-05
delta_sweep-001041,delta_sweep,prisoners_dilemma,5.0,3.0,1.0,0.0,abstract,A,self_interest,True,indefinite,,0.7,unknown,5,defect,,0.5,,,,mid_temptation,,40f9e8bcc23d6f72b05ea78f,ok,0.59,0.55,0.56,True,0.18,0.2495,2.9946e-05
delta_sweep-001042,delta_sweep,prisoners_dilemma,5.0,3.0,1.0,0.0,abstract,B,self_interest,False,indefinite,,0.7,unknown,0,defect,,0.5,,,,mid_temptation,,131c112f725b2fea7b1bcb31,ok,0.61,0.54,0.5625,True,0.21,0.262,2.9946e-05
delta_sweep-001043,delta_sweep,prisoners_dilemma,5.0,3.0,1.0,0.0,abstract,B,self_interest,False,indefinite,,0.7,unknown,1,defect,,0.5,,,,mid_temptation,,4c56f1ac57f47d892ae1d5d5,ok,0.64,0.53,0.565,True,0.28,0.2634,2.9946e-05
delta_sweep-001044,delta_sweep,prisoners_dilemma,5.0,3.0,1.0,0.0,abstract,B,self_interest,False,indefinite,,0.7,unknown,2,defect,,0.5,,,,mid_temptation,,94edd42598aede2bbaa955cb,ok,0.61,0.51,0.5375,True,0.22,0.2578,2.9946e-05
delta_sweep-001045,delta_sweep,prisoners_dilemma,5.0,3.0,1.0,0.0,abstract,B,self_interest,False,indefinite,,0.7,unknown,3,defect,,0.5,,,,mid_temptation,,8df5bdea05bcb8d117f9c735,ok,0.59,0.51,0.58,True,0.17,0.2442,2.9946e-05
delta_sweep-001046,delta_sweep,prisoners_dilemma,5.0,3.0,1.0,0.0,abstract,B,self_interest,False,indefinite,,0.7,unknown,4,defect,,0.5,,,,mid_temptation,,52a97792c0b27b202e37a6e7,ok,0.64,0.52,0.545,True,0.27,0.2703,2.9946e-05
delta_sweep-001047,delta_sweep,prisoners_dilemma,5.0,3.0,1.0,0.0,abstract,B,self_interest,False,indefinite,,0.7,unknown,5,defect,,0.5,,,,mid_temptation,,ca55d50f04f1071fac85842c,ok,0.63,0.52,0.5725,True,0.25,0.2374,2.9946e-05
delta_sweep-001048,delta_sweep,prisoners_dilemma,5.0,3.0,1.0,0.0,abstract,A,self_interest,True,indefinite,,0.8,tit_for_tat,0,defect,cooperate,0.5,,,,mid_temptation,,1a56899c69a6ced9068a3ecf,ok,0.5,0.58,0.48,True,0.01,0.2905,3.2256e-05
delta_sweep-001049,delta_sweep,prisoners_dilemma,5.0,3.0,1.0,0.0,abstract,A,self_interest,True,indefinite,,0.8,tit_for_tat,1,defect,cooperate,0.5,,,,mid_temptation,,cdfb3d9196b9eedf228e3aa2,ok,0.51,0.57,0.4325,True,0.03,0.2633,3.2256e-05
delta_sweep-001050,delta_sweep,prisoners_dilemma,5.0,3.0,1.0,0.0,abstract,A,self_interest,True,indefinite,,0.8,tit_for_tat,2,defect,cooperate,0.5,,,,mid_temptation,,9307b8778da8d8732f9c2c18,ok,0.52,0.58,0.495,True,0.04,0.2691,3.2256e-05
delta_sweep-001051,delta_sweep,prisoners_dilemma,5.0,3.0,1.0,0.0,abstract,A,self_interest,True,indefinite,,0.8,tit_for_tat,3,defect,cooperate,0.5,,,,mid_temptation,,d214b45327d2076786a5a1d5,ok,0.44,0.59,0.5025,False,0.13,0.2429,3.2256e-05
delta_sweep-001052,delta_sweep,prisoners_dilemma,5.0,3.0,1.0,0.0,abstract,A,self_interest,True,indefinite,,0.8,tit_for_tat,4,defect,cooperate,0.5,,,,mid_temptation,,77346241610773f0eea4bee7,ok,0.46,0.53,0.445,False,0.09,0.2438,3.2256e-05
delta_sweep-001053,delta_sweep,prisoners_dilemma,5.0,3.0,1.0,0.0,abstract,A,self_interest,True,indefinite,,0.8,tit_for_tat,5,defect,cooperate,0.5,,,,mid_temptation,,60cb2040ba9b23320165fef3,ok,0.53,0.53,0.4875,True,0.06,0.2233,3.2256e-05
delta_sweep-001054,delta_sweep,prisoners_dilemma,5.0,3.0,1.0,0.0,abstract,B,self_interest,False,indefinite,,0.8,tit_for_tat,0,defect,cooperate,0.5,,,,mid_temptation,,a3dad3e2ef6e3e4aac0b5b1c,ok,0.53,0.5,0.55,True,0.06,0.2464,3.2256e-05
delta_sweep-001055,delta_sweep,prisoners_dilemma,5.0,3.0,1.0,0.0,abstract,B,self_interest,False,indefinite,,0.8,tit_for_tat,1,defect,cooperate,0.5,,,,mid_temptation,,886309f14728dc92ff1f25f6,ok,0.51,0.5,0.5075,True,0.02,0.2399,3.2256e-05
delta_sweep-001056,delta_sweep,prisoners_dilemma,5.0,3.0,1.0,0.0,abstract,B,self_interest,False,indefinite,,0.8,tit_for_tat,2,defect,cooperate,0.5,,,,mid_temptation,,4d33ce60a9281c832adb15ff,ok,0.56,0.51,0.4875,True,0.11,0.2462,3.2256e-05
delta_sweep-001057,delta_sweep,prisoners_dilemma,5.0,3.0,1.0,0.0,abstract,B,self_interest,False,indefinite,,0.8,tit_for_tat,3,defect,cooperate,0.5,,,,mid_temptation,,8be666254fb21aebc9555664,ok,0.53,0.52,0.5025,True,0.05,0.2369,3.2256e-05
delta_sweep-001058,delta_sweep,prisoners_dilemma,5.0,3.0,1.0,0.0,abstract,B,self_interest,False,indefinite,,0.8,tit_for_tat,4,defect,cooperate,0.5,,,,mid_temptation,,3ada114dc1b7b812b0bb368a,ok,0.56,0.53,0.5225,True,0.13,0.2914,3.2256e-05
delta_sweep-001059,delta_sweep,prisoners_dilemma,5.0,3.0,1.0,0.0,abstract,B,self_interest,False,indefinite,,0.8,tit_for_tat,5,defect,cooperate,0.5,,,,mid_temptation,,7264a529c3550dcf1d9b211e,ok,0.49,0.52,0.4525,False,0.03,0.3357,3.2256e-05
delta_sweep-001060,delta_sweep,prisoners_dilemma,5.0,3.0,1.0,0.0,abstract,A,self_interest,True,indefinite,,0.8,unknown,0,defect,,0.5,,,,mid_temptation,,ddf439e02ea69a7692452a31,ok,0.55,0.58,0.5675,True,0.1,0.2516,2.9946e-05
delta_sweep-001061,delta_sweep,prisoners_dilemma,5.0,3.0,1.0,0.0,abstract,A,self_interest,True,indefinite,,0.8,unknown,1,defect,,0.5,,,,mid_temptation,,7cc1107b8935b45d76c2ad19,ok,0.6,0.59,0.595,True,0.21,0.258,2.9946e-05
delta_sweep-001062,delta_sweep,prisoners_dilemma,5.0,3.0,1.0,0.0,abstract,A,self_interest,True,indefinite,,0.8,unknown,2,defect,,0.5,,,,mid_temptation,,8564853990ff782c605f6183,ok,0.58,0.56,0.555,True,0.16,0.2688,2.9946e-05
delta_sweep-001063,delta_sweep,prisoners_dilemma,5.0,3.0,1.0,0.0,abstract,A,self_interest,True,indefinite,,0.8,unknown,3,defect,,0.5,,,,mid_temptation,,223e9dc61122a4cb28dd44a7,ok,0.59,0.55,0.555,True,0.19,0.2948,2.9946e-05
delta_sweep-001064,delta_sweep,prisoners_dilemma,5.0,3.0,1.0,0.0,abstract,A,self_interest,True,indefinite,,0.8,unknown,4,defect,,0.5,,,,mid_temptation,,8e6cf6a2a1aa064ab6b3d956,ok,0.61,0.57,0.5675,True,0.22,0.2446,2.9946e-05
delta_sweep-001065,delta_sweep,prisoners_dilemma,5.0,3.0,1.0,0.0,abstract,A,self_interest,True,indefinite,,0.8,unknown,5,defect,,0.5,,,,mid_temptation,,14555c43c5f5bfa98338c414,ok,0.59,0.59,0.5775,True,0.19,0.2577,2.9946e-05
delta_sweep-001066,delta_sweep,prisoners_dilemma,5.0,3.0,1.0,0.0,abstract,B,self_interest,False,indefinite,,0.8,unknown,0,defect,,0.5,,,,mid_temptation,,a54e5a5b1c9e8de67caff3c3,ok,0.57,0.51,0.525,True,0.14,0.2671,2.9946e-05
delta_sweep-001067,delta_sweep,prisoners_dilemma,5.0,3.0,1.0,0.0,abstract,B,self_interest,False,indefinite,,0.8,unknown,1,defect,,0.5,,,,mid_temptation,,2d438a339a85e03c63932d29,ok,0.63,0.51,0.5525,True,0.27,0.2779,2.9946e-05
delta_sweep-001068,delta_sweep,prisoners_dilemma,5.0,3.0,1.0,0.0,abstract,B,self_interest,False,indefinite,,0.8,unknown,2,defect,,0.5,,,,mid_temptation,,e73eb9419bbb21f8194c1f1a,ok,0.65,0.52,0.5575,True,0.3,0.2526,2.9946e-05
delta_sweep-001069,delta_sweep,prisoners_dilemma,5.0,3.0,1.0,0.0,abstract,B,self_interest,False,indefinite,,0.8,unknown,3,defect,,0.5,,,,mid_temptation,,e53fa7ff94b268040d364034,ok,0.59,0.5,0.57,True,0.19,0.2778,2.9946e-05
delta_sweep-001070,delta_sweep,prisoners_dilemma,5.0,3.0,1.0,0.0,abstract,B,self_interest,False,indefinite,,0.8,unknown,4,defect,,0.5,,,,mid_temptation,,33389b5f62d9987c635b5b3a,ok,0.64,0.53,0.5875,True,0.27,0.2774,2.9946e-05
delta_sweep-001071,delta_sweep,prisoners_dilemma,5.0,3.0,1.0,0.0,abstract,B,self_interest,False,indefinite,,0.8,unknown,5,defect,,0.5,,,,mid_temptation,,7483c07fa64be3a8098a45ef,ok,0.6,0.53,0.5525,True,0.2,0.2607,2.9946e-05
delta_sweep-001072,delta_sweep,prisoners_dilemma,5.0,3.0,1.0,0.0,abstract,A,self_interest,True,indefinite,,0.9,tit_for_tat,0,defect,cooperate,0.5,,,,mid_temptation,,012d72df54e0ebf5d54601aa,ok,0.49,0.57,0.4725,False,0.02,0.2621,3.2256e-05
delta_sweep-001073,delta_sweep,prisoners_dilemma,5.0,3.0,1.0,0.0,abstract,A,self_interest,True,indefinite,,0.9,tit_for_tat,1,defect,cooperate,0.5,,,,mid_temptation,,f13f5ff1da1e4100a12ef047,ok,0.45,0.53,0.465,False,0.11,0.2791,3.2256e-05
delta_sweep-001074,delta_sweep,prisoners_dilemma,5.0,3.0,1.0,0.0,abstract,A,self_interest,True,indefinite,,0.9,tit_for_tat,2,defect,cooperate,0.5,,,,mid_temptation,,b8211e1e16b7f2709c85ef16,ok,0.5,0.56,0.46,False,0.01,0.2712,3.2256e-05
delta_sweep-001075,delta_sweep,prisoners_dilemma,5.0,3.0,1.0,0.0,abstract,A,self_interest,True,indefinite,,0.9,tit_for_tat,3,defect,cooperate,0.5,,,,mid_temptation,,240fcbc7226344af1d0750f1,ok,0.55,0.58,0.5275,True,0.1,0.2576,3.2256e-05
delta_sweep-001076,delta_sweep,prisoners_dilemma,5.0,3.0,1.0,0.0,abstract,A,self_interest,True,indefinite,,0.9,tit_for_tat,4,defect,cooperate,0.5,,,,mid_temptation,,fd5fb80d2ea9710e4ea74c93,ok,0.51,0.57,0.465,True,0.01,0.2982,3.2256e-05
delta_sweep-001077,delta_sweep,prisoners_dilemma,5.0,3.0,1.0,0.0,abstract,A,self_interest,True,indefinite,,0.9,tit_for_tat,5,defect,cooperate,0.5,,,,mid_temptation,,7c388249c69d73288ac239b3,ok,0.55,0.59,0.525,True,0.11,0.238,3.2256e-05
delta_sweep-001078,delta_sweep,prisoners_dilemma,5.0,3.0,1.0,0.0,abstract,B,self_interest,False,indefinite,,0.9,tit_for_tat,0,defect,cooperate,0.5,,,,mid_temptation,,7b1091841aa57004b864a685,ok,0.56,0.53,0.55,True,0.13,0.2368,3.2256e-05
delta_sweep-001079,delta_sweep,prisoners_dilemma,5.0,3.0,1.0,0.0,abstract,B,self_interest,False,indefinite,,0.9,tit_for_tat,1,defect,cooperate,0.5,,,,mid_temptation,,08a3e4c09fb67173e4078942,ok,0.52,0.53,0.5475,True,0.05,0.2668,3.2256e-05
delta_sweep-001080,delta_sweep,prisoners_dilemma,5.0,3.0,1.0,0.0,abstract,B,self_interest,False,indefinite,,0.9,tit_for_tat,2,defect,cooperate,0.5,,,,mid_temptation,,da3efb49fb40df2fc6f84039,ok,0.55,0.52,0.5225,True,0.1,0.2543,3.2256e-05
delta_sweep-001081,delta_sweep,prisoners_dilemma,5.0,3.0,1.0,0.0,abstract,B,self_interest,False,indefinite,,0.9,tit_for_tat,3,defect,cooperate,0.5,,,,mid_temptation,,5c19bac010f705321bce609e,ok,0.5,0.51,0.5375,True,0.01,0.2484,3.2256e-05
delta_sweep-001082,delta_sweep,prisoners_dilemma,5.0,3.0,1.0,0.0,abstract,B,self_interest,False,indefinite,,0.9,tit_for_tat,4,defect,cooperate,0.5,,,,mid_temptation,,698d1d6031148120533e73a6,ok,0.5,0.49,0.5075,False,0.0,0.277,3.2256e-05
delta_sweep-001083,delta_sweep,prisoners_dilemma,5.0,3.0,1.0,0.0,abstract,B,self_interest,False,indefinite,,0.9,tit_for_tat,5,defect,cooperate,0.5,,,,mid_temptation,,319727779a137febdc69efc8,ok,0.51,0.51,0.51,True,0.02,0.2851,3.2256e-05
delta_sweep-001084,delta_sweep,prisoners_dilemma,5.0,3.0,1.0,0.0,abstract,A,self_interest,True,indefinite,,0.9,unknown,0,defect,,0.5,,,,mid_temptation,,2ba3a875c8a53cb68844f768,ok,0.68,0.61,0.5975,True,0.36,0.2439,2.9946e-05
delta_sweep-001085,delta_sweep,prisoners_dilemma,5.0,3.0,1.0,0.0,abstract,A,self_interest,True,indefinite,,0.9,unknown,1,defect,,0.5,,,,mid_temptation,,7884d8f2d05da244b0611bdf,ok,0.6,0.56,0.585,True,0.2,0.2573,2.9946e-05
delta_sweep-001086,delta_sweep,prisoners_dilemma,5.0,3.0,1.0,0.0,abstract,A,self_interest,True,indefinite,,0.9,unknown,2,defect,,0.5,,,,mid_temptation,,aca68619bb746f08205b2c6d,ok,0.63,0.58,0.595,True,0.26,0.2873,2.9946e-05
delta_sweep-001087,delta_sweep,prisoners_dilemma,5.0,3.0,1.0,0.0,abstract,A,self_interest,True,indefinite,,0.9,unknown,3,defect,,0.5,,,,mid_temptation,,413e3fd7b174f44d9c022b65,ok,0.55,0.54,0.5625,True,0.1,0.2478,2.9946e-05
delta_sweep-001088,delta_sweep,prisoners_dilemma,5.0,3.0,1.0,0.0,abstract,A,self_interest,True,indefinite,,0.9,unknown,4,defect,,0.5,,,,mid_temptation,,7546722f58ba2b0fa6592430,ok,0.59,0.59,0.5875,True,0.17,0.2584,2.9946e-05
delta_sweep-001089,delta_sweep,prisoners_dilemma,5.0,3.0,1.0,0.0,abstract,A,self_interest,True,indefinite,,0.9,unknown,5,defect,,0.5,,,,mid_temptation,,d1e308298c504a405dc29add,ok,0.65,0.59,0.6075,True,0.3,0.2845,2.9946e-05
delta_sweep-001090,delta_sweep,prisoners_dilemma,5.0,3.0,1.0,0.0,abstract,B,self_interest,False,indefinite,,0.9,unknown,0,defect,,0.5,,,,mid_temptation,,6faff75f972b2192dc3b87d4,ok,0.63,0.53,0.585,True,0.26,0.2416,2.9946e-05
delta_sweep-001091,delta_sweep,prisoners_dilemma,5.0,3.0,1.0,0.0,abstract,B,self_interest,False,indefinite,,0.9,unknown,1,defect,,0.5,,,,mid_temptation,,06caaf1bd3544eb12a33799e,ok,0.65,0.55,0.595,True,0.3,0.2908,2.9946e-05
delta_sweep-001092,delta_sweep,prisoners_dilemma,5.0,3.0,1.0,0.0,abstract,B,self_interest,False,indefinite,,0.9,unknown,2,defect,,0.5,,,,mid_temptation,,d62ad68b210e79e794a162dd,ok,0.64,0.53,0.565,True,0.28,0.241,2.9946e-05
delta_sweep-001093,delta_sweep,prisoners_dilemma,5.0,3.0,1.0,0.0,abstract,B,self_interest,False,indefinite,,0.9,unknown,3,defect,,0.5,,,,mid_temptation,,42ffe5f782f3eb74c561874b,ok,0.63,0.52,0.59,True,0.27,0.2315,2.9946e-05
delta_sweep-001094,delta_sweep,prisoners_dilemma,5.0,3.0,1.0,0.0,abstract,B,self_interest,False,indefinite,,0.9,unknown,4,defect,,0.5,,,,mid_temptation,,dfb173189c434e071883d18d,ok,0.61,0.52,0.5625,True,0.23,0.2677,2.9946e-05
delta_sweep-001095,delta_sweep,prisoners_dilemma,5.0,3.0,1.0,0.0,abstract,B,self_interest,False,indefinite,,0.9,unknown,5,defect,,0.5,,,,mid_temptation,,7a6e60f357dd9348ae615207,ok,0.64,0.52,0.555,True,0.29,0.2862,2.9946e-05
delta_sweep-001096,delta_sweep,prisoners_dilemma,5.0,3.0,1.0,0.0,abstract,A,self_interest,True,indefinite,,0.95,tit_for_tat,0,defect,cooperate,0.5,,,,mid_temptation,,1fde07f5318455785f898d67,ok,0.48,0.57,0.475,False,0.04,0.2661,3.2214e-05
delta_sweep-001097,delta_sweep,prisoners_dilemma,5.0,3.0,1.0,0.0,abstract,A,self_interest,True,indefinite,,0.95,tit_for_tat,1,defect,cooperate,0.5,,,,mid_temptation,,2dcff0473f93d59f02e00dc4,ok,0.49,0.56,0.49,False,0.03,0.2482,3.2214e-05
delta_sweep-001098,delta_sweep,prisoners_dilemma,5.0,3.0,1.0,0.0,abstract,A,self_interest,True,indefinite,,0.95,tit_for_tat,2,defect,cooperate,0.5,,,,mid_temptation,,4e2818a1bc1c49ce9962b2d3,ok,0.5,0.57,0.5025,True,0.0,0.2238,3.2214e-05
delta_sweep-001099,delta_sweep,prisoners_dilemma,5.0,3.0,1.0,0.0,abstract,A,self_interest,True,indefinite,,0.95,tit_for_tat,3,defect,cooperate,0.5,,,,mid_temptation,,2b047474497835e8e1568f40,ok,0.52,0.56,0.445,True,0.04,0.2419,3.2214e-05
delta_sweep-001100,delta_sweep,prisoners_dilemma,5.0,3.0,1.0,0.0,abstract,A,self_interest,True,indefinite,,0.95,tit_for_tat,4,defect,cooperate,0.5,,,,mid_temptation,,5b4429e8ca60652c8c983483,ok,0.51,0.58,0.4775,True,0.01,0.2583,3.2214e-05
delta_sweep-001101,delta_sweep,prisoners_dilemma,5.0,3.0,1.0,0.0,abstract,A,self_interest,True,indefinite,,0.95,tit_for_tat,5,defect,cooperate,0.5,,,,mid_temptation,,ae941b0aa123dac59770a9f2,ok,0.54,0.56,0.505,True,0.08,0.2618,3.2214e-05
delta_sweep-001102,delta_sweep,prisoners_dilemma,5.0,3.0,1.0,0.0,abstract,B,self_interest,False,indefinite,,0.95,tit_for_tat,0,defect,cooperate,0.5,,,,mid_temptation,,de472a58e1209e200f5cd41f,ok,0.52,0.5,0.4875,True,0.05,0.2788,3.2214e-05
delta_sweep-001103,delta_sweep,prisoners_dilemma,5.0,3.0,1.0,0.0,abstract,B,self_interest,False,indefinite,,0.95,tit_for_tat,1,defect,cooperate,0.5,,,,mid_temptation,,62d273fd914481b178b55d30,ok,0.55,0.55,0.535,True,0.1,0.2391,3.2214e-05
delta_sweep-001104,delta_sweep,prisoners_dilemma,5.0,3.0,1.0,0.0,abstract,B,self_interest,False,indefinite,,0.95,tit_for_tat,2,defect,cooperate,0.5,,,,mid_temptation,,dbe43c8726c5539a49cf3bb9,ok,0.53,0.53,0.5625,True,0.05,0.2443,3.2214e-05
delta_sweep-001105,delta_sweep,prisoners_dilemma,5.0,3.0,1.0,0.0,abstract,B,self_interest,False,indefinite,,0.95,tit_for_tat,3,defect,cooperate,0.5,,,,mid_temptation,,5bf96a4e4fa2e88a8e13c64d,ok,0.54,0.55,0.555,True,0.09,0.2712,3.2214e-05
delta_sweep-001106,delta_sweep,prisoners_dilemma,5.0,3.0,1.0,0.0,abstract,B,self_interest,False,indefinite,,0.95,tit_for_tat,4,defect,cooperate,0.5,,,,mid_temptation,,335add38b197a6173909a381,ok,0.55,0.54,0.54,True,0.09,0.2652,3.2214e-05
delta_sweep-001107,delta_sweep,prisoners_dilemma,5.0,3.0,1.0,0.0,abstract,B,self_interest,False,indefinite,,0.95,tit_for_tat,5,defect,cooperate,0.5,,,,mid_temptation,,2ca1620183c829afe6d1bdc5,ok,0.51,0.55,0.5025,True,0.03,0.3001,3.2214e-05
delta_sweep-001108,delta_sweep,prisoners_dilemma,5.0,3.0,1.0,0.0,abstract,A,self_interest,True,indefinite,,0.95,unknown,0,defect,,0.5,,,,mid_temptation,,2596a3172a02ac7808403cb7,ok,0.66,0.6,0.5675,True,0.33,0.2956,2.9904e-05
delta_sweep-001109,delta_sweep,prisoners_dilemma,5.0,3.0,1.0,0.0,abstract,A,self_interest,True,indefinite,,0.95,unknown,1,defect,,0.5,,,,mid_temptation,,978d13add868e24c81e35be5,ok,0.59,0.55,0.565,True,0.18,0.2738,2.9904e-05
delta_sweep-001110,delta_sweep,prisoners_dilemma,5.0,3.0,1.0,0.0,abstract,A,self_interest,True,indefinite,,0.95,unknown,2,defect,,0.5,,,,mid_temptation,,33cec2c274c8fbae8063a8ab,ok,0.59,0.61,0.6075,True,0.19,0.2757,2.9904e-05
delta_sweep-001111,delta_sweep,prisoners_dilemma,5.0,3.0,1.0,0.0,abstract,A,self_interest,True,indefinite,,0.95,unknown,3,defect,,0.5,,,,mid_temptation,,56f87d9748e0c361cd96672e,ok,0.63,0.58,0.5825,True,0.27,0.269,2.9904e-05
delta_sweep-001112,delta_sweep,prisoners_dilemma,5.0,3.0,1.0,0.0,abstract,A,self_interest,True,indefinite,,0.95,unknown,4,defect,,0.5,,,,mid_temptation,,3cf07b545ac89e3f43d67c69,ok,0.63,0.57,0.585,True,0.27,0.277,2.9904e-05
delta_sweep-001113,delta_sweep,prisoners_dilemma,5.0,3.0,1.0,0.0,abstract,A,self_interest,True,indefinite,,0.95,unknown,5,defect,,0.5,,,,mid_temptation,,5e3592422699a4c18e324817,ok,0.63,0.58,0.5675,True,0.26,0.2358,2.9904e-05
delta_sweep-001114,delta_sweep,prisoners_dilemma,5.0,3.0,1.0,0.0,abstract,B,self_interest,False,indefinite,,0.95,unknown,0,defect,,0.5,,,,mid_temptation,,1a0d85c369ba54da1585365d,ok,0.7,0.52,0.5875,True,0.4,0.298,2.9904e-05
delta_sweep-001115,delta_sweep,prisoners_dilemma,5.0,3.0,1.0,0.0,abstract,B,self_interest,False,indefinite,,0.95,unknown,1,defect,,0.5,,,,mid_temptation,,49b139b81b95b03f9af7beb5,ok,0.67,0.54,0.575,True,0.34,0.2648,2.9904e-05
delta_sweep-001116,delta_sweep,prisoners_dilemma,5.0,3.0,1.0,0.0,abstract,B,self_interest,False,indefinite,,0.95,unknown,2,defect,,0.5,,,,mid_temptation,,947e9cfd0815f7024f8876a0,ok,0.59,0.51,0.55,True,0.19,0.3035,2.9904e-05
delta_sweep-001117,delta_sweep,prisoners_dilemma,5.0,3.0,1.0,0.0,abstract,B,self_interest,False,indefinite,,0.95,unknown,3,defect,,0.5,,,,mid_temptation,,2fccc6aaf4df5c18f9307740,ok,0.64,0.53,0.5625,True,0.27,0.4278,2.9904e-05
delta_sweep-001118,delta_sweep,prisoners_dilemma,5.0,3.0,1.0,0.0,abstract,B,self_interest,False,indefinite,,0.95,unknown,4,defect,,0.5,,,,mid_temptation,,07340418b1368322a2baf158,ok,0.64,0.53,0.585,True,0.28,0.2286,2.9904e-05
delta_sweep-001119,delta_sweep,prisoners_dilemma,5.0,3.0,1.0,0.0,abstract,B,self_interest,False,indefinite,,0.95,unknown,5,defect,,0.5,,,,mid_temptation,,147151e912733cff7b16a48b,ok,0.67,0.54,0.5825,True,0.33,0.3027,2.9904e-05
delta_sweep-001120,delta_sweep,prisoners_dilemma,9.0,3.0,1.0,0.0,abstract,A,self_interest,True,indefinite,,0.0,tit_for_tat,0,defect,defect,0.75,,,,high_temptation,,9d49ecdbed7b8e9d8cb8e9ec,ok,0.36,0.5,0.39,False,0.28,0.2243,3.2256e-05
delta_sweep-001121,delta_sweep,prisoners_dilemma,9.0,3.0,1.0,0.0,abstract,A,self_interest,True,indefinite,,0.0,tit_for_tat,1,defect,defect,0.75,,,,high_temptation,,81f7b97f05d5215ad3591be7,ok,0.4,0.49,0.4025,False,0.2,0.2628,3.2256e-05
delta_sweep-001122,delta_sweep,prisoners_dilemma,9.0,3.0,1.0,0.0,abstract,A,self_interest,True,indefinite,,0.0,tit_for_tat,2,defect,defect,0.75,,,,high_temptation,,8789c9acc778cd7c44d68161,ok,0.4,0.48,0.47,False,0.2,0.2615,3.2256e-05
delta_sweep-001123,delta_sweep,prisoners_dilemma,9.0,3.0,1.0,0.0,abstract,A,self_interest,True,indefinite,,0.0,tit_for_tat,3,defect,defect,0.75,,,,high_temptation,,2a2e2dd49a69a21615202854,ok,0.38,0.49,0.44,False,0.25,0.3015,3.2256e-05
delta_sweep-001124,delta_sweep,prisoners_dilemma,9.0,3.0,1.0,0.0,abstract,A,self_interest,True,indefinite,,0.0,tit_for_tat,4,defect,defect,0.75,,,,high_temptation,,036b37fa01480817a111e465,ok,0.4,0.51,0.4525,False,0.19,0.2247,3.2256e-05
delta_sweep-001125,delta_sweep,prisoners_dilemma,9.0,3.0,1.0,0.0,abstract,A,self_interest,True,indefinite,,0.0,tit_for_tat,5,defect,defect,0.75,,,,high_temptation,,c7c709d1bca4f4bbb59b588f,ok,0.36,0.48,0.3675,False,0.28,0.2411,3.2256e-05
delta_sweep-001126,delta_sweep,prisoners_dilemma,9.0,3.0,1.0,0.0,abstract,B,self_interest,False,indefinite,,0.0,tit_for_tat,0,defect,defect,0.75,,,,high_temptation,,44e21887837a1e9ef4bcb671,ok,0.39,0.45,0.4225,False,0.23,0.2728,3.2256e-05
delta_sweep-001127,delta_sweep,prisoners_dilemma,9.0,3.0,1.0,0.0,abstract,B,self_interest,False,indefinite,,0.0,tit_for_tat,1,defect,defect,0.75,,,,high_temptation,,a311df2a2fd2382399d63978,ok,0.47,0.48,0.435,False,0.05,0.2525,3.2256e-05
delta_sweep-001128,delta_sweep,prisoners_dilemma,9.0,3.0,1.0,0.0,abstract,B,self_interest,False,indefinite,,0.0,tit_for_tat,2,defect,defect,0.75,,,,high_temptation,,be79751d1ad9b41a651d3ff2,ok,0.4,0.46,0.4425,False,0.2,0.2411,3.2256e-05
delta_sweep-001129,delta_sweep,prisoners_dilemma,9.0,3.0,1.0,0.0,abstract,B,self_interest,False,indefinite,,0.0,tit_for_tat,3,defect,defect,0.75,,,,high_temptation,,e3a846da88e59589e08f29be,ok,0.5,0.46,0.46,False,0.0,0.278,3.2256e-05
delta_sweep-001130,delta_sweep,prisoners_dilemma,9.0,3.0,1.0,0.0,abstract,B,self_interest,False,indefinite,,0.0,tit_for_tat,4,defect,defect,0.75,,,,high_temptation,,5acc45167df077f2000616b9,ok,0.48,0.46,0.4725,False,0.05,0.3011,3.2256e-05
delta_sweep-001131,delta_sweep,prisoners_dilemma,9.0,3.0,1.0,0.0,abstract,B,self_interest,False,indefinite,,0.0,tit_for_tat,5,defect,defect,0.75,,,,high_temptation,,ff318d7f0668706b052a9812,ok,0.45,0.47,0.5,False,0.09,0.2435,3.2256e-05
delta_sweep-001132,delta_sweep,prisoners_dilemma,9.0,3.0,1.0,0.0,abstract,A,self_interest,True,indefinite,,0.0,unknown,0,defect,,0.75,,,,high_temptation,,d4640bfe36e4dcfdc97d650e,ok,0.3,0.44,0.4625,False,0.4,0.3257,2.9946e-05
delta_sweep-001133,delta_sweep,prisoners_dilemma,9.0,3.0,1.0,0.0,abstract,A,self_interest,True,indefinite,,0.0,unknown,1,defect,,0.75,,,,high_temptation,,42dd4b7d0247b748d9668e58,ok,0.31,0.44,0.445,False,0.39,0.2663,2.9946e-05
delta_sweep-001134,delta_sweep,prisoners_dilemma,9.0,3.0,1.0,0.0,abstract,A,self_interest,True,indefinite,,0.0,unknown,2,defect,,0.75,,,,high_temptation,,da646e956d82c026060023af,ok,0.3,0.44,0.46,False,0.4,0.2708,2.9946e-05
delta_sweep-001135,delta_sweep,prisoners_dilemma,9.0,3.0,1.0,0.0,abstract,A,self_interest,True,indefinite,,0.0,unknown,3,defect,,0.75,,,,high_temptation,,09bd2c5ba99129b880f1ecc1,ok,0.29,0.44,0.4075,False,0.43,0.2564,2.9946e-05
delta_sweep-001136,delta_sweep,prisoners_dilemma,9.0,3.0,1.0,0.0,abstract,A,self_interest,True,indefinite,,0.0,unknown,4,defect,,0.75,,,,high_temptation,,5ff0490c8d59f5f04c54ac52,ok,0.28,0.45,0.4325,False,0.44,0.2661,2.9946e-05
delta_sweep-001137,delta_sweep,prisoners_dilemma,9.0,3.0,1.0,0.0,abstract,A,self_interest,True,indefinite,,0.0,unknown,5,defect,,0.75,,,,high_temptation,,cb8cdf0d84efa0e74cc9f063,ok,0.29,0.45,0.43,False,0.42,0.2333,2.9946e-05
delta_sweep-001138,delta_sweep,prisoners_dilemma,9.0,3.0,1.0,0.0,abstract,B,self_interest,False,indefinite,,0.0,unknown,0,defect,,0.75,,,,high_temptation,,b050c49d2b0510d13a9deb90,ok,0.44,0.45,0.465,False,0.13,0.24,2.9946e-05
delta_sweep-001139,delta_sweep,prisoners_dilemma,9.0,3.0,1.0,0.0,abstract,B,self_interest,False,indefinite,,0.0,unknown,1,defect,,0.75,,,,high_temptation,,495d325854f351780e25fbf9,ok,0.44,0.46,0.465,False,0.12,0.2619,2.9946e-05
delta_sweep-001140,delta_sweep,prisoners_dilemma,9.0,3.0,1.0,0.0,abstract,B,self_interest,False,indefinite,,0.0,unknown,2,defect,,0.75,,,,high_temptation,,8485a295fcac692735b685d7,ok,0.42,0.43,0.4575,False,0.17,0.2467,2.9946e-05
delta_sweep-001141,delta_sweep,prisoners_dilemma,9.0,3.0,1.0,0.0,abstract,B,self_interest,False,indefinite,,0.0,unknown,3,defect,,0.75,,,,high_temptation,,cd35b3db8a7bef2e18eca27d,ok,0.44,0.47,0.47,False,0.13,0.3693,2.9946e-05
delta_sweep-001142,delta_sweep,prisoners_dilemma,9.0,3.0,1.0,0.0,abstract,B,self_interest,False,indefinite,,0.0,unknown,4,defect,,0.75,,,,high_temptation,,106cd84b05398179d626b48c,ok,0.4,0.44,0.4775,False,0.21,0.3227,2.9946e-05
delta_sweep-001143,delta_sweep,prisoners_dilemma,9.0,3.0,1.0,0.0,abstract,B,self_interest,False,indefinite,,0.0,unknown,5,defect,,0.75,,,,high_temptation,,6ed4f8f7d63ce6de2c1b13e1,ok,0.43,0.45,0.465,False,0.15,0.2836,2.9946e-05
delta_sweep-001144,delta_sweep,prisoners_dilemma,9.0,3.0,1.0,0.0,abstract,A,self_interest,True,indefinite,,0.1,tit_for_tat,0,defect,defect,0.75,,,,high_temptation,,ec7f3995887bcadc6c10ea2f,ok,0.39,0.53,0.4025,False,0.23,0.2627,3.2256e-05
delta_sweep-001145,delta_sweep,prisoners_dilemma,9.0,3.0,1.0,0.0,abstract,A,self_interest,True,indefinite,,0.1,tit_for_tat,1,defect,defect,0.75,,,,high_temptation,,5ce4679f84a36f4838fbc44c,ok,0.41,0.51,0.48,False,0.19,0.2684,3.2256e-05
delta_sweep-001146,delta_sweep,prisoners_dilemma,9.0,3.0,1.0,0.0,abstract,A,self_interest,True,indefinite,,0.1,tit_for_tat,2,defect,defect,0.75,,,,high_temptation,,0fc7fa570f3e618c381a960b,ok,0.37,0.47,0.44,False,0.27,0.2545,3.2256e-05
delta_sweep-001147,delta_sweep,prisoners_dilemma,9.0,3.0,1.0,0.0,abstract,A,self_interest,True,indefinite,,0.1,tit_for_tat,3,defect,defect,0.75,,,,high_temptation,,2b19073fd2acdc2be7cad797,ok,0.38,0.52,0.4225,False,0.25,0.2741,3.2256e-05
delta_sweep-001148,delta_sweep,prisoners_dilemma,9.0,3.0,1.0,0.0,abstract,A,self_interest,True,indefinite,,0.1,tit_for_tat,4,defect,defect,0.75,,,,high_temptation,,a80c91ea2f340fc1bb4b0c03,ok,0.42,0.52,0.4375,False,0.15,0.2646,3.2256e-05
delta_sweep-001149,delta_sweep,prisoners_dilemma,9.0,3.0,1.0,0.0,abstract,A,self_interest,True,indefinite,,0.1,tit_for_tat,5,defect,defect,0.75,,,,high_temptation,,68dbf3f0048d3603357de92f,ok,0.39,0.52,0.405,False,0.22,0.2236,3.2256e-05
delta_sweep-001150,delta_sweep,prisoners_dilemma,9.0,3.0,1.0,0.0,abstract,B,self_interest,False,indefinite,,0.1,tit_for_tat,0,defect,defect,0.75,,,,high_temptation,,aeb35cc259bc71ca8bc467dc,ok,0.43,0.41,0.47,False,0.14,0.2698,3.2256e-05
delta_sweep-001151,delta_sweep,prisoners_dilemma,9.0,3.0,1.0,0.0,abstract,B,self_interest,False,indefinite,,0.1,tit_for_tat,1,defect,defect,0.75,,,,high_temptation,,01a31274759149b610679111,ok,0.52,0.47,0.455,True,0.04,0.2451,3.2256e-05
delta_sweep-001152,delta_sweep,prisoners_dilemma,9.0,3.0,1.0,0.0,abstract,B,self_interest,False,indefinite,,0.1,tit_for_tat,2,defect,defect,0.75,,,,high_temptation,,2e41f4d7caff19021c1b6447,ok,0.44,0.42,0.4775,False,0.11,0.2764,3.2256e-05
delta_sweep-001153,delta_sweep,prisoners_dilemma,9.0,3.0,1.0,0.0,abstract,B,self_interest,False,indefinite,,0.1,tit_for_tat,3,defect,defect,0.75,,,,high_temptation,,12c8c2d8796197b00fc2d51e,ok,0.48,0.41,0.5325,False,0.03,0.28,3.2256e-05
delta_sweep-001154,delta_sweep,prisoners_dilemma,9.0,3.0,1.0,0.0,abstract,B,self_interest,False,indefinite,,0.1,tit_for_tat,4,defect,defect,0.75,,,,high_temptation,,08a475d4e6e425f0bb2de639,ok,0.51,0.41,0.4575,True,0.01,0.2372,3.2256e-05
delta_sweep-001155,delta_sweep,prisoners_dilemma,9.0,3.0,1.0,0.0,abstract,B,self_interest,False,indefinite,,0.1,tit_for_tat,5,defect,defect,0.75,,,,high_temptation,,4c67da7d8812ff298a8d8af0,ok,0.44,0.43,0.4875,False,0.12,0.2313,3.2256e-05
delta_sweep-001156,delta_sweep,prisoners_dilemma,9.0,3.0,1.0,0.0,abstract,A,self_interest,True,indefinite,,0.1,unknown,0,defect,,0.75,,,,high_temptation,,a0401269fff3f3e17fb5be27,ok,0.31,0.43,0.4675,False,0.39,0.2321,2.9946e-05
delta_sweep-001157,delta_sweep,prisoners_dilemma,9.0,3.0,1.0,0.0,abstract,A,self_interest,True,indefinite,,0.1,unknown,1,defect,,0.75,,,,high_temptation,,12b0abfb9a330db38b33df83,ok,0.32,0.43,0.47,False,0.37,0.2422,2.9946e-05
delta_sweep-001158,delta_sweep,prisoners_dilemma,9.0,3.0,1.0,0.0,abstract,A,self_interest,True,indefinite,,0.1,unknown,2,defect,,0.75,,,,high_temptation,,aa9404debae31e4675a36e87,ok,0.32,0.43,0.4675,False,0.35,0.2698,2.9946e-05
delta_sweep-001159,delta_sweep,prisoners_dilemma,9.0,3.0,1.0,0.0,abstract,A,self_interest,True,indefinite,,0.1,unknown,3,defect,,0.75,,,,high_temptation,,2d1df30076945ab82c5ffe0d,ok,0.35,0.43,0.455,False,0.29,0.2821,2.9946e-05
delta_sweep-001160,delta_sweep,prisoners_dilemma,9.0,3.0,1.0,0.0,abstract,A,self_interest,True,indefinite,,0.1,unknown,4,defect,,0.75,,,,high_temptation,,5a6869dd5292fd68a32ebe01,ok,0.35,0.41,0.48,False,0.31,0.2852,2.9946e-05
delta_sweep-001161,delta_sweep,prisoners_dilemma,9.0,3.0,1.0,0.0,abstract,A,self_interest,True,indefinite,,0.1,unknown,5,defect,,0.75,,,,high_temptation,,2198090c6999916961acbd1f,ok,0.36,0.42,0.475,False,0.28,0.2653,2.9946e-05
delta_sweep-001162,delta_sweep,prisoners_dilemma,9.0,3.0,1.0,0.0,abstract,B,self_interest,False,indefinite,,0.1,unknown,0,defect,,0.75,,,,high_temptation,,2d8d79481dc5e372ae55fbcd,ok,0.48,0.45,0.4625,False,0.03,0.398,2.9946e-05
delta_sweep-001163,delta_sweep,prisoners_dilemma,9.0,3.0,1.0,0.0,abstract,B,self_interest,False,indefinite,,0.1,unknown,1,defect,,0.75,,,,high_temptation,,3c632c7af5e3b27e8cfd4e0c,ok,0.48,0.46,0.525,False,0.03,0.2356,2.9946e-05
delta_sweep-001164,delta_sweep,prisoners_dilemma,9.0,3.0,1.0,0.0,abstract,B,self_interest,False,indefinite,,0.1,unknown,2,defect,,0.75,,,,high_temptation,,c7bdde896ffcd7993cd1c430,ok,0.47,0.48,0.4775,False,0.06,0.2692,2.9946e-05
delta_sweep-001165,delta_sweep,prisoners_dilemma,9.0,3.0,1.0,0.0,abstract,B,self_interest,False,indefinite,,0.1,unknown,3,defect,,0.75,,,,high_temptation,,e84067b89290d3f9010fd356,ok,0.47,0.48,0.4825,False,0.06,0.2448,2.9946e-05
delta_sweep-001166,delta_sweep,prisoners_dilemma,9.0,3.0,1.0,0.0,abstract,B,self_interest,False,indefinite,,0.1,unknown,4,defect,,0.75,,,,high_temptation,,595ca418d58131cc3c2359bf,ok,0.46,0.44,0.4975,False,0.09,0.2921,2.9946e-05
delta_sweep-001167,delta_sweep,prisoners_dilemma,9.0,3.0,1.0,0.0,abstract,B,self_interest,False,indefinite,,0.1,unknown,5,defect,,0.75,,,,high_temptation,,9b2e5c4ba624d8d30edc66e8,ok,0.45,0.46,0.4625,False,0.09,0.2416,2.9946e-05
delta_sweep-001168,delta_sweep,prisoners_dilemma,9.0,3.0,1.0,0.0,abstract,A,self_interest,True,indefinite,,0.2,tit_for_tat,0,defect,defect,0.75,,,,high_temptation,,d80796e89dddc7726db57817,ok,0.42,0.49,0.45,False,0.16,0.229,3.2256e-05
delta_sweep-001169,delta_sweep,prisoners_dilemma,9.0,3.0,1.0,0.0,abstract,A,self_interest,True,indefinite,,0.2,tit_for_tat,1,defect,defect,0.75,,,,high_temptation,,80341c47e4e4a1b984ce0aa2,ok,0.42,0.53,0.4875,False,0.15,0.3128,3.2256e-05
delta_sweep-001170,delta_sweep,prisoners_dilemma,9.0,3.0,1.0,0.0,abstract,A,self_interest,True,indefinite,,0.2,tit_for_tat,2,defect,defect,0.75,,,,high_temptation,,c09600f6861c6eff7d5448a7,ok,0.39,0.52,0.45,False,0.21,0.2494,3.2256e-05
delta_sweep-001171,delta_sweep,prisoners_dilemma,9.0,3.0,1.0,0.0,abstract,A,self_interest,True,indefinite,,0.2,tit_for_tat,3,defect,defect,0.75,,,,high_temptation,,a0ae484b328d9a783127af09,ok,0.41,0.54,0.4425,False,0.18,0.2624,3.2256e-05
delta_sweep-001172,delta_sweep,prisoners_dilemma,9.0,3.0,1.0,0.0,abstract,A,self_interest,True,indefinite,,0.2,tit_for_tat,4,defect,defect,0.75,,,,high_temptation,,090363116c0f8069ca70ba7c,ok,0.44,0.51,0.4525,False,0.11,0.2656,3.2256e-05
delta_sweep-001173,delta_sweep,prisoners_dilemma,9.0,3.0,1.0,0.0,abstract,A,self_interest,True,indefinite,,0.2,tit_for_tat,5,defect,defect,0.75,,,,high_temptation,,c77b9c581fc9aae5ec7a46b1,ok,0.4,0.53,0.4375,False,0.21,0.2783,3.2256e-05
delta_sweep-001174,delta_sweep,prisoners_dilemma,9.0,3.0,1.0,0.0,abstract,B,self_interest,False,indefinite,,0.2,tit_for_tat,0,defect,defect,0.75,,,,high_temptation,,7d4bb0691649227e18a121cc,ok,0.57,0.49,0.46,True,0.14,0.2235,3.2256e-05
delta_sweep-001175,delta_sweep,prisoners_dilemma,9.0,3.0,1.0,0.0,abstract,B,self_interest,False,indefinite,,0.2,tit_for_tat,1,defect,defect,0.75,,,,high_temptation,,4579d0bbf50fb6d1a0a3c1fc,ok,0.49,0.51,0.4875,False,0.01,0.2532,3.2256e-05
delta_sweep-001176,delta_sweep,prisoners_dilemma,9.0,3.0,1.0,0.0,abstract,B,self_interest,False,indefinite,,0.2,tit_for_tat,2,defect,defect,0.75,,,,high_temptation,,6e4eb848addb0f18361df5d0,ok,0.47,0.47,0.445,False,0.06,0.2797,3.2256e-05
delta_sweep-001177,delta_sweep,prisoners_dilemma,9.0,3.0,1.0,0.0,abstract,B,self_interest,False,indefinite,,0.2,tit_for_tat,3,defect,defect,0.75,,,,high_temptation,,403b95069527404a24f1f962,ok,0.45,0.45,0.4475,False,0.1,0.4263,3.2256e-05
delta_sweep-001178,delta_sweep,prisoners_dilemma,9.0,3.0,1.0,0.0,abstract,B,self_interest,False,indefinite,,0.2,tit_for_tat,4,defect,defect,0.75,,,,high_temptation,,978fe37171f7f420260b6f5b,ok,0.5,0.47,0.4325,True,0.01,0.2331,3.2256e-05
delta_sweep-001179,delta_sweep,prisoners_dilemma,9.0,3.0,1.0,0.0,abstract,B,self_interest,False,indefinite,,0.2,tit_for_tat,5,defect,defect,0.75,,,,high_temptation,,45b4b5220860d9e5b290dfc0,ok,0.54,0.47,0.4675,True,0.08,0.2377,3.2256e-05
delta_sweep-001180,delta_sweep,prisoners_dilemma,9.0,3.0,1.0,0.0,abstract,A,self_interest,True,indefinite,,0.2,unknown,0,defect,,0.75,,,,high_temptation,,df0ebf44920a77cdad495dfe,ok,0.42,0.45,0.49,False,0.17,0.2453,2.9946e-05
delta_sweep-001181,delta_sweep,prisoners_dilemma,9.0,3.0,1.0,0.0,abstract,A,self_interest,True,indefinite,,0.2,unknown,1,defect,,0.75,,,,high_temptation,,cf664b8405f98909f6e4ca7f,ok,0.3,0.44,0.445,False,0.39,0.2784,2.9946e-05
delta_sweep-001182,delta_sweep,prisoners_dilemma,9.0,3.0,1.0,0.0,abstract,A,self_interest,True,indefinite,,0.2,unknown,2,defect,,0.75,,,,high_temptation,,75401f3513a7b0769cf9787a,ok,0.38,0.46,0.4675,False,0.23,0.2546,2.9946e-05
delta_sweep-001183,delta_sweep,prisoners_dilemma,9.0,3.0,1.0,0.0,abstract,A,self_interest,True,indefinite,,0.2,unknown,3,defect,,0.75,,,,high_temptation,,1b648280cbc287f951e9ffcd,ok,0.41,0.46,0.48,False,0.18,0.2492,2.9946e-05
delta_sweep-001184,delta_sweep,prisoners_dilemma,9.0,3.0,1.0,0.0,abstract,A,self_interest,True,indefinite,,0.2,unknown,4,defect,,0.75,,,,high_temptation,,a1e81eba6cf610d01071b82e,ok,0.39,0.46,0.4675,False,0.23,0.2579,2.9946e-05
delta_sweep-001185,delta_sweep,prisoners_dilemma,9.0,3.0,1.0,0.0,abstract,A,self_interest,True,indefinite,,0.2,unknown,5,defect,,0.75,,,,high_temptation,,d8535fcb2ef57a158a44e0b8,ok,0.33,0.45,0.46,False,0.35,0.2397,2.9946e-05
delta_sweep-001186,delta_sweep,prisoners_dilemma,9.0,3.0,1.0,0.0,abstract,B,self_interest,False,indefinite,,0.2,unknown,0,defect,,0.75,,,,high_temptation,,8475543423d86d9a4ad08498,ok,0.49,0.46,0.4575,False,0.01,0.2779,2.9946e-05
delta_sweep-001187,delta_sweep,prisoners_dilemma,9.0,3.0,1.0,0.0,abstract,B,self_interest,False,indefinite,,0.2,unknown,1,defect,,0.75,,,,high_temptation,,9d15ba2e36c7d48ee757d535,ok,0.5,0.46,0.485,False,0.01,0.2432,2.9946e-05
delta_sweep-001188,delta_sweep,prisoners_dilemma,9.0,3.0,1.0,0.0,abstract,B,self_interest,False,indefinite,,0.2,unknown,2,defect,,0.75,,,,high_temptation,,11627d74f63992327606ac77,ok,0.46,0.48,0.485,False,0.08,0.2539,2.9946e-05
delta_sweep-001189,delta_sweep,prisoners_dilemma,9.0,3.0,1.0,0.0,abstract,B,self_interest,False,indefinite,,0.2,unknown,3,defect,,0.75,,,,high_temptation,,6ce630280a74bcf7ab1ec13a,ok,0.47,0.45,0.47,False,0.05,0.2653,2.9946e-05
delta_sweep-001190,delta_sweep,prisoners_dilemma,9.0,3.0,1.0,0.0,abstract,B,self_interest,False,indefinite,,0.2,unknown,4,defect,,0.75,,,,high_temptation,,3060c388e8c73828a217611c,ok,0.47,0.44,0.47,False,0.06,0.2528,2.9946e-05
delta_sweep-001191,delta_sweep,prisoners_dilemma,9.0,3.0,1.0,0.0,abstract,B,self_interest,False,indefinite,,0.2,unknown,5,defect,,0.75,,,,high_temptation,,70ef0173f68c2bb25d655cd4,ok,0.53,0.45,0.46,True,0.05,0.2621,2.9946e-05
delta_sweep-001192,delta_sweep,prisoners_dilemma,9.0,3.0,1.0,0.0,abstract,A,self_interest,True,indefinite,,0.3,tit_for_tat,0,defect,defect,0.75,,,,high_temptation,,e6b73ce60cac50f40ad351e3,ok,0.35,0.48,0.4,False,0.31,0.2704,3.2256e-05
delta_sweep-001193,delta_sweep,prisoners_dilemma,9.0,3.0,1.0,0.0,abstract,A,self_interest,True,indefinite,,0.3,tit_for_tat,1,defect,defect,0.75,,,,high_temptation,,1f366414daa78407a9b3c7c9,ok,0.4,0.53,0.405,False,0.2,0.2579,3.2256e-05
delta_sweep-001194,delta_sweep,prisoners_dilemma,9.0,3.0,1.0,0.0,abstract,A,self_interest,True,indefinite,,0.3,tit_for_tat,2,defect,defect,0.75,,,,high_temptation,,f0c7fbf6aee9511d50dfe506,ok,0.41,0.53,0.43,False,0.17,0.2746,3.2256e-05
delta_sweep-001195,delta_sweep,prisoners_dilemma,9.0,3.0,1.0,0.0,abstract,A,self_interest,True,indefinite,,0.3,tit_for_tat,3,defect,defect,0.75,,,,high_temptation,,8f25e64e29f81f467d157038,ok,0.43,0.52,0.4225,False,0.15,0.3107,3.2256e-05
delta_sweep-001196,delta_sweep,prisoners_dilemma,9.0,3.0,1.0,0.0,abstract,A,self_interest,True,indefinite,,0.3,tit_for_tat,4,defect,defect,0.75,,,,high_temptation,,1323e851947b27332202a5f2,ok,0.41,0.52,0.43,False,0.19,0.2418,3.2256e-05
delta_sweep-001197,delta_sweep,prisoners_dilemma,9.0,3.0,1.0,0.0,abstract,A,self_interest,True,indefinite,,0.3,tit_for_tat,5,defect,defect,0.75,,,,high_temptation,,aacdc834cc44f4e77f1f6390,ok,0.38,0.49,0.43,False,0.24,0.2543,3.2256e-05
delta_sweep-001198,delta_sweep,prisoners_dilemma,9.0,3.0,1.0,0.0,abstract,B,self_interest,False,indefinite,,0.3,tit_for_tat,0,defect,defect,0.75,,,,high_temptation,,ac724fe1b599269e2da3e8d7,ok,0.48,0.46,0.5175,False,0.05,0.292,3.2256e-05
delta_sweep-001199,delta_sweep,prisoners_dilemma,9.0,3.0,1.0,0.0,abstract,B,self_interest,False,indefinite,,0.3,tit_for_tat,1,defect,defect,0.75,,,,high_temptation,,7260638869ec402ac0608ebf,ok,0.47,0.49,0.4525,False,0.05,0.2655,3.2256e-05
delta_sweep-001200,delta_sweep,prisoners_dilemma,9.0,3.0,1.0,0.0,abstract,B,self_interest,False,indefinite,,0.3,tit_for_tat,2,defect,defect,0.75,,,,high_temptation,,d524feaa420d7b797d3f1c36,ok,0.52,0.51,0.435,True,0.03,0.3102,3.2256e-05
delta_sweep-001201,delta_sweep,prisoners_dilemma,9.0,3.0,1.0,0.0,abstract,B,self_interest,False,indefinite,,0.3,tit_for_tat,3,defect,defect,0.75,,,,high_temptation,,49b46f77b20b5b446dc767c7,ok,0.44,0.47,0.42,False,0.13,0.2289,3.2256e-05
delta_sweep-001202,delta_sweep,prisoners_dilemma,9.0,3.0,1.0,0.0,abstract,B,self_interest,False,indefinite,,0.3,tit_for_tat,4,defect,defect,0.75,,,,high_temptation,,888b9adc31c822b6e7877cad,ok,0.45,0.45,0.445,False,0.1,0.2258,3.2256e-05
delta_sweep-001203,delta_sweep,prisoners_dilemma,9.0,3.0,1.0,0.0,abstract,B,self_interest,False,indefinite,,0.3,tit_for_tat,5,defect,defect,0.75,,,,high_temptation,,047eec2433bcc5fe2f9c3c04,ok,0.5,0.47,0.465,False,0.01,0.2749,3.2256e-05
delta_sweep-001204,delta_sweep,prisoners_dilemma,9.0,3.0,1.0,0.0,abstract,A,self_interest,True,indefinite,,0.3,unknown,0,defect,,0.75,,,,high_temptation,,fa5dbd410e9033e137379ae1,ok,0.39,0.45,0.4775,False,0.23,0.2876,2.9946e-05
delta_sweep-001205,delta_sweep,prisoners_dilemma,9.0,3.0,1.0,0.0,abstract,A,self_interest,True,indefinite,,0.3,unknown,1,defect,,0.75,,,,high_temptation,,811c9b4a8d35e74c622599cd,ok,0.42,0.5,0.5025,False,0.16,0.2682,2.9946e-05
delta_sweep-001206,delta_sweep,prisoners_dilemma,9.0,3.0,1.0,0.0,abstract,A,self_interest,True,indefinite,,0.3,unknown,2,defect,,0.75,,,,high_temptation,,9571ae801b5575d011afd9c1,ok,0.36,0.45,0.47,False,0.28,0.3174,2.9946e-05
delta_sweep-001207,delta_sweep,prisoners_dilemma,9.0,3.0,1.0,0.0,abstract,A,self_interest,True,indefinite,,0.3,unknown,3,defect,,0.75,,,,high_temptation,,d282c4ee636987aaef4669af,ok,0.35,0.45,0.4425,False,0.3,0.2434,2.9946e-05
delta_sweep-001208,delta_sweep,prisoners_dilemma,9.0,3.0,1.0,0.0,abstract,A,self_interest,True,indefinite,,0.3,unknown,4,defect,,0.75,,,,high_temptation,,ff2a27044cd55e88e9855be9,ok,0.41,0.47,0.48,False,0.17,0.2421,2.9946e-05
delta_sweep-001209,delta_sweep,prisoners_dilemma,9.0,3.0,1.0,0.0,abstract,A,self_interest,True,indefinite,,0.3,unknown,5,defect,,0.75,,,,high_temptation,,f03a788b487c556948d6a828,ok,0.34,0.43,0.47,False,0.31,0.2343,2.9946e-05
delta_sweep-001210,delta_sweep,prisoners_dilemma,9.0,3.0,1.0,0.0,abstract,B,self_interest,False,indefinite,,0.3,unknown,0,defect,,0.75,,,,high_temptation,,1421672a50d22dc3eb91516f,ok,0.49,0.48,0.48,False,0.02,0.2394,2.9946e-05
delta_sweep-001211,delta_sweep,prisoners_dilemma,9.0,3.0,1.0,0.0,abstract,B,self_interest,False,indefinite,,0.3,unknown,1,defect,,0.75,,,,high_temptation,,52e8a33539005a0c54b78365,ok,0.48,0.47,0.4675,False,0.05,0.2852,2.9946e-05
delta_sweep-001212,delta_sweep,prisoners_dilemma,9.0,3.0,1.0,0.0,abstract,B,self_interest,False,indefinite,,0.3,unknown,2,defect,,0.75,,,,high_temptation,,34cda79e1fbb820afa04c78b,ok,0.46,0.46,0.5025,False,0.07,0.227,2.9946e-05
delta_sweep-001213,delta_sweep,prisoners_dilemma,9.0,3.0,1.0,0.0,abstract,B,self_interest,False,indefinite,,0.3,unknown,3,defect,,0.75,,,,high_temptation,,3b1b048c45cba4241d3fdddb,ok,0.46,0.47,0.4825,False,0.08,0.2461,2.9946e-05
delta_sweep-001214,delta_sweep,prisoners_dilemma,9.0,3.0,1.0,0.0,abstract,B,self_interest,False,indefinite,,0.3,unknown,4,defect,,0.75,,,,high_temptation,,e44edd56a889db032ef943a8,ok,0.49,0.48,0.475,False,0.02,0.2464,2.9946e-05
delta_sweep-001215,delta_sweep,prisoners_dilemma,9.0,3.0,1.0,0.0,abstract,B,self_interest,False,indefinite,,0.3,unknown,5,defect,,0.75,,,,high_temptation,,e3b45024f6cb4d1d934cc268,ok,0.46,0.44,0.4775,False,0.07,0.2501,2.9946e-05
delta_sweep-001216,delta_sweep,prisoners_dilemma,9.0,3.0,1.0,0.0,abstract,A,self_interest,True,indefinite,,0.4,tit_for_tat,0,defect,defect,0.75,,,,high_temptation,,75008acd24609929ceb25485,ok,0.42,0.55,0.4725,False,0.16,0.2768,3.2256e-05
delta_sweep-001217,delta_sweep,prisoners_dilemma,9.0,3.0,1.0,0.0,abstract,A,self_interest,True,indefinite,,0.4,tit_for_tat,1,defect,defect,0.75,,,,high_temptation,,6fb4f13029fec40afa4071a6,ok,0.38,0.54,0.435,False,0.23,0.4254,3.2256e-05
delta_sweep-001218,delta_sweep,prisoners_dilemma,9.0,3.0,1.0,0.0,abstract,A,self_interest,True,indefinite,,0.4,tit_for_tat,2,defect,defect,0.75,,,,high_temptation,,0075a5a0ad68dd42d47618bf,ok,0.42,0.5,0.4325,False,0.17,0.2389,3.2256e-05
delta_sweep-001219,delta_sweep,prisoners_dilemma,9.0,3.0,1.0,0.0,abstract,A,self_interest,True,indefinite,,0.4,tit_for_tat,3,defect,defect,0.75,,,,high_temptation,,4e13cf1addff6f20006e6a13,ok,0.34,0.47,0.4025,False,0.32,0.2882,3.2256e-05
delta_sweep-001220,delta_sweep,prisoners_dilemma,9.0,3.0,1.0,0.0,abstract,A,self_interest,True,indefinite,,0.4,tit_for_tat,4,defect,defect,0.75,,,,high_temptation,,495d20a698da32422c61a7a7,ok,0.48,0.55,0.4775,False,0.03,0.2604,3.2256e-05
delta_sweep-001221,delta_sweep,prisoners_dilemma,9.0,3.0,1.0,0.0,abstract,A,self_interest,True,indefinite,,0.4,tit_for_tat,5,defect,defect,0.75,,,,high_temptation,,8b1a79809b368bcd6f51f146,ok,0.35,0.49,0.415,False,0.3,0.2387,3.2256e-05
delta_sweep-001222,delta_sweep,prisoners_dilemma,9.0,3.0,1.0,0.0,abstract,B,self_interest,False,indefinite,,0.4,tit_for_tat,0,defect,defect,0.75,,,,high_temptation,,cc405b8ab22d676020d4c8fd,ok,0.46,0.45,0.42,False,0.09,0.272,3.2256e-05
delta_sweep-001223,delta_sweep,prisoners_dilemma,9.0,3.0,1.0,0.0,abstract,B,self_interest,False,indefinite,,0.4,tit_for_tat,1,defect,defect,0.75,,,,high_temptation,,93c3cfd781a1adf9a6dd4552,ok,0.53,0.48,0.49,True,0.07,0.2806,3.2256e-05
delta_sweep-001224,delta_sweep,prisoners_dilemma,9.0,3.0,1.0,0.0,abstract,B,self_interest,False,indefinite,,0.4,tit_for_tat,2,defect,defect,0.75,,,,high_temptation,,de1ec1832d75853df4225c31,ok,0.48,0.54,0.4675,False,0.03,0.2927,3.2256e-05
delta_sweep-001225,delta_sweep,prisoners_dilemma,9.0,3.0,1.0,0.0,abstract,B,self_interest,False,indefinite,,0.4,tit_for_tat,3,defect,defect,0.75,,,,high_temptation,,772355066ab1ee26efa1dfe3,ok,0.51,0.43,0.4375,True,0.02,0.2951,3.2256e-05
delta_sweep-001226,delta_sweep,prisoners_dilemma,9.0,3.0,1.0,0.0,abstract,B,self_interest,False,indefinite,,0.4,tit_for_tat,4,defect,defect,0.75,,,,high_temptation,,674456643e2f5fa0a023cf44,ok,0.5,0.5,0.435,True,0.01,0.3105,3.2256e-05
delta_sweep-001227,delta_sweep,prisoners_dilemma,9.0,3.0,1.0,0.0,abstract,B,self_interest,False,indefinite,,0.4,tit_for_tat,5,defect,defect,0.75,,,,high_temptation,,1c74460322b9f5b063279cfd,ok,0.48,0.43,0.435,False,0.05,0.2302,3.2256e-05
delta_sweep-001228,delta_sweep,prisoners_dilemma,9.0,3.0,1.0,0.0,abstract,A,self_interest,True,indefinite,,0.4,unknown,0,defect,,0.75,,,,high_temptation,,adccb43bd1f3052daa51c74a,ok,0.41,0.46,0.49,False,0.19,0.2463,2.9946e-05
delta_sweep-001229,delta_sweep,prisoners_dilemma,9.0,3.0,1.0,0.0,abstract,A,self_interest,True,indefinite,,0.4,unknown,1,defect,,0.75,,,,high_temptation,,e60e16b97a29dc32df0fa177,ok,0.37,0.46,0.4925,False,0.25,0.2399,2.9946e-05
delta_sweep-001230,delta_sweep,prisoners_dilemma,9.0,3.0,1.0,0.0,abstract,A,self_interest,True,indefinite,,0.4,unknown,2,defect,,0.75,,,,high_temptation,,d0e7b1113285f9e32c287738,ok,0.43,0.46,0.51,False,0.14,0.2335,2.9946e-05
delta_sweep-001231,delta_sweep,prisoners_dilemma,9.0,3.0,1.0,0.0,abstract,A,self_interest,True,indefinite,,0.4,unknown,3,defect,,0.75,,,,high_temptation,,45c6ac7c9f43b0dace366767,ok,0.35,0.45,0.4825,False,0.3,0.2652,2.9946e-05
delta_sweep-001232,delta_sweep,prisoners_dilemma,9.0,3.0,1.0,0.0,abstract,A,self_interest,True,indefinite,,0.4,unknown,4,defect,,0.75,,,,high_temptation,,a1580dcece475dcdb44aeef6,ok,0.35,0.44,0.485,False,0.29,0.2603,2.9946e-05
delta_sweep-001233,delta_sweep,prisoners_dilemma,9.0,3.0,1.0,0.0,abstract,A,self_interest,True,indefinite,,0.4,unknown,5,defect,,0.75,,,,high_temptation,,b453e42fb1aeadb9136840d5,ok,0.34,0.45,0.4725,False,0.33,0.2648,2.9946e-05
delta_sweep-001234,delta_sweep,prisoners_dilemma,9.0,3.0,1.0,0.0,abstract,B,self_interest,False,indefinite,,0.4,unknown,0,defect,,0.75,,,,high_temptation,,425e69691249fdc842a8c8c9,ok,0.53,0.47,0.5,True,0.05,0.2497,2.9946e-05
delta_sweep-001235,delta_sweep,prisoners_dilemma,9.0,3.0,1.0,0.0,abstract,B,self_interest,False,indefinite,,0.4,unknown,1,defect,,0.75,,,,high_temptation,,e6c7c9522483bd0aadf68dd7,ok,0.5,0.46,0.5025,True,0.01,0.2279,2.9946e-05
delta_sweep-001236,delta_sweep,prisoners_dilemma,9.0,3.0,1.0,0.0,abstract,B,self_interest,False,indefinite,,0.4,unknown,2,defect,,0.75,,,,high_temptation,,cdba814170da8f8ec998c16f,ok,0.51,0.47,0.5,True,0.01,0.27,2.9946e-05
delta_sweep-001237,delta_sweep,prisoners_dilemma,9.0,3.0,1.0,0.0,abstract,B,self_interest,False,indefinite,,0.4,unknown,3,defect,,0.75,,,,high_temptation,,869c50bcbcc145f8b682bb47,ok,0.44,0.45,0.4775,False,0.13,0.2416,2.9946e-05
delta_sweep-001238,delta_sweep,prisoners_dilemma,9.0,3.0,1.0,0.0,abstract,B,self_interest,False,indefinite,,0.4,unknown,4,defect,,0.75,,,,high_temptation,,3026e8455634e066a1b1ca5b,ok,0.44,0.48,0.48,False,0.13,0.2466,2.9946e-05
delta_sweep-001239,delta_sweep,prisoners_dilemma,9.0,3.0,1.0,0.0,abstract,B,self_interest,False,indefinite,,0.4,unknown,5,defect,,0.75,,,,high_temptation,,5bd93b3677dc68a5c999fe85,ok,0.57,0.5,0.515,True,0.15,0.2304,2.9946e-05
delta_sweep-001240,delta_sweep,prisoners_dilemma,9.0,3.0,1.0,0.0,abstract,A,self_interest,True,indefinite,,0.5,tit_for_tat,0,defect,defect,0.75,,,,high_temptation,,74f8fec244ed665361b5b40f,ok,0.47,0.56,0.49,False,0.06,0.6031,3.2256e-05
delta_sweep-001241,delta_sweep,prisoners_dilemma,9.0,3.0,1.0,0.0,abstract,A,self_interest,True,indefinite,,0.5,tit_for_tat,1,defect,defect,0.75,,,,high_temptation,,65689a456621a50c59acdf92,ok,0.45,0.54,0.43,False,0.11,0.2757,3.2256e-05
delta_sweep-001242,delta_sweep,prisoners_dilemma,9.0,3.0,1.0,0.0,abstract,A,self_interest,True,indefinite,,0.5,tit_for_tat,2,defect,defect,0.75,,,,high_temptation,,6b0db5f151e795158ec1b103,ok,0.41,0.54,0.46,False,0.18,0.272,3.2256e-05
delta_sweep-001243,delta_sweep,prisoners_dilemma,9.0,3.0,1.0,0.0,abstract,A,self_interest,True,indefinite,,0.5,tit_for_tat,3,defect,defect,0.75,,,,high_temptation,,66edeb9b969dc6aca8da91f1,ok,0.42,0.53,0.4525,False,0.16,0.2497,3.2256e-05
delta_sweep-001244,delta_sweep,prisoners_dilemma,9.0,3.0,1.0,0.0,abstract,A,self_interest,True,indefinite,,0.5,tit_for_tat,4,defect,defect,0.75,,,,high_temptation,,881e5edf402a5f4fb481cb71,ok,0.35,0.52,0.425,False,0.3,0.254,3.2256e-05
delta_sweep-001245,delta_sweep,prisoners_dilemma,9.0,3.0,1.0,0.0,abstract,A,self_interest,True,indefinite,,0.5,tit_for_tat,5,defect,defect,0.75,,,,high_temptation,,f2db928d769e64d7e62a35c8,ok,0.42,0.53,0.4325,False,0.15,0.2612,3.2256e-05
delta_sweep-001246,delta_sweep,prisoners_dilemma,9.0,3.0,1.0,0.0,abstract,B,self_interest,False,indefinite,,0.5,tit_for_tat,0,defect,defect,0.75,,,,high_temptation,,d114394952e0a0a3d6ca9379,ok,0.53,0.5,0.5225,True,0.06,0.2598,3.2256e-05
delta_sweep-001247,delta_sweep,prisoners_dilemma,9.0,3.0,1.0,0.0,abstract,B,self_interest,False,indefinite,,0.5,tit_for_tat,1,defect,defect,0.75,,,,high_temptation,,743f774b6015f431fc74fc76,ok,0.51,0.48,0.45,True,0.02,0.271,3.2256e-05
delta_sweep-001248,delta_sweep,prisoners_dilemma,9.0,3.0,1.0,0.0,abstract,B,self_interest,False,indefinite,,0.5,tit_for_tat,2,defect,defect,0.75,,,,high_temptation,,e8468f2d64593492fea1042f,ok,0.49,0.5,0.4325,False,0.03,0.2377,3.2256e-05
delta_sweep-001249,delta_sweep,prisoners_dilemma,9.0,3.0,1.0,0.0,abstract,B,self_interest,False,indefinite,,0.5,tit_for_tat,3,defect,defect,0.75,,,,high_temptation,,c1d609cb917cf5484fae31e4,ok,0.57,0.49,0.5225,True,0.15,0.2836,3.2256e-05
delta_sweep-001250,delta_sweep,prisoners_dilemma,9.0,3.0,1.0,0.0,abstract,B,self_interest,False,indefinite,,0.5,tit_for_tat,4,defect,defect,0.75,,,,high_temptation,,bd545e632ba0a163ee58173c,ok,0.46,0.47,0.4725,False,0.07,0.2711,3.2256e-05
delta_sweep-001251,delta_sweep,prisoners_dilemma,9.0,3.0,1.0,0.0,abstract,B,self_interest,False,indefinite,,0.5,tit_for_tat,5,defect,defect,0.75,,,,high_temptation,,e6d109c3e99ce1655e1a20c0,ok,0.49,0.43,0.45,False,0.03,0.2551,3.2256e-05
delta_sweep-001252,delta_sweep,prisoners_dilemma,9.0,3.0,1.0,0.0,abstract,A,self_interest,True,indefinite,,0.5,unknown,0,defect,,0.75,,,,high_temptation,,cbe14441bbf965829fe169ce,ok,0.43,0.49,0.5075,False,0.15,0.2577,2.9946e-05
delta_sweep-001253,delta_sweep,prisoners_dilemma,9.0,3.0,1.0,0.0,abstract,A,self_interest,True,indefinite,,0.5,unknown,1,defect,,0.75,,,,high_temptation,,d71c758ce3314b4a1d104755,ok,0.42,0.48,0.4925,False,0.16,0.2653,2.9946e-05
delta_sweep-001254,delta_sweep,prisoners_dilemma,9.0,3.0,1.0,0.0,abstract,A,self_interest,True,indefinite,,0.5,unknown,2,defect,,0.75,,,,high_temptation,,b811f4883241f100d8aa134e,ok,0.38,0.46,0.485,False,0.25,0.2832,2.9946e-05
delta_sweep-001255,delta_sweep,prisoners_dilemma,9.0,3.0,1.0,0.0,abstract,A,self_interest,True,indefinite,,0.5,unknown,3,defect,,0.75,,,,high_temptation,,0d5ad5e252bcda668c382d7b,ok,0.44,0.48,0.525,False,0.12,0.2504,2.9946e-05
delta_sweep-001256,delta_sweep,prisoners_dilemma,9.0,3.0,1.0,0.0,abstract,A,self_interest,True,indefinite,,0.5,unknown,4,defect,,0.75,,,,high_temptation,,47097a06ba61aa96a87429c2,ok,0.43,0.47,0.53,False,0.14,0.2581,2.9946e-05
delta_sweep-001257,delta_sweep,prisoners_dilemma,9.0,3.0,1.0,0.0,abstract,A,self_interest,True,indefinite,,0.5,unknown,5,defect,,0.75,,,,high_temptation,,c56afc7f5d174ff97b5d531c,ok,0.39,0.47,0.5025,False,0.22,0.24,2.9946e-05
delta_sweep-001258,delta_sweep,prisoners_dilemma,9.0,3.0,1.0,0.0,abstract,B,self_interest,False,indefinite,,0.5,unknown,0,defect,,0.75,,,,high_temptation,,0f134b8da8be1a3cf603d2f6,ok,0.53,0.48,0.4875,True,0.06,0.2837,2.9946e-05
delta_sweep-001259,delta_sweep,prisoners_dilemma,9.0,3.0,1.0,0.0,abstract,B,self_interest,False,indefinite,,0.5,unknown,1,defect,,0.75,,,,high_temptation,,26a6ce4d1afa3134a3395a85,ok,0.5,0.45,0.465,True,0.01,0.2426,2.9946e-05
delta_sweep-001260,delta_sweep,prisoners_dilemma,9.0,3.0,1.0,0.0,abstract,B,self_interest,False,indefinite,,0.5,unknown,2,defect,,0.75,,,,high_temptation,,2e102e88feaa150fd8d7dfcc,ok,0.5,0.47,0.5125,True,0.0,0.2356,2.9946e-05
delta_sweep-001261,delta_sweep,prisoners_dilemma,9.0,3.0,1.0,0.0,abstract,B,self_interest,False,indefinite,,0.5,unknown,3,defect,,0.75,,,,high_temptation,,0d46a907f40124bf02573672,ok,0.53,0.47,0.4925,True,0.05,0.2756,2.9946e-05
delta_sweep-001262,delta_sweep,prisoners_dilemma,9.0,3.0,1.0,0.0,abstract,B,self_interest,False,indefinite,,0.5,unknown,4,defect,,0.75,,,,high_temptation,,7911ad5029818fb1093a7dac,ok,0.48,0.48,0.475,False,0.04,0.2749,2.9946e-05
delta_sweep-001263,delta_sweep,prisoners_dilemma,9.0,3.0,1.0,0.0,abstract,B,self_interest,False,indefinite,,0.5,unknown,5,defect,,0.75,,,,high_temptation,,d3aeb3ca8af63e80dba46006,ok,0.51,0.46,0.4925,True,0.03,0.2669,2.9946e-05
delta_sweep-001264,delta_sweep,prisoners_dilemma,9.0,3.0,1.0,0.0,abstract,A,self_interest,True,indefinite,,0.6,tit_for_tat,0,defect,defect,0.75,,,,high_temptation,,b55a034f8e31d847590d6028,ok,0.46,0.52,0.415,False,0.09,0.2849,3.2256e-05
delta_sweep-001265,delta_sweep,prisoners_dilemma,9.0,3.0,1.0,0.0,abstract,A,self_interest,True,indefinite,,0.6,tit_for_tat,1,defect,defect,0.75,,,,high_temptation,,0ef9ff13d53e732565c38dba,ok,0.43,0.56,0.4625,False,0.15,0.2448,3.2256e-05
delta_sweep-001266,delta_sweep,prisoners_dilemma,9.0,3.0,1.0,0.0,abstract,A,self_interest,True,indefinite,,0.6,tit_for_tat,2,defect,defect,0.75,,,,high_temptation,,4964da5ed8cb39705b145f6e,ok,0.39,0.5,0.415,False,0.22,0.3228,3.2256e-05
delta_sweep-001267,delta_sweep,prisoners_dilemma,9.0,3.0,1.0,0.0,abstract,A,self_interest,True,indefinite,,0.6,tit_for_tat,3,defect,defect,0.75,,,,high_temptation,,313be3407a2d8a931e273138,ok,0.39,0.49,0.4275,False,0.22,0.2381,3.2256e-05
delta_sweep-001268,delta_sweep,prisoners_dilemma,9.0,3.0,1.0,0.0,abstract,A,self_interest,True,indefinite,,0.6,tit_for_tat,4,defect,defect,0.75,,,,high_temptation,,59d298dab3945671784b95ad,ok,0.45,0.55,0.4325,False,0.11,0.2344,3.2256e-05
delta_sweep-001269,delta_sweep,prisoners_dilemma,9.0,3.0,1.0,0.0,abstract,A,self_interest,True,indefinite,,0.6,tit_for_tat,5,defect,defect,0.75,,,,high_temptation,,8ed23587b87abbfb47deca73,ok,0.36,0.52,0.355,False,0.28,0.2388,3.2256e-05
delta_sweep-001270,delta_sweep,prisoners_dilemma,9.0,3.0,1.0,0.0,abstract,B,self_interest,False,indefinite,,0.6,tit_for_tat,0,defect,defect,0.75,,,,high_temptation,,70cf6f2d6afa625fbec1037f,ok,0.49,0.45,0.4225,False,0.03,0.2594,3.2256e-05
delta_sweep-001271,delta_sweep,prisoners_dilemma,9.0,3.0,1.0,0.0,abstract,B,self_interest,False,indefinite,,0.6,tit_for_tat,1,defect,defect,0.75,,,,high_temptation,,80ae8bfff4d158f4e1c80a24,ok,0.53,0.5,0.485,True,0.05,0.2305,3.2256e-05
delta_sweep-001272,delta_sweep,prisoners_dilemma,9.0,3.0,1.0,0.0,abstract,B,self_interest,False,indefinite,,0.6,tit_for_tat,2,defect,defect,0.75,,,,high_temptation,,10d1d42604fb366270c261b2,ok,0.56,0.52,0.5275,True,0.13,0.2675,3.2256e-05
delta_sweep-001273,delta_sweep,prisoners_dilemma,9.0,3.0,1.0,0.0,abstract,B,self_interest,False,indefinite,,0.6,tit_for_tat,3,defect,defect,0.75,,,,high_temptation,,73f0024250a57dc4ad5e326c,ok,0.44,0.44,0.4,False,0.11,0.2429,3.2256e-05
delta_sweep-001274,delta_sweep,prisoners_dilemma,9.0,3.0,1.0,0.0,abstract,B,self_interest,False,indefinite,,0.6,tit_for_tat,4,defect,defect,0.75,,,,high_temptation,,deb49012a0fbe6674117fa7c,ok,0.47,0.44,0.43,False,0.06,0.3358,3.2256e-05
delta_sweep-001275,delta_sweep,prisoners_dilemma,9.0,3.0,1.0,0.0,abstract,B,self_interest,False,indefinite,,0.6,tit_for_tat,5,defect,defect,0.75,,,,high_temptation,,4875f854cb7a36673a8f0482,ok,0.53,0.52,0.4575,True,0.06,0.2466,3.2256e-05
delta_sweep-001276,delta_sweep,prisoners_dilemma,9.0,3.0,1.0,0.0,abstract,A,self_interest,True,indefinite,,0.6,unknown,0,defect,,0.75,,,,high_temptation,,706362f6a237c3d5bcb83ed2,ok,0.43,0.5,0.5175,False,0.13,0.2404,2.9946e-05
delta_sweep-001277,delta_sweep,prisoners_dilemma,9.0,3.0,1.0,0.0,abstract,A,self_interest,True,indefinite,,0.6,unknown,1,defect,,0.75,,,,high_temptation,,6173839813bee7ac53c096fa,ok,0.43,0.47,0.4925,False,0.13,0.2476,2.9946e-05
delta_sweep-001278,delta_sweep,prisoners_dilemma,9.0,3.0,1.0,0.0,abstract,A,self_interest,True,indefinite,,0.6,unknown,2,defect,,0.75,,,,high_temptation,,906dff072388739f6ed89916,ok,0.42,0.49,0.5025,False,0.16,0.234,2.9946e-05
delta_sweep-001279,delta_sweep,prisoners_dilemma,9.0,3.0,1.0,0.0,abstract,A,self_interest,True,indefinite,,0.6,unknown,3,defect,,0.75,,,,high_temptation,,6c265ccc102b53d47612da59,ok,0.49,0.49,0.5075,False,0.03,0.2267,2.9946e-05
delta_sweep-001280,delta_sweep,prisoners_dilemma,9.0,3.0,1.0,0.0,abstract,A,self_interest,True,indefinite,,0.6,unknown,4,defect,,0.75,,,,high_temptation,,bd34003a7d31d25babbe6d19,ok,0.43,0.49,0.51,False,0.13,0.2472,2.9946e-05
delta_sweep-001281,delta_sweep,prisoners_dilemma,9.0,3.0,1.0,0.0,abstract,A,self_interest,True,indefinite,,0.6,unknown,5,defect,,0.75,,,,high_temptation,,3887fb4c9b83f5a3cd6f99e5,ok,0.46,0.5,0.5075,False,0.08,0.2249,2.9946e-05
delta_sweep-001282,delta_sweep,prisoners_dilemma,9.0,3.0,1.0,0.0,abstract,B,self_interest,False,indefinite,,0.6,unknown,0,defect,,0.75,,,,high_temptation,,bc750c7db537b90a10774d24,ok,0.49,0.48,0.4925,False,0.02,0.24,2.9946e-05
delta_sweep-001283,delta_sweep,prisoners_dilemma,9.0,3.0,1.0,0.0,abstract,B,self_interest,False,indefinite,,0.6,unknown,1,defect,,0.75,,,,high_temptation,,c9e6018b43b3338496f307e5,ok,0.54,0.48,0.515,True,0.08,0.2515,2.9946e-05
delta_sweep-001284,delta_sweep,prisoners_dilemma,9.0,3.0,1.0,0.0,abstract,B,self_interest,False,indefinite,,0.6,unknown,2,defect,,0.75,,,,high_temptation,,bf34c461eb4daf6ae1deb05d,ok,0.54,0.47,0.4875,True,0.07,0.2852,2.9946e-05
delta_sweep-001285,delta_sweep,prisoners_dilemma,9.0,3.0,1.0,0.0,abstract,B,self_interest,False,indefinite,,0.6,unknown,3,defect,,0.75,,,,high_temptation,,ea0148d4421ba1cdeac82697,ok,0.53,0.47,0.495,True,0.06,0.2369,2.9946e-05
delta_sweep-001286,delta_sweep,prisoners_dilemma,9.0,3.0,1.0,0.0,abstract,B,self_interest,False,indefinite,,0.6,unknown,4,defect,,0.75,,,,high_temptation,,04b2f2d30e143f6a576098f6,ok,0.47,0.45,0.5,False,0.06,0.2403,2.9946e-05
delta_sweep-001287,delta_sweep,prisoners_dilemma,9.0,3.0,1.0,0.0,abstract,B,self_interest,False,indefinite,,0.6,unknown,5,defect,,0.75,,,,high_temptation,,8bcfb8ea79557811f8b4f748,ok,0.53,0.47,0.5075,True,0.05,0.2639,2.9946e-05
delta_sweep-001288,delta_sweep,prisoners_dilemma,9.0,3.0,1.0,0.0,abstract,A,self_interest,True,indefinite,,0.7,tit_for_tat,0,defect,defect,0.75,,,,high_temptation,,8e288a67c3b291c4c8d2c880,ok,0.44,0.55,0.485,False,0.13,0.2399,3.2256e-05
delta_sweep-001289,delta_sweep,prisoners_dilemma,9.0,3.0,1.0,0.0,abstract,A,self_interest,True,indefinite,,0.7,tit_for_tat,1,defect,defect,0.75,,,,high_temptation,,f66859936ac65cc18a9ffe96,ok,0.41,0.51,0.395,False,0.17,0.2563,3.2256e-05
delta_sweep-001290,delta_sweep,prisoners_dilemma,9.0,3.0,1.0,0.0,abstract,A,self_interest,True,indefinite,,0.7,tit_for_tat,2,defect,defect,0.75,,,,high_temptation,,210048e602387a9e7037165c,ok,0.45,0.55,0.485,False,0.11,0.2557,3.2256e-05
delta_sweep-001291,delta_sweep,prisoners_dilemma,9.0,3.0,1.0,0.0,abstract,A,self_interest,True,indefinite,,0.7,tit_for_tat,3,defect,defect,0.75,,,,high_temptation,,b91e1a191d8cfd3bdee4af84,ok,0.42,0.52,0.4275,False,0.16,0.274,3.2256e-05
delta_sweep-001292,delta_sweep,prisoners_dilemma,9.0,3.0,1.0,0.0,abstract,A,self_interest,True,indefinite,,0.7,tit_for_tat,4,defect,defect,0.75,,,,high_temptation,,79336e7fdb3421193fc8e19b,ok,0.43,0.53,0.425,False,0.13,0.2607,3.2256e-05
delta_sweep-001293,delta_sweep,prisoners_dilemma,9.0,3.0,1.0,0.0,abstract,A,self_interest,True,indefinite,,0.7,tit_for_tat,5,defect,defect,0.75,,,,high_temptation,,b9c93563fdf188f05321acdb,ok,0.41,0.49,0.46,False,0.18,0.2355,3.2256e-05
delta_sweep-001294,delta_sweep,prisoners_dilemma,9.0,3.0,1.0,0.0,abstract,B,self_interest,False,indefinite,,0.7,tit_for_tat,0,defect,defect,0.75,,,,high_temptation,,972b1ac18cef1aec063d35f0,ok,0.47,0.47,0.42,False,0.06,0.2434,3.2256e-05
delta_sweep-001295,delta_sweep,prisoners_dilemma,9.0,3.0,1.0,0.0,abstract,B,self_interest,False,indefinite,,0.7,tit_for_tat,1,defect,defect,0.75,,,,high_temptation,,b47b1108a2c9f052faf50f91,ok,0.44,0.47,0.465,False,0.11,0.2778,3.2256e-05
delta_sweep-001296,delta_sweep,prisoners_dilemma,9.0,3.0,1.0,0.0,abstract,B,self_interest,False,indefinite,,0.7,tit_for_tat,2,defect,defect,0.75,,,,high_temptation,,a2dbc444b93c4b858420dcea,ok,0.54,0.48,0.47,True,0.07,0.2838,3.2256e-05
delta_sweep-001297,delta_sweep,prisoners_dilemma,9.0,3.0,1.0,0.0,abstract,B,self_interest,False,indefinite,,0.7,tit_for_tat,3,defect,defect,0.75,,,,high_temptation,,d0a34151005e023588991a38,ok,0.49,0.5,0.4775,False,0.03,0.268,3.2256e-05
delta_sweep-001298,delta_sweep,prisoners_dilemma,9.0,3.0,1.0,0.0,abstract,B,self_interest,False,indefinite,,0.7,tit_for_tat,4,defect,defect,0.75,,,,high_temptation,,a4ec711d53ae58e026c45945,ok,0.51,0.49,0.4975,True,0.02,0.265,3.2256e-05
delta_sweep-001299,delta_sweep,prisoners_dilemma,9.0,3.0,1.0,0.0,abstract,B,self_interest,False,indefinite,,0.7,tit_for_tat,5,defect,defect,0.75,,,,high_temptation,,5f0bbf76dbac5dea00ead4a1,ok,0.46,0.49,0.4175,False,0.07,0.2405,3.2256e-05
delta_sweep-001300,delta_sweep,prisoners_dilemma,9.0,3.0,1.0,0.0,abstract,A,self_interest,True,indefinite,,0.7,unknown,0,defect,,0.75,,,,high_temptation,,5d3586a2ec1d510357e2ab13,ok,0.46,0.5,0.535,False,0.09,0.2754,2.9946e-05
delta_sweep-001301,delta_sweep,prisoners_dilemma,9.0,3.0,1.0,0.0,abstract,A,self_interest,True,indefinite,,0.7,unknown,1,defect,,0.75,,,,high_temptation,,955737ffda246f437fdf7877,ok,0.5,0.48,0.545,True,0.01,0.2233,2.9946e-05
delta_sweep-001302,delta_sweep,prisoners_dilemma,9.0,3.0,1.0,0.0,abstract,A,self_interest,True,indefinite,,0.7,unknown,2,defect,,0.75,,,,high_temptation,,4823b305b9599f5a463832c6,ok,0.5,0.49,0.545,True,0.0,0.2452,2.9946e-05
delta_sweep-001303,delta_sweep,prisoners_dilemma,9.0,3.0,1.0,0.0,abstract,A,self_interest,True,indefinite,,0.7,unknown,3,defect,,0.75,,,,high_temptation,,4d4b974a34798b66ff9cbad6,ok,0.41,0.48,0.4975,False,0.19,0.2797,2.9946e-05
delta_sweep-001304,delta_sweep,prisoners_dilemma,9.0,3.0,1.0,0.0,abstract,A,self_interest,True,indefinite,,0.7,unknown,4,defect,,0.75,,,,high_temptation,,ac339bfdbd64bc82d8b8da15,ok,0.47,0.5,0.535,False,0.06,0.2268,2.9946e-05
delta_sweep-001305,delta_sweep,prisoners_dilemma,9.0,3.0,1.0,0.0,abstract,A,self_interest,True,indefinite,,0.7,unknown,5,defect,,0.75,,,,high_temptation,,c4ff1799c3edde6218008075,ok,0.48,0.48,0.5125,False,0.05,0.2989,2.9946e-05
delta_sweep-001306,delta_sweep,prisoners_dilemma,9.0,3.0,1.0,0.0,abstract,B,self_interest,False,indefinite,,0.7,unknown,0,defect,,0.75,,,,high_temptation,,6a7dd7164b1fed33c9ef7d73,ok,0.55,0.48,0.48,True,0.11,0.3009,2.9946e-05
delta_sweep-001307,delta_sweep,prisoners_dilemma,9.0,3.0,1.0,0.0,abstract,B,self_interest,False,indefinite,,0.7,unknown,1,defect,,0.75,,,,high_temptation,,e61f0044022b215d34f63b17,ok,0.55,0.48,0.52,True,0.09,0.25,2.9946e-05
delta_sweep-001308,delta_sweep,prisoners_dilemma,9.0,3.0,1.0,0.0,abstract,B,self_interest,False,indefinite,,0.7,unknown,2,defect,,0.75,,,,high_temptation,,5856b34a60091426059ce6de,ok,0.53,0.47,0.495,True,0.07,0.2391,2.9946e-05
delta_sweep-001309,delta_sweep,prisoners_dilemma,9.0,3.0,1.0,0.0,abstract,B,self_interest,False,indefinite,,0.7,unknown,3,defect,,0.75,,,,high_temptation,,346f328eefb667b77af1eafa,ok,0.51,0.47,0.5025,True,0.01,0.2382,2.9946e-05
delta_sweep-001310,delta_sweep,prisoners_dilemma,9.0,3.0,1.0,0.0,abstract,B,self_interest,False,indefinite,,0.7,unknown,4,defect,,0.75,,,,high_temptation,,586a9cfab4ba6e8736952fab,ok,0.52,0.48,0.52,True,0.04,0.2309,2.9946e-05
delta_sweep-001311,delta_sweep,prisoners_dilemma,9.0,3.0,1.0,0.0,abstract,B,self_interest,False,indefinite,,0.7,unknown,5,defect,,0.75,,,,high_temptation,,0ddcb4d419fa8ea07640cc99,ok,0.54,0.48,0.5125,True,0.08,0.2535,2.9946e-05
delta_sweep-001312,delta_sweep,prisoners_dilemma,9.0,3.0,1.0,0.0,abstract,A,self_interest,True,indefinite,,0.8,tit_for_tat,0,defect,cooperate,0.75,,,,high_temptation,,942a2d7741c0beeb29d892b2,ok,0.42,0.53,0.4475,False,0.17,0.2805,3.2256e-05
delta_sweep-001313,delta_sweep,prisoners_dilemma,9.0,3.0,1.0,0.0,abstract,A,self_interest,True,indefinite,,0.8,tit_for_tat,1,defect,cooperate,0.75,,,,high_temptation,,e4cf1ff9eb0f4cfa7fafd9ee,ok,0.38,0.5,0.3875,False,0.25,0.2972,3.2256e-05
delta_sweep-001314,delta_sweep,prisoners_dilemma,9.0,3.0,1.0,0.0,abstract,A,self_interest,True,indefinite,,0.8,tit_for_tat,2,defect,cooperate,0.75,,,,high_temptation,,6b8dde5bc31eed64887e9659,ok,0.46,0.53,0.4575,False,0.08,0.2985,3.2256e-05
delta_sweep-001315,delta_sweep,prisoners_dilemma,9.0,3.0,1.0,0.0,abstract,A,self_interest,True,indefinite,,0.8,tit_for_tat,3,defect,cooperate,0.75,,,,high_temptation,,25b8bff114500bdb5fc1fd8c,ok,0.43,0.52,0.4275,False,0.14,0.2594,3.2256e-05
delta_sweep-001316,delta_sweep,prisoners_dilemma,9.0,3.0,1.0,0.0,abstract,A,self_interest,True,indefinite,,0.8,tit_for_tat,4,defect,cooperate,0.75,,,,high_temptation,,eb1593d74924852354a53e9f,ok,0.35,0.47,0.3975,False,0.3,0.2284,3.2256e-05
delta_sweep-001317,delta_sweep,prisoners_dilemma,9.0,3.0,1.0,0.0,abstract,A,self_interest,True,indefinite,,0.8,tit_for_tat,5,defect,cooperate,0.75,,,,high_temptation,,b0c3acf999ad6442c58706e4,ok,0.41,0.53,0.415,False,0.17,0.274,3.2256e-05
delta_sweep-001318,delta_sweep,prisoners_dilemma,9.0,3.0,1.0,0.0,abstract,B,self_interest,False,indefinite,,0.8,tit_for_tat,0,defect,cooperate,0.75,,,,high_temptation,,0cf570a4b27a8ed08a18ab3a,ok,0.48,0.5,0.48,False,0.04,0.2523,3.2256e-05
delta_sweep-001319,delta_sweep,prisoners_dilemma,9.0,3.0,1.0,0.0,abstract,B,self_interest,False,indefinite,,0.8,tit_for_tat,1,defect,cooperate,0.75,,,,high_temptation,,674403acbd13187cff1bc25a,ok,0.47,0.51,0.4525,False,0.06,0.2734,3.2256e-05
delta_sweep-001320,delta_sweep,prisoners_dilemma,9.0,3.0,1.0,0.0,abstract,B,self_interest,False,indefinite,,0.8,tit_for_tat,2,defect,cooperate,0.75,,,,high_temptation,,6b60a5d1a4077f1e9cec580c,ok,0.47,0.47,0.4925,False,0.06,0.2504,3.2256e-05
delta_sweep-001321,delta_sweep,prisoners_dilemma,9.0,3.0,1.0,0.0,abstract,B,self_interest,False,indefinite,,0.8,tit_for_tat,3,defect,cooperate,0.75,,,,high_temptation,,0c180fa27aca09d1f4979ee2,ok,0.49,0.46,0.5125,False,0.02,0.2275,3.2256e-05
delta_sweep-001322,delta_sweep,prisoners_dilemma,9.0,3.0,1.0,0.0,abstract,B,self_interest,False,indefinite,,0.8,tit_for_tat,4,defect,cooperate,0.75,,,,high_temptation,,1125b45220fad7658fa24e00,ok,0.52,0.51,0.47,True,0.04,0.2437,3.2256e-05
delta_sweep-001323,delta_sweep,prisoners_dilemma,9.0,3.0,1.0,0.0,abstract,B,self_interest,False,indefinite,,0.8,tit_for_tat,5,defect,cooperate,0.75,,,,high_temptation,,68f1ef9e1ba8fe4ac20c4ab6,ok,0.45,0.41,0.435,False,0.1,0.3182,3.2256e-05
delta_sweep-001324,delta_sweep,prisoners_dilemma,9.0,3.0,1.0,0.0,abstract,A,self_interest,True,indefinite,,0.8,unknown,0,defect,,0.75,,,,high_temptation,,ab545823fc7255eb1601dc7f,ok,0.45,0.49,0.51,False,0.1,0.2733,2.9946e-05
delta_sweep-001325,delta_sweep,prisoners_dilemma,9.0,3.0,1.0,0.0,abstract,A,self_interest,True,indefinite,,0.8,unknown,1,defect,,0.75,,,,high_temptation,,cc277f9ebf036ed094ed0f9e,ok,0.51,0.51,0.535,True,0.03,0.2785,2.9946e-05
delta_sweep-001326,delta_sweep,prisoners_dilemma,9.0,3.0,1.0,0.0,abstract,A,self_interest,True,indefinite,,0.8,unknown,2,defect,,0.75,,,,high_temptation,,6d5298f0324f91388a4ad4e1,ok,0.48,0.49,0.54,False,0.03,0.2393,2.9946e-05
delta_sweep-001327,delta_sweep,prisoners_dilemma,9.0,3.0,1.0,0.0,abstract,A,self_interest,True,indefinite,,0.8,unknown,3,defect,,0.75,,,,high_temptation,,7989e633a1c736e2df2056da,ok,0.44,0.48,0.4925,False,0.12,0.2374,2.9946e-05
delta_sweep-001328,delta_sweep,prisoners_dilemma,9.0,3.0,1.0,0.0,abstract,A,self_interest,True,indefinite,,0.8,unknown,4,defect,,0.75,,,,high_temptation,,36648cb1b46a8ebf1ecf4c38,ok,0.53,0.5,0.53,True,0.05,0.2272,2.9946e-05
delta_sweep-001329,delta_sweep,prisoners_dilemma,9.0,3.0,1.0,0.0,abstract,A,self_interest,True,indefinite,,0.8,unknown,5,defect,,0.75,,,,high_temptation,,40804a0faa90ef7bb1ca2eb4,ok,0.53,0.5,0.515,True,0.06,0.2471,2.9946e-05
delta_sweep-001330,delta_sweep,prisoners_dilemma,9.0,3.0,1.0,0.0,abstract,B,self_interest,False,indefinite,,0.8,unknown,0,defect,,0.75,,,,high_temptation,,45988cdb359d167e17e4d7f5,ok,0.55,0.46,0.485,True,0.1,0.2319,2.9946e-05
delta_sweep-001331,delta_sweep,prisoners_dilemma,9.0,3.0,1.0,0.0,abstract,B,self_interest,False,indefinite,,0.8,unknown,1,defect,,0.75,,,,high_temptation,,2eae702cd8dfe614e0712b4a,ok,0.52,0.47,0.49,True,0.04,0.2317,2.9946e-05
delta_sweep-001332,delta_sweep,prisoners_dilemma,9.0,3.0,1.0,0.0,abstract,B,self_interest,False,indefinite,,0.8,unknown,2,defect,,0.75,,,,high_temptation,,7d71b121850cc4bfaca0d8fa,ok,0.52,0.48,0.505,True,0.04,0.266,2.9946e-05
delta_sweep-001333,delta_sweep,prisoners_dilemma,9.0,3.0,1.0,0.0,abstract,B,self_interest,False,indefinite,,0.8,unknown,3,defect,,0.75,,,,high_temptation,,c818cc18dbec493146a51e69,ok,0.56,0.47,0.555,True,0.12,0.2557,2.9946e-05
delta_sweep-001334,delta_sweep,prisoners_dilemma,9.0,3.0,1.0,0.0,abstract,B,self_interest,False,indefinite,,0.8,unknown,4,defect,,0.75,,,,high_temptation,,effab68f946cfd9c23b67e75,ok,0.52,0.48,0.48,True,0.04,0.2603,2.9946e-05
delta_sweep-001335,delta_sweep,prisoners_dilemma,9.0,3.0,1.0,0.0,abstract,B,self_interest,False,indefinite,,0.8,unknown,5,defect,,0.75,,,,high_temptation,,1eef8f73246b24e8c16d64cd,ok,0.53,0.49,0.5225,True,0.06,0.2679,2.9946e-05
delta_sweep-001336,delta_sweep,prisoners_dilemma,9.0,3.0,1.0,0.0,abstract,A,self_interest,True,indefinite,,0.9,tit_for_tat,0,defect,cooperate,0.75,,,,high_temptation,,26fd7b1fbcfc50f37355a67a,ok,0.4,0.51,0.455,False,0.19,0.2928,3.2256e-05
delta_sweep-001337,delta_sweep,prisoners_dilemma,9.0,3.0,1.0,0.0,abstract,A,self_interest,True,indefinite,,0.9,tit_for_tat,1,defect,cooperate,0.75,,,,high_temptation,,d2ca578777ce3cf46779b2ef,ok,0.4,0.51,0.435,False,0.19,0.2311,3.2256e-05
delta_sweep-001338,delta_sweep,prisoners_dilemma,9.0,3.0,1.0,0.0,abstract,A,self_interest,True,indefinite,,0.9,tit_for_tat,2,defect,cooperate,0.75,,,,high_temptation,,c53eca2f33e0ecbf3b347b37,ok,0.44,0.48,0.44,False,0.11,0.2434,3.2256e-05
delta_sweep-001339,delta_sweep,prisoners_dilemma,9.0,3.0,1.0,0.0,abstract,A,self_interest,True,indefinite,,0.9,tit_for_tat,3,defect,cooperate,0.75,,,,high_temptation,,26c8505489a23c132c9ea4cc,ok,0.43,0.52,0.4475,False,0.14,0.2417,3.2256e-05
delta_sweep-001340,delta_sweep,prisoners_dilemma,9.0,3.0,1.0,0.0,abstract,A,self_interest,True,indefinite,,0.9,tit_for_tat,4,defect,cooperate,0.75,,,,high_temptation,,14dc9de96ad93007d935f55e,ok,0.41,0.51,0.4375,False,0.19,0.2398,3.2256e-05
delta_sweep-001341,delta_sweep,prisoners_dilemma,9.0,3.0,1.0,0.0,abstract,A,self_interest,True,indefinite,,0.9,tit_for_tat,5,defect,cooperate,0.75,,,,high_temptation,,14b25c62bbe58bd85c4f9247,ok,0.42,0.51,0.4625,False,0.17,0.2447,3.2256e-05
delta_sweep-001342,delta_sweep,prisoners_dilemma,9.0,3.0,1.0,0.0,abstract,B,self_interest,False,indefinite,,0.9,tit_for_tat,0,defect,cooperate,0.75,,,,high_temptation,,7ad9de020ca5948f96605c11,ok,0.53,0.52,0.5275,True,0.05,0.2747,3.2256e-05
delta_sweep-001343,delta_sweep,prisoners_dilemma,9.0,3.0,1.0,0.0,abstract,B,self_interest,False,indefinite,,0.9,tit_for_tat,1,defect,cooperate,0.75,,,,high_temptation,,efdf70dc52a027757190ec6b,ok,0.5,0.51,0.4925,False,0.01,0.2421,3.2256e-05
delta_sweep-001344,delta_sweep,prisoners_dilemma,9.0,3.0,1.0,0.0,abstract,B,self_interest,False,indefinite,,0.9,tit_for_tat,2,defect,cooperate,0.75,,,,high_temptation,,9b78729e3e47be20aba24696,ok,0.49,0.43,0.4875,False,0.02,0.2403,3.2256e-05
delta_sweep-001345,delta_sweep,prisoners_dilemma,9.0,3.0,1.0,0.0,abstract,B,self_interest,False,indefinite,,0.9,tit_for_tat,3,defect,cooperate,0.75,,,,high_temptation,,72e677031e616b4c74dcce01,ok,0.52,0.47,0.5225,True,0.04,0.2953,3.2256e-05
delta_sweep-001346,delta_sweep,prisoners_dilemma,9.0,3.0,1.0,0.0,abstract,B,self_interest,False,indefinite,,0.9,tit_for_tat,4,defect,cooperate,0.75,,,,high_temptation,,8b1cdcf457bb26cebff0eeda,ok,0.54,0.45,0.52,True,0.09,0.2282,3.2256e-05
delta_sweep-001347,delta_sweep,prisoners_dilemma,9.0,3.0,1.0,0.0,abstract,B,self_interest,False,indefinite,,0.9,tit_for_tat,5,defect,cooperate,0.75,,,,high_temptation,,c66cd6af17c9a0781f36fa45,ok,0.48,0.51,0.4925,False,0.03,0.2776,3.2256e-05
delta_sweep-001348,delta_sweep,prisoners_dilemma,9.0,3.0,1.0,0.0,abstract,A,self_interest,True,indefinite,,0.9,unknown,0,defect,,0.75,,,,high_temptation,,ef560b3689b211cba6c49a6a,ok,0.48,0.47,0.52,False,0.03,0.3213,2.9946e-05
delta_sweep-001349,delta_sweep,prisoners_dilemma,9.0,3.0,1.0,0.0,abstract,A,self_interest,True,indefinite,,0.9,unknown,1,defect,,0.75,,,,high_temptation,,2011beb11172759d26a58552,ok,0.44,0.45,0.53,False,0.11,0.268,2.9946e-05
delta_sweep-001350,delta_sweep,prisoners_dilemma,9.0,3.0,1.0,0.0,abstract,A,self_interest,True,indefinite,,0.9,unknown,2,defect,,0.75,,,,high_temptation,,13cc6de88eacf4d098255069,ok,0.57,0.51,0.53,True,0.14,0.2361,2.9946e-05
delta_sweep-001351,delta_sweep,prisoners_dilemma,9.0,3.0,1.0,0.0,abstract,A,self_interest,True,indefinite,,0.9,unknown,3,defect,,0.75,,,,high_temptation,,70f0d83bdc14c427511ea948,ok,0.42,0.46,0.5,False,0.16,0.2622,2.9946e-05
delta_sweep-001352,delta_sweep,prisoners_dilemma,9.0,3.0,1.0,0.0,abstract,A,self_interest,True,indefinite,,0.9,unknown,4,defect,,0.75,,,,high_temptation,,bc4d7ac07ab7c4a8df052cc1,ok,0.42,0.46,0.515,False,0.16,0.2777,2.9946e-05
delta_sweep-001353,delta_sweep,prisoners_dilemma,9.0,3.0,1.0,0.0,abstract,A,self_interest,True,indefinite,,0.9,unknown,5,defect,,0.75,,,,high_temptation,,51bc916dfb28e48f2099bc8c,ok,0.38,0.43,0.5,False,0.23,0.2987,2.9946e-05
delta_sweep-001354,delta_sweep,prisoners_dilemma,9.0,3.0,1.0,0.0,abstract,B,self_interest,False,indefinite,,0.9,unknown,0,defect,,0.75,,,,high_temptation,,3988f7a6f4da22ef4766c8be,ok,0.53,0.46,0.5225,True,0.06,0.2448,2.9946e-05
delta_sweep-001355,delta_sweep,prisoners_dilemma,9.0,3.0,1.0,0.0,abstract,B,self_interest,False,indefinite,,0.9,unknown,1,defect,,0.75,,,,high_temptation,,7db0c37a679c53457366e78f,ok,0.56,0.49,0.5475,True,0.12,0.3084,2.9946e-05
delta_sweep-001356,delta_sweep,prisoners_dilemma,9.0,3.0,1.0,0.0,abstract,B,self_interest,False,indefinite,,0.9,unknown,2,defect,,0.75,,,,high_temptation,,2ef644e50cff8978cd70ff05,ok,0.55,0.47,0.5475,True,0.11,0.2851,2.9946e-05
delta_sweep-001357,delta_sweep,prisoners_dilemma,9.0,3.0,1.0,0.0,abstract,B,self_interest,False,indefinite,,0.9,unknown,3,defect,,0.75,,,,high_temptation,,0d0ff2afc7510692427d27c8,ok,0.58,0.47,0.54,True,0.15,0.2536,2.9946e-05
delta_sweep-001358,delta_sweep,prisoners_dilemma,9.0,3.0,1.0,0.0,abstract,B,self_interest,False,indefinite,,0.9,unknown,4,defect,,0.75,,,,high_temptation,,f7eee1e45ed59943f328b4cf,ok,0.52,0.46,0.535,True,0.04,0.2667,2.9946e-05
delta_sweep-001359,delta_sweep,prisoners_dilemma,9.0,3.0,1.0,0.0,abstract,B,self_interest,False,indefinite,,0.9,unknown,5,defect,,0.75,,,,high_temptation,,ec8569fcc15e8ad984fe601b,ok,0.55,0.48,0.535,True,0.11,0.5244,2.9946e-05
delta_sweep-001360,delta_sweep,prisoners_dilemma,9.0,3.0,1.0,0.0,abstract,A,self_interest,True,indefinite,,0.95,tit_for_tat,0,defect,cooperate,0.75,,,,high_temptation,,83392466a441519503df9275,ok,0.42,0.54,0.485,False,0.17,0.2581,3.2214e-05
delta_sweep-001361,delta_sweep,prisoners_dilemma,9.0,3.0,1.0,0.0,abstract,A,self_interest,True,indefinite,,0.95,tit_for_tat,1,defect,cooperate,0.75,,,,high_temptation,,ed6fa112f0e9c614d486fa9b,ok,0.39,0.52,0.405,False,0.22,0.2432,3.2214e-05
delta_sweep-001362,delta_sweep,prisoners_dilemma,9.0,3.0,1.0,0.0,abstract,A,self_interest,True,indefinite,,0.95,tit_for_tat,2,defect,cooperate,0.75,,,,high_temptation,,266d4e3f4b9e4a1be5473c6f,ok,0.43,0.51,0.48,False,0.15,0.2643,3.2214e-05
delta_sweep-001363,delta_sweep,prisoners_dilemma,9.0,3.0,1.0,0.0,abstract,A,self_interest,True,indefinite,,0.95,tit_for_tat,3,defect,cooperate,0.75,,,,high_temptation,,a1c2e8994ba899f91c7acd58,ok,0.4,0.51,0.4575,False,0.2,0.2757,3.2214e-05
delta_sweep-001364,delta_sweep,prisoners_dilemma,9.0,3.0,1.0,0.0,abstract,A,self_interest,True,indefinite,,0.95,tit_for_tat,4,defect,cooperate,0.75,,,,high_temptation,,8c966d7c527da5c117ae3087,ok,0.39,0.47,0.4475,False,0.22,0.2461,3.2214e-05
delta_sweep-001365,delta_sweep,prisoners_dilemma,9.0,3.0,1.0,0.0,abstract,A,self_interest,True,indefinite,,0.95,tit_for_tat,5,defect,cooperate,0.75,,,,high_temptation,,816ecaeea44efd70f2ed5a1c,ok,0.43,0.51,0.485,False,0.14,0.2564,3.2214e-05
delta_sweep-001366,delta_sweep,prisoners_dilemma,9.0,3.0,1.0,0.0,abstract,B,self_interest,False,indefinite,,0.95,tit_for_tat,0,defect,cooperate,0.75,,,,high_temptation,,32f7a0d07dd20f870aee78e3,ok,0.46,0.47,0.495,False,0.07,0.2825,3.2214e-05
delta_sweep-001367,delta_sweep,prisoners_dilemma,9.0,3.0,1.0,0.0,abstract,B,self_interest,False,indefinite,,0.95,tit_for_tat,1,defect,cooperate,0.75,,,,high_temptation,,6a51c645a0922947da2a2cae,ok,0.48,0.48,0.48,False,0.04,0.262,3.2214e-05
delta_sweep-001368,delta_sweep,prisoners_dilemma,9.0,3.0,1.0,0.0,abstract,B,self_interest,False,indefinite,,0.95,tit_for_tat,2,defect,cooperate,0.75,,,,high_temptation,,ba48938c689d5ca94e81c4ef,ok,0.51,0.44,0.5275,True,0.02,0.2819,3.2214e-05
delta_sweep-001369,delta_sweep,prisoners_dilemma,9.0,3.0,1.0,0.0,abstract,B,self_interest,False,indefinite,,0.95,tit_for_tat,3,defect,cooperate,0.75,,,,high_temptation,,27762137eeb028b293328918,ok,0.45,0.45,0.4425,False,0.1,0.3286,3.2214e-05
delta_sweep-001370,delta_sweep,prisoners_dilemma,9.0,3.0,1.0,0.0,abstract,B,self_interest,False,indefinite,,0.95,tit_for_tat,4,defect,cooperate,0.75,,,,high_temptation,,cb754fe565be279f792cd482,ok,0.53,0.47,0.52,True,0.05,0.2497,3.2214e-05
delta_sweep-001371,delta_sweep,prisoners_dilemma,9.0,3.0,1.0,0.0,abstract,B,self_interest,False,indefinite,,0.95,tit_for_tat,5,defect,cooperate,0.75,,,,high_temptation,,f2718c883acd3ee2a17472fb,ok,0.48,0.44,0.4325,False,0.05,0.2321,3.2214e-05
delta_sweep-001372,delta_sweep,prisoners_dilemma,9.0,3.0,1.0,0.0,abstract,A,self_interest,True,indefinite,,0.95,unknown,0,defect,,0.75,,,,high_temptation,,b17dbc03bfd0dbdc105781b4,ok,0.39,0.45,0.4925,False,0.21,0.3104,2.9904e-05
delta_sweep-001373,delta_sweep,prisoners_dilemma,9.0,3.0,1.0,0.0,abstract,A,self_interest,True,indefinite,,0.95,unknown,1,defect,,0.75,,,,high_temptation,,e2a5f36068fc5bdc7fc8a7e9,ok,0.39,0.45,0.4925,False,0.21,0.2508,2.9904e-05
delta_sweep-001374,delta_sweep,prisoners_dilemma,9.0,3.0,1.0,0.0,abstract,A,self_interest,True,indefinite,,0.95,unknown,2,defect,,0.75,,,,high_temptation,,2e69168aeed5facae84aa78d,ok,0.46,0.48,0.515,False,0.09,0.2601,2.9904e-05
delta_sweep-001375,delta_sweep,prisoners_dilemma,9.0,3.0,1.0,0.0,abstract,A,self_interest,True,indefinite,,0.95,unknown,3,defect,,0.75,,,,high_temptation,,2622d541514e05b33c353fc0,ok,0.41,0.42,0.505,False,0.18,0.2556,2.9904e-05
delta_sweep-001376,delta_sweep,prisoners_dilemma,9.0,3.0,1.0,0.0,abstract,A,self_interest,True,indefinite,,0.95,unknown,4,defect,,0.75,,,,high_temptation,,76fe37ab7922629323aa5118,ok,0.49,0.45,0.5475,False,0.01,0.2366,2.9904e-05
delta_sweep-001377,delta_sweep,prisoners_dilemma,9.0,3.0,1.0,0.0,abstract,A,self_interest,True,indefinite,,0.95,unknown,5,defect,,0.75,,,,high_temptation,,0edba99d2361c2b9bfb872f0,ok,0.43,0.44,0.515,False,0.14,0.2577,2.9904e-05
delta_sweep-001378,delta_sweep,prisoners_dilemma,9.0,3.0,1.0,0.0,abstract,B,self_interest,False,indefinite,,0.95,unknown,0,defect,,0.75,,,,high_temptation,,238c42e770547fc4edfa8e1c,ok,0.54,0.48,0.5075,True,0.09,0.2857,2.9904e-05
delta_sweep-001379,delta_sweep,prisoners_dilemma,9.0,3.0,1.0,0.0,abstract,B,self_interest,False,indefinite,,0.95,unknown,1,defect,,0.75,,,,high_temptation,,928a77e25049dd5aa5af5bb3,ok,0.57,0.46,0.5375,True,0.15,0.2739,2.9904e-05
delta_sweep-001380,delta_sweep,prisoners_dilemma,9.0,3.0,1.0,0.0,abstract,B,self_interest,False,indefinite,,0.95,unknown,2,defect,,0.75,,,,high_temptation,,9fc3a5b42c81d7058510a835,ok,0.53,0.44,0.5075,True,0.05,0.2712,2.9904e-05
delta_sweep-001381,delta_sweep,prisoners_dilemma,9.0,3.0,1.0,0.0,abstract,B,self_interest,False,indefinite,,0.95,unknown,3,defect,,0.75,,,,high_temptation,,91d50390d7cfd1f994066ab8,ok,0.5,0.43,0.515,False,0.0,0.2332,2.9904e-05
delta_sweep-001382,delta_sweep,prisoners_dilemma,9.0,3.0,1.0,0.0,abstract,B,self_interest,False,indefinite,,0.95,unknown,4,defect,,0.75,,,,high_temptation,,25ff9c9809390466f0f6605b,ok,0.5,0.44,0.5325,False,0.0,0.2475,2.9904e-05
delta_sweep-001383,delta_sweep,prisoners_dilemma,9.0,3.0,1.0,0.0,abstract,B,self_interest,False,indefinite,,0.95,unknown,5,defect,,0.75,,,,high_temptation,,acb23000920fcbdd5a726c6e,ok,0.52,0.47,0.52,True,0.05,0.2422,2.9904e-05
horizon-001384,horizon,prisoners_dilemma,5.0,3.0,1.0,0.0,abstract,A,self_interest,True,one_shot,,,unknown,0,defect,defect,0.5,,,,,,7a17d2728e09cb50d6ae5854,ok,0.24,0.41,0.4725,False,0.51,1.4242,2.772e-05
horizon-001385,horizon,prisoners_dilemma,5.0,3.0,1.0,0.0,abstract,A,self_interest,True,one_shot,,,unknown,1,defect,defect,0.5,,,,,,f6384005b5c5591efee4d2b0,ok,0.25,0.42,0.4775,False,0.49,1.2793,2.772e-05
horizon-001386,horizon,prisoners_dilemma,5.0,3.0,1.0,0.0,abstract,A,self_interest,True,one_shot,,,unknown,2,defect,defect,0.5,,,,,,b9fb19b71774ad09763f0c83,ok,0.26,0.43,0.505,False,0.47,1.2466,2.772e-05
horizon-001387,horizon,prisoners_dilemma,5.0,3.0,1.0,0.0,abstract,A,self_interest,True,one_shot,,,unknown,3,defect,defect,0.5,,,,,,5cde0e2ff55b5c19867770c9,ok,0.2,0.4,0.4725,False,0.6,0.8764,2.772e-05
horizon-001388,horizon,prisoners_dilemma,5.0,3.0,1.0,0.0,abstract,A,self_interest,True,one_shot,,,unknown,4,defect,defect,0.5,,,,,,e72022036bb7796a91129b8a,ok,0.23,0.41,0.47,False,0.54,1.083,2.772e-05
horizon-001389,horizon,prisoners_dilemma,5.0,3.0,1.0,0.0,abstract,A,self_interest,True,one_shot,,,unknown,5,defect,defect,0.5,,,,,,092d5d47e305302b1f8f7bbc,ok,0.24,0.41,0.4875,False,0.52,0.7365,2.772e-05
horizon-001390,horizon,prisoners_dilemma,5.0,3.0,1.0,0.0,abstract,A,self_interest,True,one_shot,,,unknown,6,defect,defect,0.5,,,,,,519c97351b22600a2d9bb902,ok,0.21,0.4,0.47,False,0.58,1.1237,2.772e-05
horizon-001391,horizon,prisoners_dilemma,5.0,3.0,1.0,0.0,abstract,A,self_interest,True,one_shot,,,unknown,7,defect,defect,0.5,,,,,,c571cda09531bd80d68e4497,ok,0.24,0.42,0.4725,False,0.51,1.0503,2.772e-05
horizon-001392,horizon,prisoners_dilemma,5.0,3.0,1.0,0.0,abstract,B,self_interest,False,one_shot,,,unknown,0,defect,defect,0.5,,,,,,287fc6dc56aa84c3e3252e33,ok,0.25,0.38,0.4825,False,0.51,1.1067,2.772e-05
horizon-001393,horizon,prisoners_dilemma,5.0,3.0,1.0,0.0,abstract,B,self_interest,False,one_shot,,,unknown,1,defect,defect,0.5,,,,,,2d8ad40ad9baa9a50bb07164,ok,0.26,0.37,0.4875,False,0.48,1.0518,2.772e-05
horizon-001394,horizon,prisoners_dilemma,5.0,3.0,1.0,0.0,abstract,B,self_interest,False,one_shot,,,unknown,2,defect,defect,0.5,,,,,,514523fd563db22d66266fd8,ok,0.25,0.37,0.4575,False,0.5,0.2667,2.772e-05
horizon-001395,horizon,prisoners_dilemma,5.0,3.0,1.0,0.0,abstract,B,self_interest,False,one_shot,,,unknown,3,defect,defect,0.5,,,,,,074da90500855a95c2da12ba,ok,0.25,0.39,0.465,False,0.51,0.2404,2.772e-05
horizon-001396,horizon,prisoners_dilemma,5.0,3.0,1.0,0.0,abstract,B,self_interest,False,one_shot,,,unknown,4,defect,defect,0.5,,,,,,f5344190bbe567448320e523,ok,0.24,0.37,0.47,False,0.52,0.2839,2.772e-05
horizon-001397,horizon,prisoners_dilemma,5.0,3.0,1.0,0.0,abstract,B,self_interest,False,one_shot,,,unknown,5,defect,defect,0.5,,,,,,1302aa190b3629bbc6b34c04,ok,0.22,0.36,0.455,False,0.56,0.2461,2.772e-05
horizon-001398,horizon,prisoners_dilemma,5.0,3.0,1.0,0.0,abstract,B,self_interest,False,one_shot,,,unknown,6,defect,defect,0.5,,,,,,85abbcda3fdd1d0bcb91fa4e,ok,0.25,0.36,0.4675,False,0.49,0.2244,2.772e-05
horizon-001399,horizon,prisoners_dilemma,5.0,3.0,1.0,0.0,abstract,B,self_interest,False,one_shot,,,unknown,7,defect,defect,0.5,,,,,,5b6c7d453c774efa57e44ea2,ok,0.23,0.34,0.4525,False,0.55,0.2435,2.772e-05
horizon-001400,horizon,prisoners_dilemma,5.0,3.0,1.0,0.0,abstract,A,self_interest,True,one_shot,,,tit_for_tat,0,defect,defect,0.5,,,,,,4e13c9de33310571e3b87049,ok,0.23,0.52,0.3975,False,0.55,0.3052,3.003e-05
horizon-001401,horizon,prisoners_dilemma,5.0,3.0,1.0,0.0,abstract,A,self_interest,True,one_shot,,,tit_for_tat,1,defect,defect,0.5,,,,,,e84d83346df92d3730373440,ok,0.21,0.46,0.3775,False,0.57,0.2536,3.003e-05
horizon-001402,horizon,prisoners_dilemma,5.0,3.0,1.0,0.0,abstract,A,self_interest,True,one_shot,,,tit_for_tat,2,defect,defect,0.5,,,,,,edce0ef92bd6b17b40bb1fff,ok,0.28,0.5,0.4225,False,0.45,0.2413,3.003e-05
horizon-001403,horizon,prisoners_dilemma,5.0,3.0,1.0,0.0,abstract,A,self_interest,True,one_shot,,,tit_for_tat,3,defect,defect,0.5,,,,,,7c63b85cd38ad19b878c49ba,ok,0.2,0.49,0.3525,False,0.59,0.2408,3.003e-05
horizon-001404,horizon,prisoners_dilemma,5.0,3.0,1.0,0.0,abstract,A,self_interest,True,one_shot,,,tit_for_tat,4,defect,defect,0.5,,,,,,44096f0aa253ba0bb326c303,ok,0.26,0.48,0.32,False,0.48,0.273,3.003e-05
horizon-001405,horizon,prisoners_dilemma,5.0,3.0,1.0,0.0,abstract,A,self_interest,True,one_shot,,,tit_for_tat,5,defect,defect,0.5,,,,,,8cc648a03c59b78883d14a79,ok,0.27,0.51,0.3775,False,0.46,0.2987,3.003e-05
horizon-001406,horizon,prisoners_dilemma,5.0,3.0,1.0,0.0,abstract,A,self_interest,True,one_shot,,,tit_for_tat,6,defect,defect,0.5,,,,,,704b8c6f895b6c9e6a7539ae,ok,0.32,0.53,0.3275,False,0.37,0.2773,3.003e-05
horizon-001407,horizon,prisoners_dilemma,5.0,3.0,1.0,0.0,abstract,A,self_interest,True,one_shot,,,tit_for_tat,7,defect,defect,0.5,,,,,,97647fd42c984a09a211cd84,ok,0.3,0.52,0.4175,False,0.4,0.2552,3.003e-05
horizon-001408,horizon,prisoners_dilemma,5.0,3.0,1.0,0.0,abstract,B,self_interest,False,one_shot,,,tit_for_tat,0,defect,defect,0.5,,,,,,5fbcaa75f6848ff68a8eda26,ok,0.27,0.4,0.3475,False,0.46,0.2331,3.003e-05
horizon-001409,horizon,prisoners_dilemma,5.0,3.0,1.0,0.0,abstract,B,self_interest,False,one_shot,,,tit_for_tat,1,defect,defect,0.5,,,,,,8853d3408efb40a17bdb5d21,ok,0.32,0.4,0.3275,False,0.36,0.2489,3.003e-05
horizon-001410,horizon,prisoners_dilemma,5.0,3.0,1.0,0.0,abstract,B,self_interest,False,one_shot,,,tit_for_tat,2,defect,defect,0.5,,,,,,f7c1c4f3daa056b2013a16c0,ok,0.26,0.39,0.4075,False,0.48,0.2355,3.003e-05
horizon-001411,horizon,prisoners_dilemma,5.0,3.0,1.0,0.0,abstract,B,self_interest,False,one_shot,,,tit_for_tat,3,defect,defect,0.5,,,,,,d900d5a53a35fe4718834ac9,ok,0.29,0.43,0.4,False,0.43,0.2332,3.003e-05
horizon-001412,horizon,prisoners_dilemma,5.0,3.0,1.0,0.0,abstract,B,self_interest,False,one_shot,,,tit_for_tat,4,defect,defect,0.5,,,,,,c53cc53559cfdb31a0297219,ok,0.28,0.44,0.355,False,0.45,0.266,3.003e-05
horizon-001413,horizon,prisoners_dilemma,5.0,3.0,1.0,0.0,abstract,B,self_interest,False,one_shot,,,tit_for_tat,5,defect,defect,0.5,,,,,,dc0f248a4b8f82d12e58a629,ok,0.21,0.41,0.2975,False,0.59,0.2461,3.003e-05
horizon-001414,horizon,prisoners_dilemma,5.0,3.0,1.0,0.0,abstract,B,self_interest,False,one_shot,,,tit_for_tat,6,defect,defect,0.5,,,,,,a63d3eca907f9b431be7e67a,ok,0.26,0.41,0.38,False,0.48,0.2664,3.003e-05
horizon-001415,horizon,prisoners_dilemma,5.0,3.0,1.0,0.0,abstract,B,self_interest,False,one_shot,,,tit_for_tat,7,defect,defect,0.5,,,,,,018e1f2fb312dfc7c2a6bc00,ok,0.24,0.45,0.3475,False,0.51,0.241,3.003e-05
horizon-001416,horizon,prisoners_dilemma,5.0,3.0,1.0,0.0,abstract,A,self_interest,True,finite,2.0,,unknown,0,defect,defect,0.5,,,,,,06b6ec92a0596eb7fbc08c29,ok,0.46,0.5,0.515,False,0.07,0.2568,2.8854e-05
horizon-001417,horizon,prisoners_dilemma,5.0,3.0,1.0,0.0,abstract,A,self_interest,True,finite,2.0,,unknown,1,defect,defect,0.5,,,,,,523dbb160dbfc6c52002f1a2,ok,0.45,0.48,0.4725,False,0.1,0.2362,2.8854e-05
horizon-001418,horizon,prisoners_dilemma,5.0,3.0,1.0,0.0,abstract,A,self_interest,True,finite,2.0,,unknown,2,defect,defect,0.5,,,,,,5b0875eb8f384593b116e4f6,ok,0.43,0.46,0.4725,False,0.14,0.2861,2.8854e-05
horizon-001419,horizon,prisoners_dilemma,5.0,3.0,1.0,0.0,abstract,A,self_interest,True,finite,2.0,,unknown,3,defect,defect,0.5,,,,,,0e82c49954e7a4055fa17e15,ok,0.45,0.49,0.515,False,0.1,0.2865,2.8854e-05
horizon-001420,horizon,prisoners_dilemma,5.0,3.0,1.0,0.0,abstract,A,self_interest,True,finite,2.0,,unknown,4,defect,defect,0.5,,,,,,2bd3edefcf485d62474791ca,ok,0.48,0.49,0.5025,False,0.04,0.2569,2.8854e-05
horizon-001421,horizon,prisoners_dilemma,5.0,3.0,1.0,0.0,abstract,A,self_interest,True,finite,2.0,,unknown,5,defect,defect,0.5,,,,,,c5cbf9e595303dc4f66325cd,ok,0.47,0.49,0.4875,False,0.06,0.2638,2.8854e-05
horizon-001422,horizon,prisoners_dilemma,5.0,3.0,1.0,0.0,abstract,A,self_interest,True,finite,2.0,,unknown,6,defect,defect,0.5,,,,,,67b0f95ab73a532bee0b8d7a,ok,0.45,0.48,0.4875,False,0.09,0.2219,2.8854e-05
horizon-001423,horizon,prisoners_dilemma,5.0,3.0,1.0,0.0,abstract,A,self_interest,True,finite,2.0,,unknown,7,defect,defect,0.5,,,,,,9942056c2aa2f42365fb28d8,ok,0.44,0.47,0.485,False,0.13,0.2409,2.8854e-05
horizon-001424,horizon,prisoners_dilemma,5.0,3.0,1.0,0.0,abstract,B,self_interest,False,finite,2.0,,unknown,0,defect,defect,0.5,,,,,,87ea03190ca7bf98aba08e34,ok,0.54,0.5,0.525,True,0.07,0.2533,2.8854e-05
horizon-001425,horizon,prisoners_dilemma,5.0,3.0,1.0,0.0,abstract,B,self_interest,False,finite,2.0,,unknown,1,defect,defect,0.5,,,,,,2511f5413a5247f50e216089,ok,0.49,0.5,0.54,False,0.02,0.2532,2.8854e-05
horizon-001426,horizon,prisoners_dilemma,5.0,3.0,1.0,0.0,abstract,B,self_interest,False,finite,2.0,,unknown,2,defect,defect,0.5,,,,,,add0ab07c6e8a954b6a15bcd,ok,0.5,0.49,0.5225,True,0.01,0.2555,2.8854e-05
horizon-001427,horizon,prisoners_dilemma,5.0,3.0,1.0,0.0,abstract,B,self_interest,False,finite,2.0,,unknown,3,defect,defect,0.5,,,,,,4d3855b1bf8c90f472a8149d,ok,0.53,0.51,0.53,True,0.06,0.2445,2.8854e-05
horizon-001428,horizon,prisoners_dilemma,5.0,3.0,1.0,0.0,abstract,B,self_interest,False,finite,2.0,,unknown,4,defect,defect,0.5,,,,,,2809944f498c2be3b7cd6a9d,ok,0.52,0.5,0.515,True,0.05,0.2704,2.8854e-05
horizon-001429,horizon,prisoners_dilemma,5.0,3.0,1.0,0.0,abstract,B,self_interest,False,finite,2.0,,unknown,5,defect,defect,0.5,,,,,,158fb295ff7a39394edf3095,ok,0.51,0.51,0.525,True,0.02,0.2583,2.8854e-05
horizon-001430,horizon,prisoners_dilemma,5.0,3.0,1.0,0.0,abstract,B,self_interest,False,finite,2.0,,unknown,6,defect,defect,0.5,,,,,,21b1bbd978463206809c2116,ok,0.55,0.5,0.53,True,0.1,0.2557,2.8854e-05
horizon-001431,horizon,prisoners_dilemma,5.0,3.0,1.0,0.0,abstract,B,self_interest,False,finite,2.0,,unknown,7,defect,defect,0.5,,,,,,b1683786f11fab9ce126e4f3,ok,0.52,0.5,0.535,True,0.03,0.2586,2.8854e-05
horizon-001432,horizon,prisoners_dilemma,5.0,3.0,1.0,0.0,abstract,A,self_interest,True,finite,2.0,,tit_for_tat,0,defect,cooperate,0.5,,,,,,0accee2b0fe1a68744c0506d,ok,0.3,0.5,0.33,False,0.41,0.2357,3.1164e-05
horizon-001433,horizon,prisoners_dilemma,5.0,3.0,1.0,0.0,abstract,A,self_interest,True,finite,2.0,,tit_for_tat,1,defect,cooperate,0.5,,,,,,949ca2a8f54e0bb06d3a691b,ok,0.24,0.47,0.3425,False,0.53,0.2478,3.1164e-05
horizon-001434,horizon,prisoners_dilemma,5.0,3.0,1.0,0.0,abstract,A,self_interest,True,finite,2.0,,tit_for_tat,2,defect,cooperate,0.5,,,,,,7301e13c24c0744baeb11f77,ok,0.25,0.46,0.3525,False,0.49,0.2657,3.1164e-05
horizon-001435,horizon,prisoners_dilemma,5.0,3.0,1.0,0.0,abstract,A,self_interest,True,finite,2.0,,tit_for_tat,3,defect,cooperate,0.5,,,,,,3881c919e487b8f2d1e3f7eb,ok,0.22,0.46,0.335,False,0.56,0.2438,3.1164e-05
horizon-001436,horizon,prisoners_dilemma,5.0,3.0,1.0,0.0,abstract,A,self_interest,True,finite,2.0,,tit_for_tat,4,defect,cooperate,0.5,,,,,,b8b76a4fe97d0cfcf0c49f4a,ok,0.31,0.53,0.4125,False,0.38,0.2408,3.1164e-05
horizon-001437,horizon,prisoners_dilemma,5.0,3.0,1.0,0.0,abstract,A,self_interest,True,finite,2.0,,tit_for_tat,5,defect,cooperate,0.5,,,,,,6a6284fc4e0603c4f7bc053d,ok,0.32,0.5,0.3525,False,0.35,0.248,3.1164e-05
horizon-001438,horizon,prisoners_dilemma,5.0,3.0,1.0,0.0,abstract,A,self_interest,True,finite,2.0,,tit_for_tat,6,defect,cooperate,0.5,,,,,,580d9cc7cb7fa00d94b969ae,ok,0.22,0.48,0.3675,False,0.56,0.2387,3.1164e-05
horizon-001439,horizon,prisoners_dilemma,5.0,3.0,1.0,0.0,abstract,A,self_interest,True,finite,2.0,,tit_for_tat,7,defect,cooperate,0.5,,,,,,549a0e0fb2aa1818af4dc046,ok,0.25,0.49,0.3525,False,0.49,0.2301,3.1164e-05
horizon-001440,horizon,prisoners_dilemma,5.0,3.0,1.0,0.0,abstract,B,self_interest,False,finite,2.0,,tit_for_tat,0,defect,cooperate,0.5,,,,,,e5a3e4f41887c09601d55353,ok,0.37,0.45,0.4375,False,0.25,0.2305,3.1164e-05
horizon-001441,horizon,prisoners_dilemma,5.0,3.0,1.0,0.0,abstract,B,self_interest,False,finite,2.0,,tit_for_tat,1,defect,cooperate,0.5,,,,,,d732cd97101e8d214e8d395d,ok,0.32,0.47,0.4425,False,0.36,0.263,3.1164e-05
horizon-001442,horizon,prisoners_dilemma,5.0,3.0,1.0,0.0,abstract,B,self_interest,False,finite,2.0,,tit_for_tat,2,defect,cooperate,0.5,,,,,,ece907b2ffafbaab9843343a,ok,0.36,0.46,0.4,False,0.28,0.2249,3.1164e-05
horizon-001443,horizon,prisoners_dilemma,5.0,3.0,1.0,0.0,abstract,B,self_interest,False,finite,2.0,,tit_for_tat,3,defect,cooperate,0.5,,,,,,d8abd1e0d9f940bc43738e0f,ok,0.32,0.46,0.445,False,0.36,0.235,3.1164e-05
horizon-001444,horizon,prisoners_dilemma,5.0,3.0,1.0,0.0,abstract,B,self_interest,False,finite,2.0,,tit_for_tat,4,defect,cooperate,0.5,,,,,,8b93acffe730c4f16a521f69,ok,0.38,0.51,0.445,False,0.24,0.267,3.1164e-05
horizon-001445,horizon,prisoners_dilemma,5.0,3.0,1.0,0.0,abstract,B,self_interest,False,finite,2.0,,tit_for_tat,5,defect,cooperate,0.5,,,,,,f52a857d20354ffef5dc0716,ok,0.38,0.46,0.4225,False,0.25,0.227,3.1164e-05
horizon-001446,horizon,prisoners_dilemma,5.0,3.0,1.0,0.0,abstract,B,self_interest,False,finite,2.0,,tit_for_tat,6,defect,cooperate,0.5,,,,,,a61c854d3ff051fccf89c661,ok,0.37,0.47,0.4,False,0.27,0.2427,3.1164e-05
horizon-001447,horizon,prisoners_dilemma,5.0,3.0,1.0,0.0,abstract,B,self_interest,False,finite,2.0,,tit_for_tat,7,defect,cooperate,0.5,,,,,,67102ab0481207176d701f06,ok,0.37,0.49,0.445,False,0.26,0.2691,3.1164e-05
horizon-001448,horizon,prisoners_dilemma,5.0,3.0,1.0,0.0,abstract,A,self_interest,True,finite,5.0,,unknown,0,defect,defect,0.5,,,,,,d1f89b640b79deaf20b8b1d3,ok,0.46,0.48,0.53,False,0.09,0.2279,2.8854e-05
horizon-001449,horizon,prisoners_dilemma,5.0,3.0,1.0,0.0,abstract,A,self_interest,True,finite,5.0,,unknown,1,defect,defect,0.5,,,,,,cf84b5ef62aa805b55d0651e,ok,0.42,0.47,0.4825,False,0.16,0.2278,2.8854e-05
horizon-001450,horizon,prisoners_dilemma,5.0,3.0,1.0,0.0,abstract,A,self_interest,True,finite,5.0,,unknown,2,defect,defect,0.5,,,,,,33b3f508fdfc7a7e5b4991ba,ok,0.45,0.48,0.5225,False,0.11,0.2965,2.8854e-05
horizon-001451,horizon,prisoners_dilemma,5.0,3.0,1.0,0.0,abstract,A,self_interest,True,finite,5.0,,unknown,3,defect,defect,0.5,,,,,,b4f25448f1d1eae4dcc8f011,ok,0.47,0.48,0.4975,False,0.06,0.2248,2.8854e-05
horizon-001452,horizon,prisoners_dilemma,5.0,3.0,1.0,0.0,abstract,A,self_interest,True,finite,5.0,,unknown,4,defect,defect,0.5,,,,,,13e9531f070eac9a2af472e0,ok,0.52,0.49,0.505,True,0.03,0.2696,2.8854e-05
horizon-001453,horizon,prisoners_dilemma,5.0,3.0,1.0,0.0,abstract,A,self_interest,True,finite,5.0,,unknown,5,defect,defect,0.5,,,,,,773ea2f736300d21caa458b4,ok,0.53,0.49,0.5175,True,0.06,0.2676,2.8854e-05
horizon-001454,horizon,prisoners_dilemma,5.0,3.0,1.0,0.0,abstract,A,self_interest,True,finite,5.0,,unknown,6,defect,defect,0.5,,,,,,9034468d4057db2c21435893,ok,0.49,0.49,0.5025,False,0.02,0.2474,2.8854e-05
horizon-001455,horizon,prisoners_dilemma,5.0,3.0,1.0,0.0,abstract,A,self_interest,True,finite,5.0,,unknown,7,defect,defect,0.5,,,,,,58e40cf679debb5a1436bdfc,ok,0.54,0.51,0.5275,True,0.08,0.2545,2.8854e-05
horizon-001456,horizon,prisoners_dilemma,5.0,3.0,1.0,0.0,abstract,B,self_interest,False,finite,5.0,,unknown,0,defect,defect,0.5,,,,,,aaba951faf82835d6fc08f88,ok,0.61,0.5,0.565,True,0.22,0.2457,2.8854e-05
horizon-001457,horizon,prisoners_dilemma,5.0,3.0,1.0,0.0,abstract,B,self_interest,False,finite,5.0,,unknown,1,defect,defect,0.5,,,,,,4226d7f0c508f4a555127f1a,ok,0.58,0.49,0.525,True,0.16,0.2342,2.8854e-05
horizon-001458,horizon,prisoners_dilemma,5.0,3.0,1.0,0.0,abstract,B,self_interest,False,finite,5.0,,unknown,2,defect,defect,0.5,,,,,,931f6ed71966cfbd287d286e,ok,0.53,0.49,0.5325,True,0.07,0.2581,2.8854e-05
horizon-001459,horizon,prisoners_dilemma,5.0,3.0,1.0,0.0,abstract,B,self_interest,False,finite,5.0,,unknown,3,defect,defect,0.5,,,,,,cb4b6cfd89af24077f85b68f,ok,0.58,0.51,0.565,True,0.15,0.2299,2.8854e-05
horizon-001460,horizon,prisoners_dilemma,5.0,3.0,1.0,0.0,abstract,B,self_interest,False,finite,5.0,,unknown,4,defect,defect,0.5,,,,,,35549a09a042fb31fc80083c,ok,0.61,0.53,0.5425,True,0.22,0.2727,2.8854e-05
horizon-001461,horizon,prisoners_dilemma,5.0,3.0,1.0,0.0,abstract,B,self_interest,False,finite,5.0,,unknown,5,defect,defect,0.5,,,,,,a4bc0fc530caced3e57a5a8d,ok,0.56,0.49,0.525,True,0.13,0.2807,2.8854e-05
horizon-001462,horizon,prisoners_dilemma,5.0,3.0,1.0,0.0,abstract,B,self_interest,False,finite,5.0,,unknown,6,defect,defect,0.5,,,,,,968b172310303c62303ed307,ok,0.57,0.5,0.55,True,0.14,0.2544,2.8854e-05
horizon-001463,horizon,prisoners_dilemma,5.0,3.0,1.0,0.0,abstract,B,self_interest,False,finite,5.0,,unknown,7,defect,defect,0.5,,,,,,7a6cb601b446ee625928e14a,ok,0.62,0.51,0.555,True,0.23,0.2752,2.8854e-05
horizon-001464,horizon,prisoners_dilemma,5.0,3.0,1.0,0.0,abstract,A,self_interest,True,finite,5.0,,tit_for_tat,0,defect,cooperate,0.5,,,,,,0a0777c31c4bd19e3dceee1a,ok,0.28,0.51,0.3825,False,0.44,0.2408,3.1164e-05
horizon-001465,horizon,prisoners_dilemma,5.0,3.0,1.0,0.0,abstract,A,self_interest,True,finite,5.0,,tit_for_tat,1,defect,cooperate,0.5,,,,,,c6b792b3a0843387e5fe6781,ok,0.34,0.55,0.4,False,0.31,0.2597,3.1164e-05
horizon-001466,horizon,prisoners_dilemma,5.0,3.0,1.0,0.0,abstract,A,self_interest,True,finite,5.0,,tit_for_tat,2,defect,cooperate,0.5,,,,,,ca15b1fb8d4587acd1600ae4,ok,0.37,0.56,0.4,False,0.27,0.2435,3.1164e-05
horizon-001467,horizon,prisoners_dilemma,5.0,3.0,1.0,0.0,abstract,A,self_interest,True,finite,5.0,,tit_for_tat,3,defect,cooperate,0.5,,,,,,130fda18305c7eaf8b2e37a5,ok,0.29,0.52,0.35,False,0.42,0.2236,3.1164e-05
horizon-001468,horizon,prisoners_dilemma,5.0,3.0,1.0,0.0,abstract,A,self_interest,True,finite,5.0,,tit_for_tat,4,defect,cooperate,0.5,,,,,,67483d8033d40d3b427f73d5,ok,0.28,0.5,0.3475,False,0.44,0.2363,3.1164e-05
horizon-001469,horizon,prisoners_dilemma,5.0,3.0,1.0,0.0,abstract,A,self_interest,True,finite,5.0,,tit_for_tat,5,defect,cooperate,0.5,,,,,,101482174a25a627f3a9587d,ok,0.3,0.55,0.3875,False,0.39,0.2342,3.1164e-05
horizon-001470,horizon,prisoners_dilemma,5.0,3.0,1.0,0.0,abstract,A,self_interest,True,finite,5.0,,tit_for_tat,6,defect,cooperate,0.5,,,,,,c0c0a6f9245b77b7a7e103da,ok,0.35,0.55,0.3825,False,0.3,0.2573,3.1164e-05
horizon-001471,horizon,prisoners_dilemma,5.0,3.0,1.0,0.0,abstract,A,self_interest,True,finite,5.0,,tit_for_tat,7,defect,cooperate,0.5,,,,,,f071ef426d213b504f14c79a,ok,0.29,0.51,0.365,False,0.42,0.2521,3.1164e-05
horizon-001472,horizon,prisoners_dilemma,5.0,3.0,1.0,0.0,abstract,B,self_interest,False,finite,5.0,,tit_for_tat,0,defect,cooperate,0.5,,,,,,e9b80cfa1f54e304a15a13f0,ok,0.46,0.49,0.39,False,0.07,0.286,3.1164e-05
horizon-001473,horizon,prisoners_dilemma,5.0,3.0,1.0,0.0,abstract,B,self_interest,False,finite,5.0,,tit_for_tat,1,defect,cooperate,0.5,,,,,,2891669a0f277607a2741517,ok,0.42,0.51,0.3875,False,0.16,0.2323,3.1164e-05
horizon-001474,horizon,prisoners_dilemma,5.0,3.0,1.0,0.0,abstract,B,self_interest,False,finite,5.0,,tit_for_tat,2,defect,cooperate,0.5,,,,,,142fb925c76fc3bd9ee4d51c,ok,0.41,0.51,0.385,False,0.18,0.2513,3.1164e-05
horizon-001475,horizon,prisoners_dilemma,5.0,3.0,1.0,0.0,abstract,B,self_interest,False,finite,5.0,,tit_for_tat,3,defect,cooperate,0.5,,,,,,95ceda6e93f4a96a2a1979ab,ok,0.4,0.49,0.38,False,0.21,0.254,3.1164e-05
horizon-001476,horizon,prisoners_dilemma,5.0,3.0,1.0,0.0,abstract,B,self_interest,False,finite,5.0,,tit_for_tat,4,defect,cooperate,0.5,,,,,,c86dea84aae88769ce09433c,ok,0.43,0.5,0.435,False,0.15,0.226,3.1164e-05
horizon-001477,horizon,prisoners_dilemma,5.0,3.0,1.0,0.0,abstract,B,self_interest,False,finite,5.0,,tit_for_tat,5,defect,cooperate,0.5,,,,,,5aeac250cb08e8ac9fae4cab,ok,0.44,0.49,0.4525,False,0.13,0.2773,3.1164e-05
horizon-001478,horizon,prisoners_dilemma,5.0,3.0,1.0,0.0,abstract,B,self_interest,False,finite,5.0,,tit_for_tat,6,defect,cooperate,0.5,,,,,,2ed6acfa9ef65b7ec5ae36f4,ok,0.43,0.49,0.395,False,0.14,0.2529,3.1164e-05
horizon-001479,horizon,prisoners_dilemma,5.0,3.0,1.0,0.0,abstract,B,self_interest,False,finite,5.0,,tit_for_tat,7,defect,cooperate,0.5,,,,,,58b04f0e83bd1c8c9609f888,ok,0.42,0.5,0.405,False,0.15,0.2346,3.1164e-05
horizon-001480,horizon,prisoners_dilemma,5.0,3.0,1.0,0.0,abstract,A,self_interest,True,finite,10.0,,unknown,0,defect,defect,0.5,,,,,,6c1ae2a2b18774ae471d1d19,ok,0.5,0.49,0.505,True,0.01,0.2459,2.8896e-05
horizon-001481,horizon,prisoners_dilemma,5.0,3.0,1.0,0.0,abstract,A,self_interest,True,finite,10.0,,unknown,1,defect,defect,0.5,,,,,,2ddd67de07425ad0ef30700e,ok,0.51,0.5,0.5225,True,0.03,0.2452,2.8896e-05
horizon-001482,horizon,prisoners_dilemma,5.0,3.0,1.0,0.0,abstract,A,self_interest,True,finite,10.0,,unknown,2,defect,defect,0.5,,,,,,f82d6a8c2bf9f878247ca2d3,ok,0.55,0.51,0.525,True,0.1,0.2361,2.8896e-05
horizon-001483,horizon,prisoners_dilemma,5.0,3.0,1.0,0.0,abstract,A,self_interest,True,finite,10.0,,unknown,3,defect,defect,0.5,,,,,,ea779d81dffd24707bb790d1,ok,0.53,0.49,0.5175,True,0.05,0.2611,2.8896e-05
horizon-001484,horizon,prisoners_dilemma,5.0,3.0,1.0,0.0,abstract,A,self_interest,True,finite,10.0,,unknown,4,defect,defect,0.5,,,,,,a0f375f1a1ad9bec2ba1bb8f,ok,0.48,0.47,0.4825,False,0.03,0.244,2.8896e-05
horizon-001485,horizon,prisoners_dilemma,5.0,3.0,1.0,0.0,abstract,A,self_interest,True,finite,10.0,,unknown,5,defect,defect,0.5,,,,,,1e5957a1336181de4e097ff1,ok,0.49,0.48,0.4925,False,0.03,0.2315,2.8896e-05
horizon-001486,horizon,prisoners_dilemma,5.0,3.0,1.0,0.0,abstract,A,self_interest,True,finite,10.0,,unknown,6,defect,defect,0.5,,,,,,cd6d8d32178d86d2c2d2ac45,ok,0.5,0.47,0.4925,False,0.01,0.237,2.8896e-05
horizon-001487,horizon,prisoners_dilemma,5.0,3.0,1.0,0.0,abstract,A,self_interest,True,finite,10.0,,unknown,7,defect,defect,0.5,,,,,,b09a85171893d4bf4d3b143f,ok,0.5,0.49,0.465,True,0.0,0.2456,2.8896e-05
horizon-001488,horizon,prisoners_dilemma,5.0,3.0,1.0,0.0,abstract,B,self_interest,False,finite,10.0,,unknown,0,defect,defect,0.5,,,,,,255d7493635f58fefb77683c,ok,0.59,0.49,0.545,True,0.19,0.2512,2.8896e-05
horizon-001489,horizon,prisoners_dilemma,5.0,3.0,1.0,0.0,abstract,B,self_interest,False,finite,10.0,,unknown,1,defect,defect,0.5,,,,,,79eca450c08d682c8d637475,ok,0.52,0.47,0.5375,True,0.03,0.2906,2.8896e-05
horizon-001490,horizon,prisoners_dilemma,5.0,3.0,1.0,0.0,abstract,B,self_interest,False,finite,10.0,,unknown,2,defect,defect,0.5,,,,,,53767553b5dbffd4890d2921,ok,0.54,0.48,0.515,True,0.08,0.2316,2.8896e-05
horizon-001491,horizon,prisoners_dilemma,5.0,3.0,1.0,0.0,abstract,B,self_interest,False,finite,10.0,,unknown,3,defect,defect,0.5,,,,,,2d4902df3f276d71e5f245cb,ok,0.59,0.48,0.535,True,0.17,0.2331,2.8896e-05
horizon-001492,horizon,prisoners_dilemma,5.0,3.0,1.0,0.0,abstract,B,self_interest,False,finite,10.0,,unknown,4,defect,defect,0.5,,,,,,05f8e0b634c27e6eaf709b09,ok,0.58,0.49,0.52,True,0.16,0.3094,2.8896e-05
horizon-001493,horizon,prisoners_dilemma,5.0,3.0,1.0,0.0,abstract,B,self_interest,False,finite,10.0,,unknown,5,defect,defect,0.5,,,,,,d9f4378491fd86fbcb03b5a6,ok,0.58,0.48,0.5375,True,0.15,0.2641,2.8896e-05
horizon-001494,horizon,prisoners_dilemma,5.0,3.0,1.0,0.0,abstract,B,self_interest,False,finite,10.0,,unknown,6,defect,defect,0.5,,,,,,ce818f2961f99417034542ce,ok,0.54,0.46,0.5225,True,0.08,0.259,2.8896e-05
horizon-001495,horizon,prisoners_dilemma,5.0,3.0,1.0,0.0,abstract,B,self_interest,False,finite,10.0,,unknown,7,defect,defect,0.5,,,,,,50862fbe3c2b3b76eacd33b2,ok,0.55,0.48,0.5325,True,0.1,0.2378,2.8896e-05
horizon-001496,horizon,prisoners_dilemma,5.0,3.0,1.0,0.0,abstract,A,self_interest,True,finite,10.0,,tit_for_tat,0,defect,cooperate,0.5,,,,,,03a19460f7caec6ae18cb7a7,ok,0.36,0.55,0.4375,False,0.29,0.2484,3.1206e-05
horizon-001497,horizon,prisoners_dilemma,5.0,3.0,1.0,0.0,abstract,A,self_interest,True,finite,10.0,,tit_for_tat,1,defect,cooperate,0.5,,,,,,a7406d817310ae77c7aedb81,ok,0.39,0.56,0.395,False,0.22,0.2292,3.1206e-05
horizon-001498,horizon,prisoners_dilemma,5.0,3.0,1.0,0.0,abstract,A,self_interest,True,finite,10.0,,tit_for_tat,2,defect,cooperate,0.5,,,,,,1aef09050d707890dd122e1b,ok,0.36,0.56,0.4075,False,0.28,0.2745,3.1206e-05
horizon-001499,horizon,prisoners_dilemma,5.0,3.0,1.0,0.0,abstract,A,self_interest,True,finite,10.0,,tit_for_tat,3,defect,cooperate,0.5,,,,,,8b66274dfffa5933123c9e55,ok,0.34,0.54,0.4,False,0.32,0.2421,3.1206e-05
horizon-001500,horizon,prisoners_dilemma,5.0,3.0,1.0,0.0,abstract,A,self_interest,True,finite,10.0,,tit_for_tat,4,defect,cooperate,0.5,,,,,,96d626cd2ca0366deb9a9b26,ok,0.35,0.54,0.4125,False,0.29,0.2431,3.1206e-05
horizon-001501,horizon,prisoners_dilemma,5.0,3.0,1.0,0.0,abstract,A,self_interest,True,finite,10.0,,tit_for_tat,5,defect,cooperate,0.5,,,,,,64dcce8780421ca225491f1f,ok,0.36,0.56,0.4225,False,0.27,0.2718,3.1206e-05
horizon-001502,horizon,prisoners_dilemma,5.0,3.0,1.0,0.0,abstract,A,self_interest,True,finite,10.0,,tit_for_tat,6,defect,cooperate,0.5,,,,,,0b33a554f29974c0d3ba4fa2,ok,0.36,0.54,0.405,False,0.27,0.2438,3.1206e-05
horizon-001503,horizon,prisoners_dilemma,5.0,3.0,1.0,0.0,abstract,A,self_interest,True,finite,10.0,,tit_for_tat,7,defect,cooperate,0.5,,,,,,132b1162545c7529bdb3a5ba,ok,0.36,0.53,0.37,False,0.28,0.2529,3.1206e-05
horizon-001504,horizon,prisoners_dilemma,5.0,3.0,1.0,0.0,abstract,B,self_interest,False,finite,10.0,,tit_for_tat,0,defect,cooperate,0.5,,,,,,ec482049ef0b2488d2a4577d,ok,0.43,0.49,0.4225,False,0.14,0.2361,3.1206e-05
horizon-001505,horizon,prisoners_dilemma,5.0,3.0,1.0,0.0,abstract,B,self_interest,False,finite,10.0,,tit_for_tat,1,defect,cooperate,0.5,,,,,,a91f7fd13b8d8f7f06f283b0,ok,0.41,0.51,0.44,False,0.18,0.2422,3.1206e-05
horizon-001506,horizon,prisoners_dilemma,5.0,3.0,1.0,0.0,abstract,B,self_interest,False,finite,10.0,,tit_for_tat,2,defect,cooperate,0.5,,,,,,135b5941324ab9361301b9b7,ok,0.46,0.51,0.42,False,0.07,0.2635,3.1206e-05
horizon-001507,horizon,prisoners_dilemma,5.0,3.0,1.0,0.0,abstract,B,self_interest,False,finite,10.0,,tit_for_tat,3,defect,cooperate,0.5,,,,,,6fd5112de5eae75505deccbf,ok,0.45,0.5,0.3975,False,0.1,0.2395,3.1206e-05
horizon-001508,horizon,prisoners_dilemma,5.0,3.0,1.0,0.0,abstract,B,self_interest,False,finite,10.0,,tit_for_tat,4,defect,cooperate,0.5,,,,,,1917633ef01e94f30ff0106a,ok,0.42,0.48,0.43,False,0.15,0.2752,3.1206e-05
horizon-001509,horizon,prisoners_dilemma,5.0,3.0,1.0,0.0,abstract,B,self_interest,False,finite,10.0,,tit_for_tat,5,defect,cooperate,0.5,,,,,,8dbef596c0384a6bb0f07f07,ok,0.4,0.5,0.42,False,0.2,0.2399,3.1206e-05
horizon-001510,horizon,prisoners_dilemma,5.0,3.0,1.0,0.0,abstract,B,self_interest,False,finite,10.0,,tit_for_tat,6,defect,cooperate,0.5,,,,,,298b90c2d1416fefdcee4469,ok,0.45,0.51,0.4175,False,0.1,0.2576,3.1206e-05
horizon-001511,horizon,prisoners_dilemma,5.0,3.0,1.0,0.0,abstract,B,self_interest,False,finite,10.0,,tit_for_tat,7,defect,cooperate,0.5,,,,,,1481931d5cfc1dc999ef0d64,ok,0.43,0.47,0.38,False,0.14,0.2297,3.1206e-05
horizon-001512,horizon,prisoners_dilemma,5.0,3.0,1.0,0.0,abstract,A,self_interest,True,finite,100.0,,unknown,0,defect,defect,0.5,,,,,,93a44cdf9c1a706cbae4035d,ok,0.5,0.5,0.5275,False,0.0,0.2487,2.8938e-05
horizon-001513,horizon,prisoners_dilemma,5.0,3.0,1.0,0.0,abstract,A,self_interest,True,finite,100.0,,unknown,1,defect,defect,0.5,,,,,,844016a1e2ef93529289ea16,ok,0.55,0.52,0.5225,True,0.1,0.2662,2.8938e-05
horizon-001514,horizon,prisoners_dilemma,5.0,3.0,1.0,0.0,abstract,A,self_interest,True,finite,100.0,,unknown,2,defect,defect,0.5,,,,,,1bba2a038bdb205fa623301f,ok,0.59,0.55,0.5575,True,0.18,0.2664,2.8938e-05
horizon-001515,horizon,prisoners_dilemma,5.0,3.0,1.0,0.0,abstract,A,self_interest,True,finite,100.0,,unknown,3,defect,defect,0.5,,,,,,442cb0ed32bc239e4e6c34fe,ok,0.52,0.53,0.5325,True,0.03,0.2707,2.8938e-05
horizon-001516,horizon,prisoners_dilemma,5.0,3.0,1.0,0.0,abstract,A,self_interest,True,finite,100.0,,unknown,4,defect,defect,0.5,,,,,,dcfa8b611edadfb35b068b88,ok,0.57,0.55,0.535,True,0.13,0.2701,2.8938e-05
horizon-001517,horizon,prisoners_dilemma,5.0,3.0,1.0,0.0,abstract,A,self_interest,True,finite,100.0,,unknown,5,defect,defect,0.5,,,,,,529ea3be29c799d538eadce9,ok,0.51,0.52,0.5475,True,0.01,0.2991,2.8938e-05
horizon-001518,horizon,prisoners_dilemma,5.0,3.0,1.0,0.0,abstract,A,self_interest,True,finite,100.0,,unknown,6,defect,defect,0.5,,,,,,79bd1f405e5b4f00cf257db4,ok,0.59,0.53,0.545,True,0.18,0.2844,2.8938e-05
horizon-001519,horizon,prisoners_dilemma,5.0,3.0,1.0,0.0,abstract,A,self_interest,True,finite,100.0,,unknown,7,defect,defect,0.5,,,,,,161157e50adfd88b6e1f5cc8,ok,0.55,0.51,0.535,True,0.09,0.2273,2.8938e-05
horizon-001520,horizon,prisoners_dilemma,5.0,3.0,1.0,0.0,abstract,B,self_interest,False,finite,100.0,,unknown,0,defect,defect,0.5,,,,,,70e297d2b5daafb73ede88ba,ok,0.55,0.48,0.52,True,0.11,0.24,2.8938e-05
horizon-001521,horizon,prisoners_dilemma,5.0,3.0,1.0,0.0,abstract,B,self_interest,False,finite,100.0,,unknown,1,defect,defect,0.5,,,,,,c813b7eb1786b71c6c733ee1,ok,0.57,0.49,0.505,True,0.14,0.2289,2.8938e-05
horizon-001522,horizon,prisoners_dilemma,5.0,3.0,1.0,0.0,abstract,B,self_interest,False,finite,100.0,,unknown,2,defect,defect,0.5,,,,,,a5f7d8ec7055486c7df64929,ok,0.6,0.47,0.52,True,0.21,0.2605,2.8938e-05
horizon-001523,horizon,prisoners_dilemma,5.0,3.0,1.0,0.0,abstract,B,self_interest,False,finite,100.0,,unknown,3,defect,defect,0.5,,,,,,f53175a86a9a1ea9a1e421c2,ok,0.6,0.48,0.545,True,0.19,0.2251,2.8938e-05
horizon-001524,horizon,prisoners_dilemma,5.0,3.0,1.0,0.0,abstract,B,self_interest,False,finite,100.0,,unknown,4,defect,defect,0.5,,,,,,73a43ca3409532ca2b3ec222,ok,0.58,0.48,0.53,True,0.16,0.2696,2.8938e-05
horizon-001525,horizon,prisoners_dilemma,5.0,3.0,1.0,0.0,abstract,B,self_interest,False,finite,100.0,,unknown,5,defect,defect,0.5,,,,,,9c3ebd149e230051cd662a66,ok,0.59,0.49,0.55,True,0.17,0.2789,2.8938e-05
horizon-001526,horizon,prisoners_dilemma,5.0,3.0,1.0,0.0,abstract,B,self_interest,False,finite,100.0,,unknown,6,defect,defect,0.5,,,,,,bbbe6fd357b880b473afda35,ok,0.62,0.5,0.5725,True,0.24,0.2844,2.8938e-05
horizon-001527,horizon,prisoners_dilemma,5.0,3.0,1.0,0.0,abstract,B,self_interest,False,finite,100.0,,unknown,7,defect,defect,0.5,,,,,,76105ec08cdfb93e52b51db2,ok,0.56,0.47,0.5275,True,0.11,0.2483,2.8938e-05
horizon-001528,horizon,prisoners_dilemma,5.0,3.0,1.0,0.0,abstract,A,self_interest,True,finite,100.0,,tit_for_tat,0,defect,cooperate,0.5,,,,,,e51a286315e670c3495a9edc,ok,0.38,0.53,0.395,False,0.23,0.2477,3.1248e-05
horizon-001529,horizon,prisoners_dilemma,5.0,3.0,1.0,0.0,abstract,A,self_interest,True,finite,100.0,,tit_for_tat,1,defect,cooperate,0.5,,,,,,65125670c95c924ce949606c,ok,0.37,0.53,0.4,False,0.26,0.2657,3.1248e-05
horizon-001530,horizon,prisoners_dilemma,5.0,3.0,1.0,0.0,abstract,A,self_interest,True,finite,100.0,,tit_for_tat,2,defect,cooperate,0.5,,,,,,5cf7815ca9270170331edc83,ok,0.35,0.52,0.395,False,0.31,0.3323,3.1248e-05
horizon-001531,horizon,prisoners_dilemma,5.0,3.0,1.0,0.0,abstract,A,self_interest,True,finite,100.0,,tit_for_tat,3,defect,cooperate,0.5,,,,,,abde4e075c0fe0e5bca7ede6,ok,0.35,0.52,0.4225,False,0.3,0.2342,3.1248e-05
horizon-001532,horizon,prisoners_dilemma,5.0,3.0,1.0,0.0,abstract,A,self_interest,True,finite,100.0,,tit_for_tat,4,defect,cooperate,0.5,,,,,,bcdec47707a475d2a000d4f1,ok,0.39,0.54,0.41,False,0.21,0.2579,3.1248e-05
horizon-001533,horizon,prisoners_dilemma,5.0,3.0,1.0,0.0,abstract,A,self_interest,True,finite,100.0,,tit_for_tat,5,defect,cooperate,0.5,,,,,,511f804d661298c1a7f75cde,ok,0.34,0.53,0.4,False,0.32,0.2453,3.1248e-05
horizon-001534,horizon,prisoners_dilemma,5.0,3.0,1.0,0.0,abstract,A,self_interest,True,finite,100.0,,tit_for_tat,6,defect,cooperate,0.5,,,,,,2a2d893e6ed5b2e271e2762a,ok,0.42,0.54,0.43,False,0.16,0.2462,3.1248e-05
horizon-001535,horizon,prisoners_dilemma,5.0,3.0,1.0,0.0,abstract,A,self_interest,True,finite,100.0,,tit_for_tat,7,defect,cooperate,0.5,,,,,,f64b4ea8fc6f0203dda4aff8,ok,0.35,0.54,0.385,False,0.3,0.2555,3.1248e-05
horizon-001536,horizon,prisoners_dilemma,5.0,3.0,1.0,0.0,abstract,B,self_interest,False,finite,100.0,,tit_for_tat,0,defect,cooperate,0.5,,,,,,fdd7187fe201df283b3a445a,ok,0.43,0.51,0.405,False,0.14,0.2593,3.1248e-05
horizon-001537,horizon,prisoners_dilemma,5.0,3.0,1.0,0.0,abstract,B,self_interest,False,finite,100.0,,tit_for_tat,1,defect,cooperate,0.5,,,,,,2e8734c1b971dd5fc150c493,ok,0.44,0.49,0.465,False,0.13,0.352,3.1248e-05
horizon-001538,horizon,prisoners_dilemma,5.0,3.0,1.0,0.0,abstract,B,self_interest,False,finite,100.0,,tit_for_tat,2,defect,cooperate,0.5,,,,,,a2f97fdba5a20b67332a364f,ok,0.46,0.51,0.4525,False,0.09,0.2755,3.1248e-05
horizon-001539,horizon,prisoners_dilemma,5.0,3.0,1.0,0.0,abstract,B,self_interest,False,finite,100.0,,tit_for_tat,3,defect,cooperate,0.5,,,,,,78b2dd6d1deee6aa18d825ae,ok,0.42,0.53,0.42,False,0.16,0.2637,3.1248e-05
horizon-001540,horizon,prisoners_dilemma,5.0,3.0,1.0,0.0,abstract,B,self_interest,False,finite,100.0,,tit_for_tat,4,defect,cooperate,0.5,,,,,,6ebf977d9c2e75663cbc77ca,ok,0.49,0.51,0.4475,False,0.03,0.2847,3.1248e-05
horizon-001541,horizon,prisoners_dilemma,5.0,3.0,1.0,0.0,abstract,B,self_interest,False,finite,100.0,,tit_for_tat,5,defect,cooperate,0.5,,,,,,2a9aac35da34d63b99dbd1cf,ok,0.38,0.49,0.43,False,0.23,0.2424,3.1248e-05
horizon-001542,horizon,prisoners_dilemma,5.0,3.0,1.0,0.0,abstract,B,self_interest,False,finite,100.0,,tit_for_tat,6,defect,cooperate,0.5,,,,,,363e0ecad0bed81906c3571a,ok,0.44,0.52,0.475,False,0.12,0.3023,3.1248e-05
horizon-001543,horizon,prisoners_dilemma,5.0,3.0,1.0,0.0,abstract,B,self_interest,False,finite,100.0,,tit_for_tat,7,defect,cooperate,0.5,,,,,,3e090ba7b13e912746f867c5,ok,0.47,0.49,0.3675,False,0.06,0.2624,3.1248e-05
horizon-001544,horizon,prisoners_dilemma,5.0,3.0,1.0,0.0,abstract,A,self_interest,True,indefinite,,0.5,unknown,0,defect,,0.5,,,,,,9faed7555eca96a023be65cc,ok,0.53,0.55,0.555,True,0.06,0.256,2.9946e-05
horizon-001545,horizon,prisoners_dilemma,5.0,3.0,1.0,0.0,abstract,A,self_interest,True,indefinite,,0.5,unknown,1,defect,,0.5,,,,,,bf9ccaa2ab59dd1818fd5284,ok,0.51,0.53,0.5425,True,0.01,0.2354,2.9946e-05
horizon-001546,horizon,prisoners_dilemma,5.0,3.0,1.0,0.0,abstract,A,self_interest,True,indefinite,,0.5,unknown,2,defect,,0.5,,,,,,46cb45a91d89109490d91009,ok,0.53,0.57,0.5275,True,0.07,0.2778,2.9946e-05
horizon-001547,horizon,prisoners_dilemma,5.0,3.0,1.0,0.0,abstract,A,self_interest,True,indefinite,,0.5,unknown,3,defect,,0.5,,,,,,f68cd77b00043ee33e4c97ae,ok,0.58,0.57,0.5725,True,0.15,0.2596,2.9946e-05
horizon-001548,horizon,prisoners_dilemma,5.0,3.0,1.0,0.0,abstract,A,self_interest,True,indefinite,,0.5,unknown,4,defect,,0.5,,,,,,0d43c2c66c257974cd831720,ok,0.49,0.53,0.5,False,0.03,0.2781,2.9946e-05
horizon-001549,horizon,prisoners_dilemma,5.0,3.0,1.0,0.0,abstract,A,self_interest,True,indefinite,,0.5,unknown,5,defect,,0.5,,,,,,105206b286fe3b734ecd5727,ok,0.53,0.55,0.5375,True,0.05,0.287,2.9946e-05
horizon-001550,horizon,prisoners_dilemma,5.0,3.0,1.0,0.0,abstract,A,self_interest,True,indefinite,,0.5,unknown,6,defect,,0.5,,,,,,c871a495e56ee874ba8d5160,ok,0.51,0.53,0.535,True,0.03,0.2489,2.9946e-05
horizon-001551,horizon,prisoners_dilemma,5.0,3.0,1.0,0.0,abstract,A,self_interest,True,indefinite,,0.5,unknown,7,defect,,0.5,,,,,,985b8e4f20d01d7bb54a6b2f,ok,0.52,0.54,0.545,True,0.04,0.2976,2.9946e-05
horizon-001552,horizon,prisoners_dilemma,5.0,3.0,1.0,0.0,abstract,B,self_interest,False,indefinite,,0.5,unknown,0,defect,,0.5,,,,,,5b7d0d5e63a8fffbbc40212c,ok,0.61,0.52,0.5275,True,0.22,0.2382,2.9946e-05
horizon-001553,horizon,prisoners_dilemma,5.0,3.0,1.0,0.0,abstract,B,self_interest,False,indefinite,,0.5,unknown,1,defect,,0.5,,,,,,d2a045c6540da97f7ed1aff2,ok,0.61,0.51,0.56,True,0.23,0.3459,2.9946e-05
horizon-001554,horizon,prisoners_dilemma,5.0,3.0,1.0,0.0,abstract,B,self_interest,False,indefinite,,0.5,unknown,2,defect,,0.5,,,,,,d53ba086c5d466c4a36e8150,ok,0.65,0.54,0.55,True,0.3,0.2781,2.9946e-05
horizon-001555,horizon,prisoners_dilemma,5.0,3.0,1.0,0.0,abstract,B,self_interest,False,indefinite,,0.5,unknown,3,defect,,0.5,,,,,,0826fc869ecc7851699fbe26,ok,0.6,0.53,0.53,True,0.19,0.2419,2.9946e-05
horizon-001556,horizon,prisoners_dilemma,5.0,3.0,1.0,0.0,abstract,B,self_interest,False,indefinite,,0.5,unknown,4,defect,,0.5,,,,,,34bfb958988285db947881ad,ok,0.59,0.54,0.56,True,0.18,0.2816,2.9946e-05
horizon-001557,horizon,prisoners_dilemma,5.0,3.0,1.0,0.0,abstract,B,self_interest,False,indefinite,,0.5,unknown,5,defect,,0.5,,,,,,cec3d9816b711462ff7a15f1,ok,0.6,0.53,0.5375,True,0.21,0.253,2.9946e-05
horizon-001558,horizon,prisoners_dilemma,5.0,3.0,1.0,0.0,abstract,B,self_interest,False,indefinite,,0.5,unknown,6,defect,,0.5,,,,,,d08b926bd8cb95956dcf60c4,ok,0.62,0.52,0.55,True,0.24,0.2739,2.9946e-05
horizon-001559,horizon,prisoners_dilemma,5.0,3.0,1.0,0.0,abstract,B,self_interest,False,indefinite,,0.5,unknown,7,defect,,0.5,,,,,,c10b799aea4b901cfb9d9740,ok,0.58,0.51,0.525,True,0.16,0.241,2.9946e-05
horizon-001560,horizon,prisoners_dilemma,5.0,3.0,1.0,0.0,abstract,A,self_interest,True,indefinite,,0.5,tit_for_tat,0,defect,,0.5,,,,,,27a66b18cdb1f7de15c4d124,ok,0.5,0.56,0.4825,False,0.01,0.2968,3.2256e-05
horizon-001561,horizon,prisoners_dilemma,5.0,3.0,1.0,0.0,abstract,A,self_interest,True,indefinite,,0.5,tit_for_tat,1,defect,,0.5,,,,,,ef097e7c9724f23d07809212,ok,0.59,0.59,0.51,True,0.17,0.275,3.2256e-05
horizon-001562,horizon,prisoners_dilemma,5.0,3.0,1.0,0.0,abstract,A,self_interest,True,indefinite,,0.5,tit_for_tat,2,defect,,0.5,,,,,,dbd745d8ddeff1ca7aca80de,ok,0.52,0.57,0.5225,True,0.05,0.2694,3.2256e-05
horizon-001563,horizon,prisoners_dilemma,5.0,3.0,1.0,0.0,abstract,A,self_interest,True,indefinite,,0.5,tit_for_tat,3,defect,,0.5,,,,,,8019d5b088e7c5813f600eb6,ok,0.51,0.59,0.5,True,0.03,0.3033,3.2256e-05
horizon-001564,horizon,prisoners_dilemma,5.0,3.0,1.0,0.0,abstract,A,self_interest,True,indefinite,,0.5,tit_for_tat,4,defect,,0.5,,,,,,391ea583447027c0a336ff98,ok,0.47,0.56,0.4925,False,0.05,0.2624,3.2256e-05
horizon-001565,horizon,prisoners_dilemma,5.0,3.0,1.0,0.0,abstract,A,self_interest,True,indefinite,,0.5,tit_for_tat,5,defect,,0.5,,,,,,a240bd1fad67044ac82348b0,ok,0.47,0.57,0.495,False,0.05,0.243,3.2256e-05
horizon-001566,horizon,prisoners_dilemma,5.0,3.0,1.0,0.0,abstract,A,self_interest,True,indefinite,,0.5,tit_for_tat,6,defect,,0.5,,,,,,0b3b89e11793154649008f17,ok,0.49,0.57,0.455,False,0.03,0.2629,3.2256e-05
horizon-001567,horizon,prisoners_dilemma,5.0,3.0,1.0,0.0,abstract,A,self_interest,True,indefinite,,0.5,tit_for_tat,7,defect,,0.5,,,,,,06cc247e205d59af2f67a8e9,ok,0.51,0.59,0.4925,True,0.02,0.2728,3.2256e-05
horizon-001568,horizon,prisoners_dilemma,5.0,3.0,1.0,0.0,abstract,B,self_interest,False,indefinite,,0.5,tit_for_tat,0,defect,,0.5,,,,,,fa45f547c68f41d33e7b8527,ok,0.54,0.53,0.5125,True,0.08,0.2582,3.2256e-05
horizon-001569,horizon,prisoners_dilemma,5.0,3.0,1.0,0.0,abstract,B,self_interest,False,indefinite,,0.5,tit_for_tat,1,defect,,0.5,,,,,,d0af7368da0c2beeeaa12bfb,ok,0.56,0.57,0.4725,True,0.12,0.2521,3.2256e-05
horizon-001570,horizon,prisoners_dilemma,5.0,3.0,1.0,0.0,abstract,B,self_interest,False,indefinite,,0.5,tit_for_tat,2,defect,,0.5,,,,,,7ff54e12d3554e2ca1030831,ok,0.57,0.51,0.47,True,0.13,0.2404,3.2256e-05
horizon-001571,horizon,prisoners_dilemma,5.0,3.0,1.0,0.0,abstract,B,self_interest,False,indefinite,,0.5,tit_for_tat,3,defect,,0.5,,,,,,c28a99fc1b6256091a918ead,ok,0.52,0.52,0.52,True,0.04,0.2616,3.2256e-05
horizon-001572,horizon,prisoners_dilemma,5.0,3.0,1.0,0.0,abstract,B,self_interest,False,indefinite,,0.5,tit_for_tat,4,defect,,0.5,,,,,,6ebedfac1cefe825fff42379,ok,0.57,0.53,0.4975,True,0.13,0.2676,3.2256e-05
horizon-001573,horizon,prisoners_dilemma,5.0,3.0,1.0,0.0,abstract,B,self_interest,False,indefinite,,0.5,tit_for_tat,5,defect,,0.5,,,,,,2c8cd342b336b1309cc6f409,ok,0.5,0.54,0.4625,False,0.0,0.2433,3.2256e-05
horizon-001574,horizon,prisoners_dilemma,5.0,3.0,1.0,0.0,abstract,B,self_interest,False,indefinite,,0.5,tit_for_tat,6,defect,,0.5,,,,,,8a4d5f3f729c9f63dbd4ffad,ok,0.54,0.55,0.51,True,0.08,0.2523,3.2256e-05
horizon-001575,horizon,prisoners_dilemma,5.0,3.0,1.0,0.0,abstract,B,self_interest,False,indefinite,,0.5,tit_for_tat,7,defect,,0.5,,,,,,8b8a19169250ae29f18d26b0,ok,0.55,0.55,0.535,True,0.09,0.2798,3.2256e-05
horizon-001576,horizon,prisoners_dilemma,5.0,3.0,1.0,0.0,abstract,A,self_interest,True,indefinite,,0.9,unknown,0,defect,,0.5,,,,,,2ba3a875c8a53cb68844f768,ok,0.68,0.61,0.5975,True,0.36,0.2439,2.9946e-05
horizon-001577,horizon,prisoners_dilemma,5.0,3.0,1.0,0.0,abstract,A,self_interest,True,indefinite,,0.9,unknown,1,defect,,0.5,,,,,,7884d8f2d05da244b0611bdf,ok,0.6,0.56,0.585,True,0.2,0.2573,2.9946e-05
horizon-001578,horizon,prisoners_dilemma,5.0,3.0,1.0,0.0,abstract,A,self_interest,True,indefinite,,0.9,unknown,2,defect,,0.5,,,,,,aca68619bb746f08205b2c6d,ok,0.63,0.58,0.595,True,0.26,0.2873,2.9946e-05
horizon-001579,horizon,prisoners_dilemma,5.0,3.0,1.0,0.0,abstract,A,self_interest,True,indefinite,,0.9,unknown,3,defect,,0.5,,,,,,413e3fd7b174f44d9c022b65,ok,0.55,0.54,0.5625,True,0.1,0.2478,2.9946e-05
horizon-001580,horizon,prisoners_dilemma,5.0,3.0,1.0,0.0,abstract,A,self_interest,True,indefinite,,0.9,unknown,4,defect,,0.5,,,,,,7546722f58ba2b0fa6592430,ok,0.59,0.59,0.5875,True,0.17,0.2584,2.9946e-05
horizon-001581,horizon,prisoners_dilemma,5.0,3.0,1.0,0.0,abstract,A,self_interest,True,indefinite,,0.9,unknown,5,defect,,0.5,,,,,,d1e308298c504a405dc29add,ok,0.65,0.59,0.6075,True,0.3,0.2845,2.9946e-05
horizon-001582,horizon,prisoners_dilemma,5.0,3.0,1.0,0.0,abstract,A,self_interest,True,indefinite,,0.9,unknown,6,defect,,0.5,,,,,,5e43f25cb93db4ecb32aeee8,ok,0.59,0.56,0.57,True,0.18,0.2372,2.9946e-05
horizon-001583,horizon,prisoners_dilemma,5.0,3.0,1.0,0.0,abstract,A,self_interest,True,indefinite,,0.9,unknown,7,defect,,0.5,,,,,,d4bcc3c2c24691b317370760,ok,0.63,0.58,0.59,True,0.25,0.2491,2.9946e-05
horizon-001584,horizon,prisoners_dilemma,5.0,3.0,1.0,0.0,abstract,B,self_interest,False,indefinite,,0.9,unknown,0,defect,,0.5,,,,,,6faff75f972b2192dc3b87d4,ok,0.63,0.53,0.585,True,0.26,0.2416,2.9946e-05
horizon-001585,horizon,prisoners_dilemma,5.0,3.0,1.0,0.0,abstract,B,self_interest,False,indefinite,,0.9,unknown,1,defect,,0.5,,,,,,06caaf1bd3544eb12a33799e,ok,0.65,0.55,0.595,True,0.3,0.2908,2.9946e-05
horizon-001586,horizon,prisoners_dilemma,5.0,3.0,1.0,0.0,abstract,B,self_interest,False,indefinite,,0.9,unknown,2,defect,,0.5,,,,,,d62ad68b210e79e794a162dd,ok,0.64,0.53,0.565,True,0.28,0.241,2.9946e-05
horizon-001587,horizon,prisoners_dilemma,5.0,3.0,1.0,0.0,abstract,B,self_interest,False,indefinite,,0.9,unknown,3,defect,,0.5,,,,,,42ffe5f782f3eb74c561874b,ok,0.63,0.52,0.59,True,0.27,0.2315,2.9946e-05
horizon-001588,horizon,prisoners_dilemma,5.0,3.0,1.0,0.0,abstract,B,self_interest,False,indefinite,,0.9,unknown,4,defect,,0.5,,,,,,dfb173189c434e071883d18d,ok,0.61,0.52,0.5625,True,0.23,0.2677,2.9946e-05
horizon-001589,horizon,prisoners_dilemma,5.0,3.0,1.0,0.0,abstract,B,self_interest,False,indefinite,,0.9,unknown,5,defect,,0.5,,,,,,7a6e60f357dd9348ae615207,ok,0.64,0.52,0.555,True,0.29,0.2862,2.9946e-05
horizon-001590,horizon,prisoners_dilemma,5.0,3.0,1.0,0.0,abstract,B,self_interest,False,indefinite,,0.9,unknown,6,defect,,0.5,,,,,,01ebe22acfa6292fea2bfa9f,ok,0.62,0.51,0.55,True,0.23,0.2283,2.9946e-05
horizon-001591,horizon,prisoners_dilemma,5.0,3.0,1.0,0.0,abstract,B,self_interest,False,indefinite,,0.9,unknown,7,defect,,0.5,,,,,,4e4c252fb941c6620cb49c7f,ok,0.65,0.55,0.58,True,0.3,0.2541,2.9946e-05
horizon-001592,horizon,prisoners_dilemma,5.0,3.0,1.0,0.0,abstract,A,self_interest,True,indefinite,,0.9,tit_for_tat,0,defect,cooperate,0.5,,,,,,012d72df54e0ebf5d54601aa,ok,0.49,0.57,0.4725,False,0.02,0.2621,3.2256e-05
horizon-001593,horizon,prisoners_dilemma,5.0,3.0,1.0,0.0,abstract,A,self_interest,True,indefinite,,0.9,tit_for_tat,1,defect,cooperate,0.5,,,,,,f13f5ff1da1e4100a12ef047,ok,0.45,0.53,0.465,False,0.11,0.2791,3.2256e-05
horizon-001594,horizon,prisoners_dilemma,5.0,3.0,1.0,0.0,abstract,A,self_interest,True,indefinite,,0.9,tit_for_tat,2,defect,cooperate,0.5,,,,,,b8211e1e16b7f2709c85ef16,ok,0.5,0.56,0.46,False,0.01,0.2712,3.2256e-05
horizon-001595,horizon,prisoners_dilemma,5.0,3.0,1.0,0.0,abstract,A,self_interest,True,indefinite,,0.9,tit_for_tat,3,defect,cooperate,0.5,,,,,,240fcbc7226344af1d0750f1,ok,0.55,0.58,0.5275,True,0.1,0.2576,3.2256e-05
horizon-001596,horizon,prisoners_dilemma,5.0,3.0,1.0,0.0,abstract,A,self_interest,True,indefinite,,0.9,tit_for_tat,4,defect,cooperate,0.5,,,,,,fd5fb80d2ea9710e4ea74c93,ok,0.51,0.57,0.465,True,0.01,0.2982,3.2256e-05
horizon-001597,horizon,prisoners_dilemma,5.0,3.0,1.0,0.0,abstract,A,self_interest,True,indefinite,,0.9,tit_for_tat,5,defect,cooperate,0.5,,,,,,7c388249c69d73288ac239b3,ok,0.55,0.59,0.525,True,0.11,0.238,3.2256e-05
horizon-001598,horizon,prisoners_dilemma,5.0,3.0,1.0,0.0,abstract,A,self_interest,True,indefinite,,0.9,tit_for_tat,6,defect,cooperate,0.5,,,,,,d22173cbb719284c33860b1a,ok,0.51,0.58,0.47,True,0.02,0.286,3.2256e-05
horizon-001599,horizon,prisoners_dilemma,5.0,3.0,1.0,0.0,abstract,A,self_interest,True,indefinite,,0.9,tit_for_tat,7,defect,cooperate,0.5,,,,,,cb743a2da6c7ab88ceb8ae14,ok,0.54,0.59,0.4975,True,0.07,0.295,3.2256e-05
horizon-001600,horizon,prisoners_dilemma,5.0,3.0,1.0,0.0,abstract,B,self_interest,False,indefinite,,0.9,tit_for_tat,0,defect,cooperate,0.5,,,,,,7b1091841aa57004b864a685,ok,0.56,0.53,0.55,True,0.13,0.2368,3.2256e-05
horizon-001601,horizon,prisoners_dilemma,5.0,3.0,1.0,0.0,abstract,B,self_interest,False,indefinite,,0.9,tit_for_tat,1,defect,cooperate,0.5,,,,,,08a3e4c09fb67173e4078942,ok,0.52,0.53,0.5475,True,0.05,0.2668,3.2256e-05
horizon-001602,horizon,prisoners_dilemma,5.0,3.0,1.0,0.0,abstract,B,self_interest,False,indefinite,,0.9,tit_for_tat,2,defect,cooperate,0.5,,,,,,da3efb49fb40df2fc6f84039,ok,0.55,0.52,0.5225,True,0.1,0.2543,3.2256e-05
horizon-001603,horizon,prisoners_dilemma,5.0,3.0,1.0,0.0,abstract,B,self_interest,False,indefinite,,0.9,tit_for_tat,3,defect,cooperate,0.5,,,,,,5c19bac010f705321bce609e,ok,0.5,0.51,0.5375,True,0.01,0.2484,3.2256e-05
horizon-001604,horizon,prisoners_dilemma,5.0,3.0,1.0,0.0,abstract,B,self_interest,False,indefinite,,0.9,tit_for_tat,4,defect,cooperate,0.5,,,,,,698d1d6031148120533e73a6,ok,0.5,0.49,0.5075,False,0.0,0.277,3.2256e-05
horizon-001605,horizon,prisoners_dilemma,5.0,3.0,1.0,0.0,abstract,B,self_interest,False,indefinite,,0.9,tit_for_tat,5,defect,cooperate,0.5,,,,,,319727779a137febdc69efc8,ok,0.51,0.51,0.51,True,0.02,0.2851,3.2256e-05
horizon-001606,horizon,prisoners_dilemma,5.0,3.0,1.0,0.0,abstract,B,self_interest,False,indefinite,,0.9,tit_for_tat,6,defect,cooperate,0.5,,,,,,faed1be3fd458e89404e0a32,ok,0.54,0.43,0.5575,True,0.07,0.243,3.2256e-05
horizon-001607,horizon,prisoners_dilemma,5.0,3.0,1.0,0.0,abstract,B,self_interest,False,indefinite,,0.9,tit_for_tat,7,defect,cooperate,0.5,,,,,,8b0c1537271399f2252aa184,ok,0.54,0.48,0.52,True,0.08,0.3187,3.2256e-05
opponent-001608,opponent,prisoners_dilemma,5.0,3.0,1.0,0.0,abstract,A,self_interest,True,one_shot,,,unknown,0,defect,defect,0.5,,,,,,7a17d2728e09cb50d6ae5854,ok,0.24,0.41,0.4725,False,0.51,1.4242,2.772e-05
opponent-001609,opponent,prisoners_dilemma,5.0,3.0,1.0,0.0,abstract,A,self_interest,True,one_shot,,,unknown,1,defect,defect,0.5,,,,,,f6384005b5c5591efee4d2b0,ok,0.25,0.42,0.4775,False,0.49,1.2793,2.772e-05
opponent-001610,opponent,prisoners_dilemma,5.0,3.0,1.0,0.0,abstract,A,self_interest,True,one_shot,,,unknown,2,defect,defect,0.5,,,,,,b9fb19b71774ad09763f0c83,ok,0.26,0.43,0.505,False,0.47,1.2466,2.772e-05
opponent-001611,opponent,prisoners_dilemma,5.0,3.0,1.0,0.0,abstract,A,self_interest,True,one_shot,,,unknown,3,defect,defect,0.5,,,,,,5cde0e2ff55b5c19867770c9,ok,0.2,0.4,0.4725,False,0.6,0.8764,2.772e-05
opponent-001612,opponent,prisoners_dilemma,5.0,3.0,1.0,0.0,abstract,A,self_interest,True,one_shot,,,unknown,4,defect,defect,0.5,,,,,,e72022036bb7796a91129b8a,ok,0.23,0.41,0.47,False,0.54,1.083,2.772e-05
opponent-001613,opponent,prisoners_dilemma,5.0,3.0,1.0,0.0,abstract,A,self_interest,True,one_shot,,,unknown,5,defect,defect,0.5,,,,,,092d5d47e305302b1f8f7bbc,ok,0.24,0.41,0.4875,False,0.52,0.7365,2.772e-05
opponent-001614,opponent,prisoners_dilemma,5.0,3.0,1.0,0.0,abstract,A,self_interest,True,one_shot,,,unknown,6,defect,defect,0.5,,,,,,519c97351b22600a2d9bb902,ok,0.21,0.4,0.47,False,0.58,1.1237,2.772e-05
opponent-001615,opponent,prisoners_dilemma,5.0,3.0,1.0,0.0,abstract,A,self_interest,True,one_shot,,,unknown,7,defect,defect,0.5,,,,,,c571cda09531bd80d68e4497,ok,0.24,0.42,0.4725,False,0.51,1.0503,2.772e-05
opponent-001616,opponent,prisoners_dilemma,5.0,3.0,1.0,0.0,abstract,B,self_interest,False,one_shot,,,unknown,0,defect,defect,0.5,,,,,,287fc6dc56aa84c3e3252e33,ok,0.25,0.38,0.4825,False,0.51,1.1067,2.772e-05
opponent-001617,opponent,prisoners_dilemma,5.0,3.0,1.0,0.0,abstract,B,self_interest,False,one_shot,,,unknown,1,defect,defect,0.5,,,,,,2d8ad40ad9baa9a50bb07164,ok,0.26,0.37,0.4875,False,0.48,1.0518,2.772e-05
opponent-001618,opponent,prisoners_dilemma,5.0,3.0,1.0,0.0,abstract,B,self_interest,False,one_shot,,,unknown,2,defect,defect,0.5,,,,,,514523fd563db22d66266fd8,ok,0.25,0.37,0.4575,False,0.5,0.2667,2.772e-05
opponent-001619,opponent,prisoners_dilemma,5.0,3.0,1.0,0.0,abstract,B,self_interest,False,one_shot,,,unknown,3,defect,defect,0.5,,,,,,074da90500855a95c2da12ba,ok,0.25,0.39,0.465,False,0.51,0.2404,2.772e-05
opponent-001620,opponent,prisoners_dilemma,5.0,3.0,1.0,0.0,abstract,B,self_interest,False,one_shot,,,unknown,4,defect,defect,0.5,,,,,,f5344190bbe567448320e523,ok,0.24,0.37,0.47,False,0.52,0.2839,2.772e-05
opponent-001621,opponent,prisoners_dilemma,5.0,3.0,1.0,0.0,abstract,B,self_interest,False,one_shot,,,unknown,5,defect,defect,0.5,,,,,,1302aa190b3629bbc6b34c04,ok,0.22,0.36,0.455,False,0.56,0.2461,2.772e-05
opponent-001622,opponent,prisoners_dilemma,5.0,3.0,1.0,0.0,abstract,B,self_interest,False,one_shot,,,unknown,6,defect,defect,0.5,,,,,,85abbcda3fdd1d0bcb91fa4e,ok,0.25,0.36,0.4675,False,0.49,0.2244,2.772e-05
opponent-001623,opponent,prisoners_dilemma,5.0,3.0,1.0,0.0,abstract,B,self_interest,False,one_shot,,,unknown,7,defect,defect,0.5,,,,,,5b6c7d453c774efa57e44ea2,ok,0.23,0.34,0.4525,False,0.55,0.2435,2.772e-05
opponent-001624,opponent,prisoners_dilemma,5.0,3.0,1.0,0.0,abstract,A,self_interest,True,indefinite,,0.9,unknown,0,defect,,0.5,,,,,,2ba3a875c8a53cb68844f768,ok,0.68,0.61,0.5975,True,0.36,0.2439,2.9946e-05
opponent-001625,opponent,prisoners_dilemma,5.0,3.0,1.0,0.0,abstract,A,self_interest,True,indefinite,,0.9,unknown,1,defect,,0.5,,,,,,7884d8f2d05da244b0611bdf,ok,0.6,0.56,0.585,True,0.2,0.2573,2.9946e-05
opponent-001626,opponent,prisoners_dilemma,5.0,3.0,1.0,0.0,abstract,A,self_interest,True,indefinite,,0.9,unknown,2,defect,,0.5,,,,,,aca68619bb746f08205b2c6d,ok,0.63,0.58,0.595,True,0.26,0.2873,2.9946e-05
opponent-001627,opponent,prisoners_dilemma,5.0,3.0,1.0,0.0,abstract,A,self_interest,True,indefinite,,0.9,unknown,3,defect,,0.5,,,,,,413e3fd7b174f44d9c022b65,ok,0.55,0.54,0.5625,True,0.1,0.2478,2.9946e-05
opponent-001628,opponent,prisoners_dilemma,5.0,3.0,1.0,0.0,abstract,A,self_interest,True,indefinite,,0.9,unknown,4,defect,,0.5,,,,,,7546722f58ba2b0fa6592430,ok,0.59,0.59,0.5875,True,0.17,0.2584,2.9946e-05
opponent-001629,opponent,prisoners_dilemma,5.0,3.0,1.0,0.0,abstract,A,self_interest,True,indefinite,,0.9,unknown,5,defect,,0.5,,,,,,d1e308298c504a405dc29add,ok,0.65,0.59,0.6075,True,0.3,0.2845,2.9946e-05
opponent-001630,opponent,prisoners_dilemma,5.0,3.0,1.0,0.0,abstract,A,self_interest,True,indefinite,,0.9,unknown,6,defect,,0.5,,,,,,5e43f25cb93db4ecb32aeee8,ok,0.59,0.56,0.57,True,0.18,0.2372,2.9946e-05
opponent-001631,opponent,prisoners_dilemma,5.0,3.0,1.0,0.0,abstract,A,self_interest,True,indefinite,,0.9,unknown,7,defect,,0.5,,,,,,d4bcc3c2c24691b317370760,ok,0.63,0.58,0.59,True,0.25,0.2491,2.9946e-05
opponent-001632,opponent,prisoners_dilemma,5.0,3.0,1.0,0.0,abstract,B,self_interest,False,indefinite,,0.9,unknown,0,defect,,0.5,,,,,,6faff75f972b2192dc3b87d4,ok,0.63,0.53,0.585,True,0.26,0.2416,2.9946e-05
opponent-001633,opponent,prisoners_dilemma,5.0,3.0,1.0,0.0,abstract,B,self_interest,False,indefinite,,0.9,unknown,1,defect,,0.5,,,,,,06caaf1bd3544eb12a33799e,ok,0.65,0.55,0.595,True,0.3,0.2908,2.9946e-05
opponent-001634,opponent,prisoners_dilemma,5.0,3.0,1.0,0.0,abstract,B,self_interest,False,indefinite,,0.9,unknown,2,defect,,0.5,,,,,,d62ad68b210e79e794a162dd,ok,0.64,0.53,0.565,True,0.28,0.241,2.9946e-05
opponent-001635,opponent,prisoners_dilemma,5.0,3.0,1.0,0.0,abstract,B,self_interest,False,indefinite,,0.9,unknown,3,defect,,0.5,,,,,,42ffe5f782f3eb74c561874b,ok,0.63,0.52,0.59,True,0.27,0.2315,2.9946e-05
opponent-001636,opponent,prisoners_dilemma,5.0,3.0,1.0,0.0,abstract,B,self_interest,False,indefinite,,0.9,unknown,4,defect,,0.5,,,,,,dfb173189c434e071883d18d,ok,0.61,0.52,0.5625,True,0.23,0.2677,2.9946e-05
opponent-001637,opponent,prisoners_dilemma,5.0,3.0,1.0,0.0,abstract,B,self_interest,False,indefinite,,0.9,unknown,5,defect,,0.5,,,,,,7a6e60f357dd9348ae615207,ok,0.64,0.52,0.555,True,0.29,0.2862,2.9946e-05
opponent-001638,opponent,prisoners_dilemma,5.0,3.0,1.0,0.0,abstract,B,self_interest,False,indefinite,,0.9,unknown,6,defect,,0.5,,,,,,01ebe22acfa6292fea2bfa9f,ok,0.62,0.51,0.55,True,0.23,0.2283,2.9946e-05
opponent-001639,opponent,prisoners_dilemma,5.0,3.0,1.0,0.0,abstract,B,self_interest,False,indefinite,,0.9,unknown,7,defect,,0.5,,,,,,4e4c252fb941c6620cb49c7f,ok,0.65,0.55,0.58,True,0.3,0.2541,2.9946e-05
opponent-001640,opponent,prisoners_dilemma,5.0,3.0,1.0,0.0,abstract,A,self_interest,True,one_shot,,,always_cooperate,0,defect,defect,0.5,,,,,,611fb04ddedb5efcd4974ed6,ok,0.01,0.2,0.055,False,0.97,0.2442,2.9526e-05
opponent-001641,opponent,prisoners_dilemma,5.0,3.0,1.0,0.0,abstract,A,self_interest,True,one_shot,,,always_cooperate,1,defect,defect,0.5,,,,,,d7ccd822788a1f9a8172875f,ok,0.01,0.16,0.0575,False,0.98,0.2666,2.9526e-05
opponent-001642,opponent,prisoners_dilemma,5.0,3.0,1.0,0.0,abstract,A,self_interest,True,one_shot,,,always_cooperate,2,defect,defect,0.5,,,,,,7d48e4226b4c76bc18e5f84e,ok,0.02,0.2,0.0875,False,0.96,0.3894,2.9526e-05
opponent-001643,opponent,prisoners_dilemma,5.0,3.0,1.0,0.0,abstract,A,self_interest,True,one_shot,,,always_cooperate,3,defect,defect,0.5,,,,,,d0e0cacb27f10f6e44af53ee,ok,0.02,0.2,0.06,False,0.95,0.2256,2.9526e-05
opponent-001644,opponent,prisoners_dilemma,5.0,3.0,1.0,0.0,abstract,A,self_interest,True,one_shot,,,always_cooperate,4,defect,defect,0.5,,,,,,3a1c2ef17983b4813f2bf502,ok,0.01,0.16,0.0525,False,0.98,0.2614,2.9526e-05
opponent-001645,opponent,prisoners_dilemma,5.0,3.0,1.0,0.0,abstract,A,self_interest,True,one_shot,,,always_cooperate,5,defect,defect,0.5,,,,,,2999982989ef1571e5dce1b9,ok,0.01,0.2,0.04,False,0.97,0.3113,2.9526e-05
opponent-001646,opponent,prisoners_dilemma,5.0,3.0,1.0,0.0,abstract,A,self_interest,True,one_shot,,,always_cooperate,6,defect,defect,0.5,,,,,,3cc4720efe58187634516f2a,ok,0.02,0.16,0.065,False,0.97,0.2824,2.9526e-05
opponent-001647,opponent,prisoners_dilemma,5.0,3.0,1.0,0.0,abstract,A,self_interest,True,one_shot,,,always_cooperate,7,defect,defect,0.5,,,,,,38eece52d6f5e0556cfab9b1,ok,0.01,0.2,0.0575,False,0.98,0.2468,2.9526e-05
opponent-001648,opponent,prisoners_dilemma,5.0,3.0,1.0,0.0,abstract,B,self_interest,False,one_shot,,,always_cooperate,0,defect,defect,0.5,,,,,,267f0244b6c3a23ecdc79871,ok,0.03,0.19,0.0775,False,0.94,0.2528,2.9526e-05
opponent-001649,opponent,prisoners_dilemma,5.0,3.0,1.0,0.0,abstract,B,self_interest,False,one_shot,,,always_cooperate,1,defect,defect,0.5,,,,,,7f64551a5e8be92380a8f94d,ok,0.07,0.2,0.1225,False,0.86,0.2534,2.9526e-05
opponent-001650,opponent,prisoners_dilemma,5.0,3.0,1.0,0.0,abstract,B,self_interest,False,one_shot,,,always_cooperate,2,defect,defect,0.5,,,,,,7acc2e7428a3ee3b3fb618c6,ok,0.04,0.18,0.115,False,0.93,0.2648,2.9526e-05
opponent-001651,opponent,prisoners_dilemma,5.0,3.0,1.0,0.0,abstract,B,self_interest,False,one_shot,,,always_cooperate,3,defect,defect,0.5,,,,,,a7e7050b30b387682a1d3d8b,ok,0.02,0.17,0.1225,False,0.95,0.2498,2.9526e-05
opponent-001652,opponent,prisoners_dilemma,5.0,3.0,1.0,0.0,abstract,B,self_interest,False,one_shot,,,always_cooperate,4,defect,defect,0.5,,,,,,e1f63c484bdb8d622b10d5df,ok,0.05,0.19,0.11,False,0.9,0.2915,2.9526e-05
opponent-001653,opponent,prisoners_dilemma,5.0,3.0,1.0,0.0,abstract,B,self_interest,False,one_shot,,,always_cooperate,5,defect,defect,0.5,,,,,,842aada3839c8ff0b3ddd3c0,ok,0.04,0.17,0.1075,False,0.92,0.288,2.9526e-05
opponent-001654,opponent,prisoners_dilemma,5.0,3.0,1.0,0.0,abstract,B,self_interest,False,one_shot,,,always_cooperate,6,defect,defect,0.5,,,,,,419ee40d58b2df7f083271cf,ok,0.07,0.29,0.155,False,0.86,0.2604,2.9526e-05
opponent-001655,opponent,prisoners_dilemma,5.0,3.0,1.0,0.0,abstract,B,self_interest,False,one_shot,,,always_cooperate,7,defect,defect,0.5,,,,,,2ee883430a5d6095a2dc05ce,ok,0.03,0.14,0.08,False,0.93,0.2375,2.9526e-05
opponent-001656,opponent,prisoners_dilemma,5.0,3.0,1.0,0.0,abstract,A,self_interest,True,indefinite,,0.9,always_cooperate,0,defect,defect,0.5,,,,,,be7f223f7ee721c72e41cfc2,ok,0.03,0.12,0.0525,False,0.93,0.2734,3.1752e-05
opponent-001657,opponent,prisoners_dilemma,5.0,3.0,1.0,0.0,abstract,A,self_interest,True,indefinite,,0.9,always_cooperate,1,defect,defect,0.5,,,,,,c40113b4d9ec6218ab98dccb,ok,0.02,0.1,0.05,False,0.96,0.2928,3.1752e-05
opponent-001658,opponent,prisoners_dilemma,5.0,3.0,1.0,0.0,abstract,A,self_interest,True,indefinite,,0.9,always_cooperate,2,defect,defect,0.5,,,,,,ca5508e1c751082f408378e6,ok,0.01,0.07,0.0475,False,0.97,0.2382,3.1752e-05
opponent-001659,opponent,prisoners_dilemma,5.0,3.0,1.0,0.0,abstract,A,self_interest,True,indefinite,,0.9,always_cooperate,3,defect,defect,0.5,,,,,,43ab5c0078db5bab47b8b37e,ok,0.01,0.09,0.065,False,0.97,0.2358,3.1752e-05
opponent-001660,opponent,prisoners_dilemma,5.0,3.0,1.0,0.0,abstract,A,self_interest,True,indefinite,,0.9,always_cooperate,4,defect,defect,0.5,,,,,,d1865ab9f04cc67842ead682,ok,0.02,0.08,0.055,False,0.96,0.2461,3.1752e-05
opponent-001661,opponent,prisoners_dilemma,5.0,3.0,1.0,0.0,abstract,A,self_interest,True,indefinite,,0.9,always_cooperate,5,defect,defect,0.5,,,,,,2ecf1d148e2a3e9e713e809a,ok,0.02,0.08,0.045,False,0.96,0.2378,3.1752e-05
opponent-001662,opponent,prisoners_dilemma,5.0,3.0,1.0,0.0,abstract,A,self_interest,True,indefinite,,0.9,always_cooperate,6,defect,defect,0.5,,,,,,620a54f944e38bb79803dd60,ok,0.02,0.09,0.0525,False,0.96,0.3113,3.1752e-05
opponent-001663,opponent,prisoners_dilemma,5.0,3.0,1.0,0.0,abstract,A,self_interest,True,indefinite,,0.9,always_cooperate,7,defect,defect,0.5,,,,,,5850c867977c851dde3a393a,ok,0.03,0.09,0.0475,False,0.95,0.2608,3.1752e-05
opponent-001664,opponent,prisoners_dilemma,5.0,3.0,1.0,0.0,abstract,B,self_interest,False,indefinite,,0.9,always_cooperate,0,defect,defect,0.5,,,,,,9430951a9015cc675be8595c,ok,0.05,0.15,0.0825,False,0.91,0.2625,3.1752e-05
opponent-001665,opponent,prisoners_dilemma,5.0,3.0,1.0,0.0,abstract,B,self_interest,False,indefinite,,0.9,always_cooperate,1,defect,defect,0.5,,,,,,2df3ad0326aa9866e4299814,ok,0.06,0.17,0.1025,False,0.89,0.2552,3.1752e-05
opponent-001666,opponent,prisoners_dilemma,5.0,3.0,1.0,0.0,abstract,B,self_interest,False,indefinite,,0.9,always_cooperate,2,defect,defect,0.5,,,,,,8174449f25250b21ea546d55,ok,0.06,0.19,0.105,False,0.89,0.2446,3.1752e-05
opponent-001667,opponent,prisoners_dilemma,5.0,3.0,1.0,0.0,abstract,B,self_interest,False,indefinite,,0.9,always_cooperate,3,defect,defect,0.5,,,,,,419014259f8e08d86409cc50,ok,0.06,0.23,0.1425,False,0.88,0.2771,3.1752e-05
opponent-001668,opponent,prisoners_dilemma,5.0,3.0,1.0,0.0,abstract,B,self_interest,False,indefinite,,0.9,always_cooperate,4,defect,defect,0.5,,,,,,ad1ff882b49778de746c86ea,ok,0.04,0.16,0.0975,False,0.92,0.2259,3.1752e-05
opponent-001669,opponent,prisoners_dilemma,5.0,3.0,1.0,0.0,abstract,B,self_interest,False,indefinite,,0.9,always_cooperate,5,defect,defect,0.5,,,,,,800c8682e1aba7c44f1724e7,ok,0.05,0.17,0.0725,False,0.91,0.2617,3.1752e-05
opponent-001670,opponent,prisoners_dilemma,5.0,3.0,1.0,0.0,abstract,B,self_interest,False,indefinite,,0.9,always_cooperate,6,defect,defect,0.5,,,,,,c883ce5c4efbf1c72549bd84,ok,0.06,0.15,0.0975,False,0.89,0.2385,3.1752e-05
opponent-001671,opponent,prisoners_dilemma,5.0,3.0,1.0,0.0,abstract,B,self_interest,False,indefinite,,0.9,always_cooperate,7,defect,defect,0.5,,,,,,c1005c1ab8a44753a09fe275,ok,0.05,0.14,0.0775,False,0.89,0.2699,3.1752e-05
opponent-001672,opponent,prisoners_dilemma,5.0,3.0,1.0,0.0,abstract,A,self_interest,True,one_shot,,,always_defect,0,defect,defect,0.5,,,,,,6ea5b44fc22a5beb6526bdeb,ok,0.13,0.14,0.27,False,0.73,0.2462,2.9526e-05
opponent-001673,opponent,prisoners_dilemma,5.0,3.0,1.0,0.0,abstract,A,self_interest,True,one_shot,,,always_defect,1,defect,defect,0.5,,,,,,4d4ca0c9b8f1f874c3bf5b29,ok,0.2,0.15,0.515,False,0.6,0.2905,2.9526e-05
opponent-001674,opponent,prisoners_dilemma,5.0,3.0,1.0,0.0,abstract,A,self_interest,True,one_shot,,,always_defect,2,defect,defect,0.5,,,,,,fdbf0d5f310e4ac44aef80a1,ok,0.15,0.12,0.4375,False,0.7,0.2577,2.9526e-05
opponent-001675,opponent,prisoners_dilemma,5.0,3.0,1.0,0.0,abstract,A,self_interest,True,one_shot,,,always_defect,3,defect,defect,0.5,,,,,,fd95a47ac3f2ed881128e179,ok,0.19,0.18,0.375,False,0.62,0.2999,2.9526e-05
opponent-001676,opponent,prisoners_dilemma,5.0,3.0,1.0,0.0,abstract,A,self_interest,True,one_shot,,,always_defect,4,defect,defect,0.5,,,,,,6191064f8dba9226c2b72e5f,ok,0.14,0.17,0.28,False,0.73,0.2996,2.9526e-05
opponent-001677,opponent,prisoners_dilemma,5.0,3.0,1.0,0.0,abstract,A,self_interest,True,one_shot,,,always_defect,5,defect,defect,0.5,,,,,,0814f45f46bdd54ef4b43d0b,ok,0.21,0.15,0.405,False,0.57,0.2804,2.9526e-05
opponent-001678,opponent,prisoners_dilemma,5.0,3.0,1.0,0.0,abstract,A,self_interest,True,one_shot,,,always_defect,6,defect,defect,0.5,,,,,,e11b10e6e16ecfe14360aa41,ok,0.21,0.18,0.33,False,0.57,0.2388,2.9526e-05
opponent-001679,opponent,prisoners_dilemma,5.0,3.0,1.0,0.0,abstract,A,self_interest,True,one_shot,,,always_defect,7,defect,defect,0.5,,,,,,2620a573f8d53c0627bb7fda,ok,0.16,0.16,0.385,False,0.68,0.2484,2.9526e-05
opponent-001680,opponent,prisoners_dilemma,5.0,3.0,1.0,0.0,abstract,B,self_interest,False,one_shot,,,always_defect,0,defect,defect,0.5,,,,,,650d2b9429f49e1104d3a0ed,ok,0.26,0.17,0.465,False,0.47,0.2785,2.9526e-05
opponent-001681,opponent,prisoners_dilemma,5.0,3.0,1.0,0.0,abstract,B,self_interest,False,one_shot,,,always_defect,1,defect,defect,0.5,,,,,,b28effc879b43bfcc5fd3246,ok,0.25,0.18,0.4775,False,0.51,0.239,2.9526e-05
opponent-001682,opponent,prisoners_dilemma,5.0,3.0,1.0,0.0,abstract,B,self_interest,False,one_shot,,,always_defect,2,defect,defect,0.5,,,,,,8e8a7091dfc8261584ad7acf,ok,0.35,0.15,0.5875,False,0.3,0.2685,2.9526e-05
opponent-001683,opponent,prisoners_dilemma,5.0,3.0,1.0,0.0,abstract,B,self_interest,False,one_shot,,,always_defect,3,defect,defect,0.5,,,,,,26b823253f333aac90e893a9,ok,0.26,0.13,0.535,False,0.47,0.2481,2.9526e-05
opponent-001684,opponent,prisoners_dilemma,5.0,3.0,1.0,0.0,abstract,B,self_interest,False,one_shot,,,always_defect,4,defect,defect,0.5,,,,,,3d99b4df098611d20b7a6734,ok,0.32,0.18,0.635,False,0.37,0.2337,2.9526e-05
opponent-001685,opponent,prisoners_dilemma,5.0,3.0,1.0,0.0,abstract,B,self_interest,False,one_shot,,,always_defect,5,defect,defect,0.5,,,,,,c1ec4bdf3021073f0f5bef92,ok,0.35,0.22,0.735,False,0.29,0.2257,2.9526e-05
opponent-001686,opponent,prisoners_dilemma,5.0,3.0,1.0,0.0,abstract,B,self_interest,False,one_shot,,,always_defect,6,defect,defect,0.5,,,,,,4d2b87fa4426b17396ab7dd0,ok,0.36,0.17,0.655,False,0.29,0.232,2.9526e-05
opponent-001687,opponent,prisoners_dilemma,5.0,3.0,1.0,0.0,abstract,B,self_interest,False,one_shot,,,always_defect,7,defect,defect,0.5,,,,,,65a67b81887fb200a8665684,ok,0.41,0.27,0.635,False,0.18,0.2628,2.9526e-05
opponent-001688,opponent,prisoners_dilemma,5.0,3.0,1.0,0.0,abstract,A,self_interest,True,indefinite,,0.9,always_defect,0,defect,defect,0.5,,,,,,7e6a3da97510101917c2ca89,ok,0.71,0.28,0.6625,True,0.43,0.2707,3.1752e-05
opponent-001689,opponent,prisoners_dilemma,5.0,3.0,1.0,0.0,abstract,A,self_interest,True,indefinite,,0.9,always_defect,1,defect,defect,0.5,,,,,,f91ccb0f75d881b763b21d0e,ok,0.62,0.3,0.6375,True,0.24,0.2304,3.1752e-05
opponent-001690,opponent,prisoners_dilemma,5.0,3.0,1.0,0.0,abstract,A,self_interest,True,indefinite,,0.9,always_defect,2,defect,defect,0.5,,,,,,d9c0bcc61064c8a80f914d29,ok,0.62,0.35,0.6975,True,0.24,0.2393,3.1752e-05
opponent-001691,opponent,prisoners_dilemma,5.0,3.0,1.0,0.0,abstract,A,self_interest,True,indefinite,,0.9,always_defect,3,defect,defect,0.5,,,,,,1371d2b6892dfeddc3868f51,ok,0.75,0.28,0.7375,True,0.5,0.2268,3.1752e-05
opponent-001692,opponent,prisoners_dilemma,5.0,3.0,1.0,0.0,abstract,A,self_interest,True,indefinite,,0.9,always_defect,4,defect,defect,0.5,,,,,,47f31ca3b592f5c3b7d7cf71,ok,0.6,0.35,0.7125,True,0.2,0.2194,3.1752e-05
opponent-001693,opponent,prisoners_dilemma,5.0,3.0,1.0,0.0,abstract,A,self_interest,True,indefinite,,0.9,always_defect,5,defect,defect,0.5,,,,,,3b3e842502469c978cd3bbde,ok,0.71,0.25,0.7525,True,0.41,0.2296,3.1752e-05
opponent-001694,opponent,prisoners_dilemma,5.0,3.0,1.0,0.0,abstract,A,self_interest,True,indefinite,,0.9,always_defect,6,defect,defect,0.5,,,,,,f20ccfdbbde5d9c64a357b7a,ok,0.61,0.24,0.665,True,0.23,0.2492,3.1752e-05
opponent-001695,opponent,prisoners_dilemma,5.0,3.0,1.0,0.0,abstract,A,self_interest,True,indefinite,,0.9,always_defect,7,defect,defect,0.5,,,,,,c72ad4efe831c3fcfa6ca083,ok,0.65,0.29,0.6425,True,0.29,0.2426,3.1752e-05
opponent-001696,opponent,prisoners_dilemma,5.0,3.0,1.0,0.0,abstract,B,self_interest,False,indefinite,,0.9,always_defect,0,defect,defect,0.5,,,,,,e52f32c23106fe65852fe4e6,ok,0.84,0.45,0.82,True,0.68,0.2308,3.1752e-05
opponent-001697,opponent,prisoners_dilemma,5.0,3.0,1.0,0.0,abstract,B,self_interest,False,indefinite,,0.9,always_defect,1,defect,defect,0.5,,,,,,1cee78215b01ea4fd09c0bbb,ok,0.66,0.39,0.8575,True,0.32,0.2471,3.1752e-05
opponent-001698,opponent,prisoners_dilemma,5.0,3.0,1.0,0.0,abstract,B,self_interest,False,indefinite,,0.9,always_defect,2,defect,defect,0.5,,,,,,aa7798debb9aa1a5f0dc1cd3,ok,0.71,0.23,0.8275,True,0.42,0.3436,3.1752e-05
opponent-001699,opponent,prisoners_dilemma,5.0,3.0,1.0,0.0,abstract,B,self_interest,False,indefinite,,0.9,always_defect,3,defect,defect,0.5,,,,,,98e8b2f71aa1556cb39a09e5,ok,0.58,0.42,0.7425,True,0.15,0.2437,3.1752e-05
opponent-001700,opponent,prisoners_dilemma,5.0,3.0,1.0,0.0,abstract,B,self_interest,False,indefinite,,0.9,always_defect,4,defect,defect,0.5,,,,,,0ed1272cf648236243262155,ok,0.83,0.48,0.86,True,0.67,0.3111,3.1752e-05
opponent-001701,opponent,prisoners_dilemma,5.0,3.0,1.0,0.0,abstract,B,self_interest,False,indefinite,,0.9,always_defect,5,defect,defect,0.5,,,,,,e70df33d8527ba179a25ca38,ok,0.79,0.45,0.79,True,0.58,0.2414,3.1752e-05
opponent-001702,opponent,prisoners_dilemma,5.0,3.0,1.0,0.0,abstract,B,self_interest,False,indefinite,,0.9,always_defect,6,defect,defect,0.5,,,,,,414235c646ae8b687d8ad1be,ok,0.84,0.46,0.7525,True,0.67,0.2743,3.1752e-05
opponent-001703,opponent,prisoners_dilemma,5.0,3.0,1.0,0.0,abstract,B,self_interest,False,indefinite,,0.9,always_defect,7,defect,defect,0.5,,,,,,275432bef1c788754185c1ef,ok,0.79,0.37,0.8325,True,0.59,0.2353,3.1752e-05
opponent-001704,opponent,prisoners_dilemma,5.0,3.0,1.0,0.0,abstract,A,self_interest,True,one_shot,,,tit_for_tat,0,defect,defect,0.5,,,,,,4e13c9de33310571e3b87049,ok,0.23,0.52,0.3975,False,0.55,0.3052,3.003e-05
opponent-001705,opponent,prisoners_dilemma,5.0,3.0,1.0,0.0,abstract,A,self_interest,True,one_shot,,,tit_for_tat,1,defect,defect,0.5,,,,,,e84d83346df92d3730373440,ok,0.21,0.46,0.3775,False,0.57,0.2536,3.003e-05
opponent-001706,opponent,prisoners_dilemma,5.0,3.0,1.0,0.0,abstract,A,self_interest,True,one_shot,,,tit_for_tat,2,defect,defect,0.5,,,,,,edce0ef92bd6b17b40bb1fff,ok,0.28,0.5,0.4225,False,0.45,0.2413,3.003e-05
opponent-001707,opponent,prisoners_dilemma,5.0,3.0,1.0,0.0,abstract,A,self_interest,True,one_shot,,,tit_for_tat,3,defect,defect,0.5,,,,,,7c63b85cd38ad19b878c49ba,ok,0.2,0.49,0.3525,False,0.59,0.2408,3.003e-05
opponent-001708,opponent,prisoners_dilemma,5.0,3.0,1.0,0.0,abstract,A,self_interest,True,one_shot,,,tit_for_tat,4,defect,defect,0.5,,,,,,44096f0aa253ba0bb326c303,ok,0.26,0.48,0.32,False,0.48,0.273,3.003e-05
opponent-001709,opponent,prisoners_dilemma,5.0,3.0,1.0,0.0,abstract,A,self_interest,True,one_shot,,,tit_for_tat,5,defect,defect,0.5,,,,,,8cc648a03c59b78883d14a79,ok,0.27,0.51,0.3775,False,0.46,0.2987,3.003e-05
opponent-001710,opponent,prisoners_dilemma,5.0,3.0,1.0,0.0,abstract,A,self_interest,True,one_shot,,,tit_for_tat,6,defect,defect,0.5,,,,,,704b8c6f895b6c9e6a7539ae,ok,0.32,0.53,0.3275,False,0.37,0.2773,3.003e-05
opponent-001711,opponent,prisoners_dilemma,5.0,3.0,1.0,0.0,abstract,A,self_interest,True,one_shot,,,tit_for_tat,7,defect,defect,0.5,,,,,,97647fd42c984a09a211cd84,ok,0.3,0.52,0.4175,False,0.4,0.2552,3.003e-05
opponent-001712,opponent,prisoners_dilemma,5.0,3.0,1.0,0.0,abstract,B,self_interest,False,one_shot,,,tit_for_tat,0,defect,defect,0.5,,,,,,5fbcaa75f6848ff68a8eda26,ok,0.27,0.4,0.3475,False,0.46,0.2331,3.003e-05
opponent-001713,opponent,prisoners_dilemma,5.0,3.0,1.0,0.0,abstract,B,self_interest,False,one_shot,,,tit_for_tat,1,defect,defect,0.5,,,,,,8853d3408efb40a17bdb5d21,ok,0.32,0.4,0.3275,False,0.36,0.2489,3.003e-05
opponent-001714,opponent,prisoners_dilemma,5.0,3.0,1.0,0.0,abstract,B,self_interest,False,one_shot,,,tit_for_tat,2,defect,defect,0.5,,,,,,f7c1c4f3daa056b2013a16c0,ok,0.26,0.39,0.4075,False,0.48,0.2355,3.003e-05
opponent-001715,opponent,prisoners_dilemma,5.0,3.0,1.0,0.0,abstract,B,self_interest,False,one_shot,,,tit_for_tat,3,defect,defect,0.5,,,,,,d900d5a53a35fe4718834ac9,ok,0.29,0.43,0.4,False,0.43,0.2332,3.003e-05
opponent-001716,opponent,prisoners_dilemma,5.0,3.0,1.0,0.0,abstract,B,self_interest,False,one_shot,,,tit_for_tat,4,defect,defect,0.5,,,,,,c53cc53559cfdb31a0297219,ok,0.28,0.44,0.355,False,0.45,0.266,3.003e-05
opponent-001717,opponent,prisoners_dilemma,5.0,3.0,1.0,0.0,abstract,B,self_interest,False,one_shot,,,tit_for_tat,5,defect,defect,0.5,,,,,,dc0f248a4b8f82d12e58a629,ok,0.21,0.41,0.2975,False,0.59,0.2461,3.003e-05
opponent-001718,opponent,prisoners_dilemma,5.0,3.0,1.0,0.0,abstract,B,self_interest,False,one_shot,,,tit_for_tat,6,defect,defect,0.5,,,,,,a63d3eca907f9b431be7e67a,ok,0.26,0.41,0.38,False,0.48,0.2664,3.003e-05
opponent-001719,opponent,prisoners_dilemma,5.0,3.0,1.0,0.0,abstract,B,self_interest,False,one_shot,,,tit_for_tat,7,defect,defect,0.5,,,,,,018e1f2fb312dfc7c2a6bc00,ok,0.24,0.45,0.3475,False,0.51,0.241,3.003e-05
opponent-001720,opponent,prisoners_dilemma,5.0,3.0,1.0,0.0,abstract,A,self_interest,True,indefinite,,0.9,tit_for_tat,0,defect,cooperate,0.5,,,,,,012d72df54e0ebf5d54601aa,ok,0.49,0.57,0.4725,False,0.02,0.2621,3.2256e-05
opponent-001721,opponent,prisoners_dilemma,5.0,3.0,1.0,0.0,abstract,A,self_interest,True,indefinite,,0.9,tit_for_tat,1,defect,cooperate,0.5,,,,,,f13f5ff1da1e4100a12ef047,ok,0.45,0.53,0.465,False,0.11,0.2791,3.2256e-05
opponent-001722,opponent,prisoners_dilemma,5.0,3.0,1.0,0.0,abstract,A,self_interest,True,indefinite,,0.9,tit_for_tat,2,defect,cooperate,0.5,,,,,,b8211e1e16b7f2709c85ef16,ok,0.5,0.56,0.46,False,0.01,0.2712,3.2256e-05
opponent-001723,opponent,prisoners_dilemma,5.0,3.0,1.0,0.0,abstract,A,self_interest,True,indefinite,,0.9,tit_for_tat,3,defect,cooperate,0.5,,,,,,240fcbc7226344af1d0750f1,ok,0.55,0.58,0.5275,True,0.1,0.2576,3.2256e-05
opponent-001724,opponent,prisoners_dilemma,5.0,3.0,1.0,0.0,abstract,A,self_interest,True,indefinite,,0.9,tit_for_tat,4,defect,cooperate,0.5,,,,,,fd5fb80d2ea9710e4ea74c93,ok,0.51,0.57,0.465,True,0.01,0.2982,3.2256e-05
opponent-001725,opponent,prisoners_dilemma,5.0,3.0,1.0,0.0,abstract,A,self_interest,True,indefinite,,0.9,tit_for_tat,5,defect,cooperate,0.5,,,,,,7c388249c69d73288ac239b3,ok,0.55,0.59,0.525,True,0.11,0.238,3.2256e-05
opponent-001726,opponent,prisoners_dilemma,5.0,3.0,1.0,0.0,abstract,A,self_interest,True,indefinite,,0.9,tit_for_tat,6,defect,cooperate,0.5,,,,,,d22173cbb719284c33860b1a,ok,0.51,0.58,0.47,True,0.02,0.286,3.2256e-05
opponent-001727,opponent,prisoners_dilemma,5.0,3.0,1.0,0.0,abstract,A,self_interest,True,indefinite,,0.9,tit_for_tat,7,defect,cooperate,0.5,,,,,,cb743a2da6c7ab88ceb8ae14,ok,0.54,0.59,0.4975,True,0.07,0.295,3.2256e-05
opponent-001728,opponent,prisoners_dilemma,5.0,3.0,1.0,0.0,abstract,B,self_interest,False,indefinite,,0.9,tit_for_tat,0,defect,cooperate,0.5,,,,,,7b1091841aa57004b864a685,ok,0.56,0.53,0.55,True,0.13,0.2368,3.2256e-05
opponent-001729,opponent,prisoners_dilemma,5.0,3.0,1.0,0.0,abstract,B,self_interest,False,indefinite,,0.9,tit_for_tat,1,defect,cooperate,0.5,,,,,,08a3e4c09fb67173e4078942,ok,0.52,0.53,0.5475,True,0.05,0.2668,3.2256e-05
opponent-001730,opponent,prisoners_dilemma,5.0,3.0,1.0,0.0,abstract,B,self_interest,False,indefinite,,0.9,tit_for_tat,2,defect,cooperate,0.5,,,,,,da3efb49fb40df2fc6f84039,ok,0.55,0.52,0.5225,True,0.1,0.2543,3.2256e-05
opponent-001731,opponent,prisoners_dilemma,5.0,3.0,1.0,0.0,abstract,B,self_interest,False,indefinite,,0.9,tit_for_tat,3,defect,cooperate,0.5,,,,,,5c19bac010f705321bce609e,ok,0.5,0.51,0.5375,True,0.01,0.2484,3.2256e-05
opponent-001732,opponent,prisoners_dilemma,5.0,3.0,1.0,0.0,abstract,B,self_interest,False,indefinite,,0.9,tit_for_tat,4,defect,cooperate,0.5,,,,,,698d1d6031148120533e73a6,ok,0.5,0.49,0.5075,False,0.0,0.277,3.2256e-05
opponent-001733,opponent,prisoners_dilemma,5.0,3.0,1.0,0.0,abstract,B,self_interest,False,indefinite,,0.9,tit_for_tat,5,defect,cooperate,0.5,,,,,,319727779a137febdc69efc8,ok,0.51,0.51,0.51,True,0.02,0.2851,3.2256e-05
opponent-001734,opponent,prisoners_dilemma,5.0,3.0,1.0,0.0,abstract,B,self_interest,False,indefinite,,0.9,tit_for_tat,6,defect,cooperate,0.5,,,,,,faed1be3fd458e89404e0a32,ok,0.54,0.43,0.5575,True,0.07,0.243,3.2256e-05
opponent-001735,opponent,prisoners_dilemma,5.0,3.0,1.0,0.0,abstract,B,self_interest,False,indefinite,,0.9,tit_for_tat,7,defect,cooperate,0.5,,,,,,8b0c1537271399f2252aa184,ok,0.54,0.48,0.52,True,0.08,0.3187,3.2256e-05
opponent-001736,opponent,prisoners_dilemma,5.0,3.0,1.0,0.0,abstract,A,self_interest,True,one_shot,,,grim_trigger,0,defect,defect,0.5,,,,,,38f482696d8e99553162ba77,ok,0.09,0.31,0.33,False,0.82,0.2434,3.0114e-05
opponent-001737,opponent,prisoners_dilemma,5.0,3.0,1.0,0.0,abstract,A,self_interest,True,one_shot,,,grim_trigger,1,defect,defect,0.5,,,,,,3738c3b44ff879164e0e746c,ok,0.07,0.31,0.29,False,0.86,0.2617,3.0114e-05
opponent-001738,opponent,prisoners_dilemma,5.0,3.0,1.0,0.0,abstract,A,self_interest,True,one_shot,,,grim_trigger,2,defect,defect,0.5,,,,,,0e945839faa0debf1ac93ce3,ok,0.08,0.3,0.3075,False,0.85,0.2376,3.0114e-05
opponent-001739,opponent,prisoners_dilemma,5.0,3.0,1.0,0.0,abstract,A,self_interest,True,one_shot,,,grim_trigger,3,defect,defect,0.5,,,,,,83dd446a5b8425c3e915c3ba,ok,0.07,0.33,0.2475,False,0.85,0.2569,3.0114e-05
opponent-001740,opponent,prisoners_dilemma,5.0,3.0,1.0,0.0,abstract,A,self_interest,True,one_shot,,,grim_trigger,4,defect,defect,0.5,,,,,,7fc9c7c375e28e6dbcb6775a,ok,0.08,0.28,0.2975,False,0.84,0.2404,3.0114e-05
opponent-001741,opponent,prisoners_dilemma,5.0,3.0,1.0,0.0,abstract,A,self_interest,True,one_shot,,,grim_trigger,5,defect,defect,0.5,,,,,,7c6149332d71323e5fc6fa37,ok,0.07,0.34,0.26,False,0.85,0.2733,3.0114e-05
opponent-001742,opponent,prisoners_dilemma,5.0,3.0,1.0,0.0,abstract,A,self_interest,True,one_shot,,,grim_trigger,6,defect,defect,0.5,,,,,,e7d001935c4f11758c1f41a9,ok,0.09,0.3,0.3075,False,0.81,0.2446,3.0114e-05
opponent-001743,opponent,prisoners_dilemma,5.0,3.0,1.0,0.0,abstract,A,self_interest,True,one_shot,,,grim_trigger,7,defect,defect,0.5,,,,,,a58e325e9d6cff24ace63d4b,ok,0.09,0.33,0.2825,False,0.81,0.3104,3.0114e-05
opponent-001744,opponent,prisoners_dilemma,5.0,3.0,1.0,0.0,abstract,B,self_interest,False,one_shot,,,grim_trigger,0,defect,defect,0.5,,,,,,cc623411bf83acdb66c47c84,ok,0.15,0.31,0.31,False,0.7,0.2444,3.0114e-05
opponent-001745,opponent,prisoners_dilemma,5.0,3.0,1.0,0.0,abstract,B,self_interest,False,one_shot,,,grim_trigger,1,defect,defect,0.5,,,,,,211a94c4134862c613921141,ok,0.13,0.31,0.2425,False,0.75,0.2355,3.0114e-05
opponent-001746,opponent,prisoners_dilemma,5.0,3.0,1.0,0.0,abstract,B,self_interest,False,one_shot,,,grim_trigger,2,defect,defect,0.5,,,,,,6fd39e1e8ec3ddc0b70e384c,ok,0.14,0.31,0.3125,False,0.71,0.2338,3.0114e-05
opponent-001747,opponent,prisoners_dilemma,5.0,3.0,1.0,0.0,abstract,B,self_interest,False,one_shot,,,grim_trigger,3,defect,defect,0.5,,,,,,6cbc685fdadc24f912851467,ok,0.12,0.31,0.2975,False,0.76,0.3152,3.0114e-05
opponent-001748,opponent,prisoners_dilemma,5.0,3.0,1.0,0.0,abstract,B,self_interest,False,one_shot,,,grim_trigger,4,defect,defect,0.5,,,,,,f0211d969570b40a52538290,ok,0.13,0.27,0.275,False,0.75,0.3077,3.0114e-05
opponent-001749,opponent,prisoners_dilemma,5.0,3.0,1.0,0.0,abstract,B,self_interest,False,one_shot,,,grim_trigger,5,defect,defect,0.5,,,,,,44426b757f95eb3442affa96,ok,0.13,0.3,0.2925,False,0.73,0.2338,3.0114e-05
opponent-001750,opponent,prisoners_dilemma,5.0,3.0,1.0,0.0,abstract,B,self_interest,False,one_shot,,,grim_trigger,6,defect,defect,0.5,,,,,,2e01dc250117e1a77c5f9a06,ok,0.15,0.32,0.3175,False,0.69,0.2547,3.0114e-05
opponent-001751,opponent,prisoners_dilemma,5.0,3.0,1.0,0.0,abstract,B,self_interest,False,one_shot,,,grim_trigger,7,defect,defect,0.5,,,,,,7acfbd03399d36aafa0b5324,ok,0.14,0.33,0.28,False,0.72,0.2236,3.0114e-05
opponent-001752,opponent,prisoners_dilemma,5.0,3.0,1.0,0.0,abstract,A,self_interest,True,indefinite,,0.9,grim_trigger,0,defect,cooperate,0.5,,,,,,b46af5d48bbd667af35affbc,ok,0.36,0.64,0.595,False,0.28,0.2347,3.234e-05
opponent-001753,opponent,prisoners_dilemma,5.0,3.0,1.0,0.0,abstract,A,self_interest,True,indefinite,,0.9,grim_trigger,1,defect,cooperate,0.5,,,,,,59c7fc7fa05a263a9ee5ef4d,ok,0.23,0.55,0.4775,False,0.54,0.2931,3.234e-05
opponent-001754,opponent,prisoners_dilemma,5.0,3.0,1.0,0.0,abstract,A,self_interest,True,indefinite,,0.9,grim_trigger,2,defect,cooperate,0.5,,,,,,b35c28b62c9abc1438d7feda,ok,0.34,0.58,0.52,False,0.33,0.2539,3.234e-05
opponent-001755,opponent,prisoners_dilemma,5.0,3.0,1.0,0.0,abstract,A,self_interest,True,indefinite,,0.9,grim_trigger,3,defect,cooperate,0.5,,,,,,de03f83fec964d36ac38983c,ok,0.2,0.53,0.41,False,0.61,0.2489,3.234e-05
opponent-001756,opponent,prisoners_dilemma,5.0,3.0,1.0,0.0,abstract,A,self_interest,True,indefinite,,0.9,grim_trigger,4,defect,cooperate,0.5,,,,,,0c45be75cbcb6bcbfed7be22,ok,0.32,0.62,0.5675,False,0.36,0.2706,3.234e-05
opponent-001757,opponent,prisoners_dilemma,5.0,3.0,1.0,0.0,abstract,A,self_interest,True,indefinite,,0.9,grim_trigger,5,defect,cooperate,0.5,,,,,,aa0714be6e87ae511d24144d,ok,0.25,0.55,0.465,False,0.49,0.322,3.234e-05
opponent-001758,opponent,prisoners_dilemma,5.0,3.0,1.0,0.0,abstract,A,self_interest,True,indefinite,,0.9,grim_trigger,6,defect,cooperate,0.5,,,,,,573be418980f0ffe87c0d99f,ok,0.32,0.58,0.435,False,0.35,0.2276,3.234e-05
opponent-001759,opponent,prisoners_dilemma,5.0,3.0,1.0,0.0,abstract,A,self_interest,True,indefinite,,0.9,grim_trigger,7,defect,cooperate,0.5,,,,,,b0949c0acc50ccf0d179cd9c,ok,0.31,0.56,0.545,False,0.39,0.2228,3.234e-05
opponent-001760,opponent,prisoners_dilemma,5.0,3.0,1.0,0.0,abstract,B,self_interest,False,indefinite,,0.9,grim_trigger,0,defect,cooperate,0.5,,,,,,c87b456c6ff5fe9bb8206205,ok,0.47,0.54,0.44,False,0.07,0.2328,3.234e-05
opponent-001761,opponent,prisoners_dilemma,5.0,3.0,1.0,0.0,abstract,B,self_interest,False,indefinite,,0.9,grim_trigger,1,defect,cooperate,0.5,,,,,,d6b12fadc386b9dd615daa7f,ok,0.41,0.54,0.4475,False,0.18,0.2718,3.234e-05
opponent-001762,opponent,prisoners_dilemma,5.0,3.0,1.0,0.0,abstract,B,self_interest,False,indefinite,,0.9,grim_trigger,2,defect,cooperate,0.5,,,,,,61138ee25be3ec2a8648a2c4,ok,0.45,0.51,0.4475,False,0.1,0.2298,3.234e-05
opponent-001763,opponent,prisoners_dilemma,5.0,3.0,1.0,0.0,abstract,B,self_interest,False,indefinite,,0.9,grim_trigger,3,defect,cooperate,0.5,,,,,,05f2fa487389cbdfa048c82b,ok,0.46,0.55,0.485,False,0.09,0.2314,3.234e-05
opponent-001764,opponent,prisoners_dilemma,5.0,3.0,1.0,0.0,abstract,B,self_interest,False,indefinite,,0.9,grim_trigger,4,defect,cooperate,0.5,,,,,,b539fedf694709524a6b9d6f,ok,0.35,0.47,0.37,False,0.29,0.2544,3.234e-05
opponent-001765,opponent,prisoners_dilemma,5.0,3.0,1.0,0.0,abstract,B,self_interest,False,indefinite,,0.9,grim_trigger,5,defect,cooperate,0.5,,,,,,d0e1948b4fce90c72a7a6904,ok,0.4,0.51,0.47,False,0.2,0.2556,3.234e-05
opponent-001766,opponent,prisoners_dilemma,5.0,3.0,1.0,0.0,abstract,B,self_interest,False,indefinite,,0.9,grim_trigger,6,defect,cooperate,0.5,,,,,,046e7a522c157e311b1d53ff,ok,0.44,0.49,0.465,False,0.12,0.2321,3.234e-05
opponent-001767,opponent,prisoners_dilemma,5.0,3.0,1.0,0.0,abstract,B,self_interest,False,indefinite,,0.9,grim_trigger,7,defect,cooperate,0.5,,,,,,1d003dfaeda27fa8af97180d,ok,0.45,0.55,0.475,False,0.1,0.3253,3.234e-05
opponent-001768,opponent,prisoners_dilemma,5.0,3.0,1.0,0.0,abstract,A,self_interest,True,one_shot,,,random_half,0,defect,defect,0.5,,,,,,37479535cb501103cf99f980,ok,0.18,0.4,0.375,False,0.64,0.3358,3.0156e-05
opponent-001769,opponent,prisoners_dilemma,5.0,3.0,1.0,0.0,abstract,A,self_interest,True,one_shot,,,random_half,1,defect,defect,0.5,,,,,,7a18bdde09867b7c3e7dbaea,ok,0.17,0.39,0.4125,False,0.65,0.2412,3.0156e-05
opponent-001770,opponent,prisoners_dilemma,5.0,3.0,1.0,0.0,abstract,A,self_interest,True,one_shot,,,random_half,2,defect,defect,0.5,,,,,,f1d46d6ae7d2c417f2781a78,ok,0.2,0.42,0.37,False,0.59,0.2367,3.0156e-05
opponent-001771,opponent,prisoners_dilemma,5.0,3.0,1.0,0.0,abstract,A,self_interest,True,one_shot,,,random_half,3,defect,defect,0.5,,,,,,f7975456c8ae22cdcb2b237d,ok,0.19,0.39,0.37,False,0.61,0.2461,3.0156e-05
opponent-001772,opponent,prisoners_dilemma,5.0,3.0,1.0,0.0,abstract,A,self_interest,True,one_shot,,,random_half,4,defect,defect,0.5,,,,,,57584b67c6b05ced93d5c1a9,ok,0.18,0.36,0.3725,False,0.63,0.2475,3.0156e-05
opponent-001773,opponent,prisoners_dilemma,5.0,3.0,1.0,0.0,abstract,A,self_interest,True,one_shot,,,random_half,5,defect,defect,0.5,,,,,,54d1264a23187200bb554182,ok,0.2,0.37,0.35,False,0.59,0.2521,3.0156e-05
opponent-001774,opponent,prisoners_dilemma,5.0,3.0,1.0,0.0,abstract,A,self_interest,True,one_shot,,,random_half,6,defect,defect,0.5,,,,,,abd4aded37f80db438057f04,ok,0.25,0.42,0.41,False,0.5,0.2508,3.0156e-05
opponent-001775,opponent,prisoners_dilemma,5.0,3.0,1.0,0.0,abstract,A,self_interest,True,one_shot,,,random_half,7,defect,defect,0.5,,,,,,05bd3230f3ccb8bdb9a68e87,ok,0.21,0.4,0.38,False,0.58,0.2408,3.0156e-05
opponent-001776,opponent,prisoners_dilemma,5.0,3.0,1.0,0.0,abstract,B,self_interest,False,one_shot,,,random_half,0,defect,defect,0.5,,,,,,7d288a0ae12e8b0325c257e7,ok,0.38,0.42,0.405,False,0.25,0.2299,3.0156e-05
opponent-001777,opponent,prisoners_dilemma,5.0,3.0,1.0,0.0,abstract,B,self_interest,False,one_shot,,,random_half,1,defect,defect,0.5,,,,,,2a8dfa9a279a62449c477ed6,ok,0.37,0.42,0.335,False,0.26,0.251,3.0156e-05
opponent-001778,opponent,prisoners_dilemma,5.0,3.0,1.0,0.0,abstract,B,self_interest,False,one_shot,,,random_half,2,defect,defect,0.5,,,,,,e6e8ca53221bdd1b4d587927,ok,0.29,0.38,0.34,False,0.43,0.3418,3.0156e-05
opponent-001779,opponent,prisoners_dilemma,5.0,3.0,1.0,0.0,abstract,B,self_interest,False,one_shot,,,random_half,3,defect,defect,0.5,,,,,,d7f5458746e9b5d3546f17c1,ok,0.27,0.37,0.325,False,0.47,0.274,3.0156e-05
opponent-001780,opponent,prisoners_dilemma,5.0,3.0,1.0,0.0,abstract,B,self_interest,False,one_shot,,,random_half,4,defect,defect,0.5,,,,,,c312892ac830f7d6fb39fa9e,ok,0.34,0.4,0.3275,False,0.31,0.2681,3.0156e-05
opponent-001781,opponent,prisoners_dilemma,5.0,3.0,1.0,0.0,abstract,B,self_interest,False,one_shot,,,random_half,5,defect,defect,0.5,,,,,,0e000060c058aa601b06173d,ok,0.3,0.42,0.37,False,0.41,0.2396,3.0156e-05
opponent-001782,opponent,prisoners_dilemma,5.0,3.0,1.0,0.0,abstract,B,self_interest,False,one_shot,,,random_half,6,defect,defect,0.5,,,,,,8aab77c511799c5cab2666c5,ok,0.33,0.42,0.375,False,0.33,0.3109,3.0156e-05
opponent-001783,opponent,prisoners_dilemma,5.0,3.0,1.0,0.0,abstract,B,self_interest,False,one_shot,,,random_half,7,defect,defect,0.5,,,,,,84ea43b4f44d86f509772af5,ok,0.34,0.38,0.33,False,0.33,0.2696,3.0156e-05
opponent-001784,opponent,prisoners_dilemma,5.0,3.0,1.0,0.0,abstract,A,self_interest,True,indefinite,,0.9,random_half,0,defect,defect,0.5,,,,,,269d3a17d7df4aa61d089f32,ok,0.25,0.36,0.405,False,0.5,0.2498,3.2382e-05
opponent-001785,opponent,prisoners_dilemma,5.0,3.0,1.0,0.0,abstract,A,self_interest,True,indefinite,,0.9,random_half,1,defect,defect,0.5,,,,,,3ac018db536e2ffa18b6acbf,ok,0.29,0.4,0.4475,False,0.42,0.2981,3.2382e-05
opponent-001786,opponent,prisoners_dilemma,5.0,3.0,1.0,0.0,abstract,A,self_interest,True,indefinite,,0.9,random_half,2,defect,defect,0.5,,,,,,31294b39b986d3dd033463d0,ok,0.31,0.45,0.4875,False,0.39,0.2687,3.2382e-05
opponent-001787,opponent,prisoners_dilemma,5.0,3.0,1.0,0.0,abstract,A,self_interest,True,indefinite,,0.9,random_half,3,defect,defect,0.5,,,,,,aaa002d40871ac6fb36a81b8,ok,0.31,0.39,0.4775,False,0.39,0.2624,3.2382e-05
opponent-001788,opponent,prisoners_dilemma,5.0,3.0,1.0,0.0,abstract,A,self_interest,True,indefinite,,0.9,random_half,4,defect,defect,0.5,,,,,,7665c863a5c36a6b9d9772e9,ok,0.28,0.37,0.4725,False,0.45,0.2899,3.2382e-05
opponent-001789,opponent,prisoners_dilemma,5.0,3.0,1.0,0.0,abstract,A,self_interest,True,indefinite,,0.9,random_half,5,defect,defect,0.5,,,,,,474f12b02213de282d18d1ad,ok,0.29,0.41,0.43,False,0.42,0.2413,3.2382e-05
opponent-001790,opponent,prisoners_dilemma,5.0,3.0,1.0,0.0,abstract,A,self_interest,True,indefinite,,0.9,random_half,6,defect,defect,0.5,,,,,,86000ec76eff1a62135992e0,ok,0.31,0.41,0.4725,False,0.39,0.2279,3.2382e-05
opponent-001791,opponent,prisoners_dilemma,5.0,3.0,1.0,0.0,abstract,A,self_interest,True,indefinite,,0.9,random_half,7,defect,defect,0.5,,,,,,fa765e4812beaedb8f7322e0,ok,0.31,0.41,0.445,False,0.39,0.2598,3.2382e-05
opponent-001792,opponent,prisoners_dilemma,5.0,3.0,1.0,0.0,abstract,B,self_interest,False,indefinite,,0.9,random_half,0,defect,defect,0.5,,,,,,1af042aa33a10aad8d4f650b,ok,0.57,0.46,0.4925,True,0.14,0.2413,3.2382e-05
opponent-001793,opponent,prisoners_dilemma,5.0,3.0,1.0,0.0,abstract,B,self_interest,False,indefinite,,0.9,random_half,1,defect,defect,0.5,,,,,,d8416145194f11d1765f882c,ok,0.58,0.44,0.48,True,0.17,0.2309,3.2382e-05
opponent-001794,opponent,prisoners_dilemma,5.0,3.0,1.0,0.0,abstract,B,self_interest,False,indefinite,,0.9,random_half,2,defect,defect,0.5,,,,,,ffe65e95acc13cc40fda0b25,ok,0.63,0.48,0.4975,True,0.27,0.2689,3.2382e-05
opponent-001795,opponent,prisoners_dilemma,5.0,3.0,1.0,0.0,abstract,B,self_interest,False,indefinite,,0.9,random_half,3,defect,defect,0.5,,,,,,d07a4dec340035540c68299c,ok,0.64,0.43,0.4925,True,0.28,0.2264,3.2382e-05
opponent-001796,opponent,prisoners_dilemma,5.0,3.0,1.0,0.0,abstract,B,self_interest,False,indefinite,,0.9,random_half,4,defect,defect,0.5,,,,,,d82d186152a1740114cbf135,ok,0.56,0.47,0.465,True,0.12,0.2359,3.2382e-05
opponent-001797,opponent,prisoners_dilemma,5.0,3.0,1.0,0.0,abstract,B,self_interest,False,indefinite,,0.9,random_half,5,defect,defect,0.5,,,,,,332c8f21d3e748f765e57a1f,ok,0.66,0.48,0.495,True,0.33,0.3282,3.2382e-05
opponent-001798,opponent,prisoners_dilemma,5.0,3.0,1.0,0.0,abstract,B,self_interest,False,indefinite,,0.9,random_half,6,defect,defect,0.5,,,,,,b50192bda18cf8c25d5dfce2,ok,0.54,0.43,0.4625,True,0.07,0.3124,3.2382e-05
opponent-001799,opponent,prisoners_dilemma,5.0,3.0,1.0,0.0,abstract,B,self_interest,False,indefinite,,0.9,random_half,7,defect,defect,0.5,,,,,,30df355611a38247986672c5,ok,0.58,0.43,0.43,True,0.17,0.3358,3.2382e-05
framing-001800,framing,prisoners_dilemma,5.0,3.0,1.0,0.0,abstract,A,self_interest,True,one_shot,,,unknown,0,defect,defect,0.5,,,,,,7a17d2728e09cb50d6ae5854,ok,0.24,0.41,0.4725,False,0.51,1.4242,2.772e-05
framing-001801,framing,prisoners_dilemma,5.0,3.0,1.0,0.0,abstract,A,self_interest,True,one_shot,,,unknown,1,defect,defect,0.5,,,,,,f6384005b5c5591efee4d2b0,ok,0.25,0.42,0.4775,False,0.49,1.2793,2.772e-05
framing-001802,framing,prisoners_dilemma,5.0,3.0,1.0,0.0,abstract,A,self_interest,True,one_shot,,,unknown,2,defect,defect,0.5,,,,,,b9fb19b71774ad09763f0c83,ok,0.26,0.43,0.505,False,0.47,1.2466,2.772e-05
framing-001803,framing,prisoners_dilemma,5.0,3.0,1.0,0.0,abstract,A,self_interest,True,one_shot,,,unknown,3,defect,defect,0.5,,,,,,5cde0e2ff55b5c19867770c9,ok,0.2,0.4,0.4725,False,0.6,0.8764,2.772e-05
framing-001804,framing,prisoners_dilemma,5.0,3.0,1.0,0.0,abstract,A,self_interest,True,one_shot,,,unknown,4,defect,defect,0.5,,,,,,e72022036bb7796a91129b8a,ok,0.23,0.41,0.47,False,0.54,1.083,2.772e-05
framing-001805,framing,prisoners_dilemma,5.0,3.0,1.0,0.0,abstract,A,self_interest,True,one_shot,,,unknown,5,defect,defect,0.5,,,,,,092d5d47e305302b1f8f7bbc,ok,0.24,0.41,0.4875,False,0.52,0.7365,2.772e-05
framing-001806,framing,prisoners_dilemma,5.0,3.0,1.0,0.0,abstract,A,self_interest,True,one_shot,,,unknown,6,defect,defect,0.5,,,,,,519c97351b22600a2d9bb902,ok,0.21,0.4,0.47,False,0.58,1.1237,2.772e-05
framing-001807,framing,prisoners_dilemma,5.0,3.0,1.0,0.0,abstract,A,self_interest,True,one_shot,,,unknown,7,defect,defect,0.5,,,,,,c571cda09531bd80d68e4497,ok,0.24,0.42,0.4725,False,0.51,1.0503,2.772e-05
framing-001808,framing,prisoners_dilemma,5.0,3.0,1.0,0.0,abstract,B,self_interest,False,one_shot,,,unknown,0,defect,defect,0.5,,,,,,287fc6dc56aa84c3e3252e33,ok,0.25,0.38,0.4825,False,0.51,1.1067,2.772e-05
framing-001809,framing,prisoners_dilemma,5.0,3.0,1.0,0.0,abstract,B,self_interest,False,one_shot,,,unknown,1,defect,defect,0.5,,,,,,2d8ad40ad9baa9a50bb07164,ok,0.26,0.37,0.4875,False,0.48,1.0518,2.772e-05
framing-001810,framing,prisoners_dilemma,5.0,3.0,1.0,0.0,abstract,B,self_interest,False,one_shot,,,unknown,2,defect,defect,0.5,,,,,,514523fd563db22d66266fd8,ok,0.25,0.37,0.4575,False,0.5,0.2667,2.772e-05
framing-001811,framing,prisoners_dilemma,5.0,3.0,1.0,0.0,abstract,B,self_interest,False,one_shot,,,unknown,3,defect,defect,0.5,,,,,,074da90500855a95c2da12ba,ok,0.25,0.39,0.465,False,0.51,0.2404,2.772e-05
framing-001812,framing,prisoners_dilemma,5.0,3.0,1.0,0.0,abstract,B,self_interest,False,one_shot,,,unknown,4,defect,defect,0.5,,,,,,f5344190bbe567448320e523,ok,0.24,0.37,0.47,False,0.52,0.2839,2.772e-05
framing-001813,framing,prisoners_dilemma,5.0,3.0,1.0,0.0,abstract,B,self_interest,False,one_shot,,,unknown,5,defect,defect,0.5,,,,,,1302aa190b3629bbc6b34c04,ok,0.22,0.36,0.455,False,0.56,0.2461,2.772e-05
framing-001814,framing,prisoners_dilemma,5.0,3.0,1.0,0.0,abstract,B,self_interest,False,one_shot,,,unknown,6,defect,defect,0.5,,,,,,85abbcda3fdd1d0bcb91fa4e,ok,0.25,0.36,0.4675,False,0.49,0.2244,2.772e-05
framing-001815,framing,prisoners_dilemma,5.0,3.0,1.0,0.0,abstract,B,self_interest,False,one_shot,,,unknown,7,defect,defect,0.5,,,,,,5b6c7d453c774efa57e44ea2,ok,0.23,0.34,0.4525,False,0.55,0.2435,2.772e-05
framing-001816,framing,harmony,3.0,5.0,0.0,1.0,abstract,A,self_interest,True,one_shot,,,unknown,0,cooperate,cooperate,0.0,,,,,,62cd029d1facffcecea5fb8f,ok,0.88,0.69,0.7475,True,0.76,0.2732,2.772e-05
framing-001817,framing,harmony,3.0,5.0,0.0,1.0,abstract,A,self_interest,True,one_shot,,,unknown,1,cooperate,cooperate,0.0,,,,,,70deddf761324a64f02e1e02,ok,0.9,0.68,0.76,True,0.81,0.2954,2.772e-05
framing-001818,framing,harmony,3.0,5.0,0.0,1.0,abstract,A,self_interest,True,one_shot,,,unknown,2,cooperate,cooperate,0.0,,,,,,90f467a1b49d91c9451b5c88,ok,0.89,0.69,0.7475,True,0.78,0.7199,2.772e-05
framing-001819,framing,harmony,3.0,5.0,0.0,1.0,abstract,A,self_interest,True,one_shot,,,unknown,3,cooperate,cooperate,0.0,,,,,,e2b0086225aa64642604204b,ok,0.9,0.7,0.7675,True,0.8,0.2327,2.772e-05
framing-001820,framing,harmony,3.0,5.0,0.0,1.0,abstract,A,self_interest,True,one_shot,,,unknown,4,cooperate,cooperate,0.0,,,,,,cc018a17dc54cf077d886267,ok,0.9,0.69,0.76,True,0.79,0.2736,2.772e-05
framing-001821,framing,harmony,3.0,5.0,0.0,1.0,abstract,A,self_interest,True,one_shot,,,unknown,5,cooperate,cooperate,0.0,,,,,,459139fcdf09c497276bbb78,ok,0.9,0.68,0.75,True,0.8,0.281,2.772e-05
framing-001822,framing,harmony,3.0,5.0,0.0,1.0,abstract,A,self_interest,True,one_shot,,,unknown,6,cooperate,cooperate,0.0,,,,,,6ec17bef9a42f4f16cdea77d,ok,0.89,0.67,0.7575,True,0.78,0.2568,2.772e-05
framing-001823,framing,harmony,3.0,5.0,0.0,1.0,abstract,A,self_interest,True,one_shot,,,unknown,7,cooperate,cooperate,0.0,,,,,,c0b7956f715f05ab0cfa0e36,ok,0.9,0.7,0.785,True,0.8,0.2775,2.772e-05
framing-001824,framing,harmony,3.0,5.0,0.0,1.0,abstract,B,self_interest,False,one_shot,,,unknown,0,cooperate,cooperate,0.0,,,,,,a6a2771f37aecbb93a0bf3b0,ok,0.94,0.71,0.7375,True,0.88,0.2694,2.772e-05
framing-001825,framing,harmony,3.0,5.0,0.0,1.0,abstract,B,self_interest,False,one_shot,,,unknown,1,cooperate,cooperate,0.0,,,,,,28f981a5c6d94d325d706ac5,ok,0.92,0.7,0.7225,True,0.83,0.7107,2.772e-05
framing-001826,framing,harmony,3.0,5.0,0.0,1.0,abstract,B,self_interest,False,one_shot,,,unknown,2,cooperate,cooperate,0.0,,,,,,bb44379f66ffd317b4c5ff47,ok,0.92,0.73,0.7475,True,0.83,0.2921,2.772e-05
framing-001827,framing,harmony,3.0,5.0,0.0,1.0,abstract,B,self_interest,False,one_shot,,,unknown,3,cooperate,cooperate,0.0,,,,,,2d386583a5b7c8520d749967,ok,0.93,0.72,0.74,True,0.87,0.2491,2.772e-05
framing-001828,framing,harmony,3.0,5.0,0.0,1.0,abstract,B,self_interest,False,one_shot,,,unknown,4,cooperate,cooperate,0.0,,,,,,57df52186051c46cc78e8002,ok,0.92,0.72,0.7275,True,0.85,0.339,2.772e-05
framing-001829,framing,harmony,3.0,5.0,0.0,1.0,abstract,B,self_interest,False,one_shot,,,unknown,5,cooperate,cooperate,0.0,,,,,,4c4a65951a4d113db886c46d,ok,0.93,0.73,0.7375,True,0.86,0.282,2.772e-05
framing-001830,framing,harmony,3.0,5.0,0.0,1.0,abstract,B,self_interest,False,one_shot,,,unknown,6,cooperate,cooperate,0.0,,,,,,6342d2a884955aa4235ca94e,ok,0.93,0.7,0.7425,True,0.85,0.2848,2.772e-05
framing-001831,framing,harmony,3.0,5.0,0.0,1.0,abstract,B,self_interest,False,one_shot,,,unknown,7,cooperate,cooperate,0.0,,,,,,3c79037f163383d6abff308d,ok,0.94,0.68,0.7225,True,0.89,0.3128,2.772e-05
framing-001832,framing,prisoners_dilemma,5.0,3.0,1.0,0.0,cooperate_defect,cooperate,self_interest,True,one_shot,,,unknown,0,defect,defect,0.5,,,,,,36bdfaa75ebdb9366ec092fc,ok,0.02,0.16,0.155,False,0.96,0.2526,2.6796e-05
framing-001833,framing,prisoners_dilemma,5.0,3.0,1.0,0.0,cooperate_defect,cooperate,self_interest,True,one_shot,,,unknown,1,defect,defect,0.5,,,,,,acebaaa246263c5bea119b47,ok,0.02,0.18,0.155,False,0.95,0.2669,2.6796e-05
framing-001834,framing,prisoners_dilemma,5.0,3.0,1.0,0.0,cooperate_defect,cooperate,self_interest,True,one_shot,,,unknown,2,defect,defect,0.5,,,,,,e1aa02bd7e76426e4ecf5a4e,ok,0.02,0.16,0.165,False,0.96,0.2682,2.6796e-05
framing-001835,framing,prisoners_dilemma,5.0,3.0,1.0,0.0,cooperate_defect,cooperate,self_interest,True,one_shot,,,unknown,3,defect,defect,0.5,,,,,,f62c34f9741ce1e3cc1da9fe,ok,0.02,0.15,0.155,False,0.96,0.2524,2.6796e-05
framing-001836,framing,prisoners_dilemma,5.0,3.0,1.0,0.0,cooperate_defect,cooperate,self_interest,True,one_shot,,,unknown,4,defect,defect,0.5,,,,,,1d1fef5ac7bd1d8c8a34308d,ok,0.02,0.16,0.1475,False,0.97,0.3004,2.6796e-05
framing-001837,framing,prisoners_dilemma,5.0,3.0,1.0,0.0,cooperate_defect,cooperate,self_interest,True,one_shot,,,unknown,5,defect,defect,0.5,,,,,,95bea8f1ee14f6f00bba0fab,ok,0.02,0.16,0.17,False,0.96,0.2541,2.6796e-05
framing-001838,framing,prisoners_dilemma,5.0,3.0,1.0,0.0,cooperate_defect,cooperate,self_interest,True,one_shot,,,unknown,6,defect,defect,0.5,,,,,,9cbaffe5fc954dfd5d5170bf,ok,0.02,0.17,0.16,False,0.96,0.2956,2.6796e-05
framing-001839,framing,prisoners_dilemma,5.0,3.0,1.0,0.0,cooperate_defect,cooperate,self_interest,True,one_shot,,,unknown,7,defect,defect,0.5,,,,,,9b56f96a2fb82c35746c07a8,ok,0.02,0.16,0.1525,False,0.96,0.311,2.6796e-05
framing-001840,framing,prisoners_dilemma,5.0,3.0,1.0,0.0,cooperate_defect,cooperate,self_interest,False,one_shot,,,unknown,0,defect,defect,0.5,,,,,,6c00acbf7c1865901ebb97db,ok,0.03,0.15,0.1625,False,0.94,0.2711,2.6796e-05
framing-001841,framing,prisoners_dilemma,5.0,3.0,1.0,0.0,cooperate_defect,cooperate,self_interest,False,one_shot,,,unknown,1,defect,defect,0.5,,,,,,9296ff45492ee7f4df305def,ok,0.03,0.15,0.14,False,0.94,0.2454,2.6796e-05
framing-001842,framing,prisoners_dilemma,5.0,3.0,1.0,0.0,cooperate_defect,cooperate,self_interest,False,one_shot,,,unknown,2,defect,defect,0.5,,,,,,8050f0a8023d04aa3441a4a3,ok,0.04,0.16,0.1425,False,0.92,0.3463,2.6796e-05
framing-001843,framing,prisoners_dilemma,5.0,3.0,1.0,0.0,cooperate_defect,cooperate,self_interest,False,one_shot,,,unknown,3,defect,defect,0.5,,,,,,32852597c7b73f22a24e97be,ok,0.04,0.17,0.1625,False,0.92,0.267,2.6796e-05
framing-001844,framing,prisoners_dilemma,5.0,3.0,1.0,0.0,cooperate_defect,cooperate,self_interest,False,one_shot,,,unknown,4,defect,defect,0.5,,,,,,e2f1c4dfb0657d546eb43994,ok,0.05,0.16,0.1725,False,0.9,0.2658,2.6796e-05
framing-001845,framing,prisoners_dilemma,5.0,3.0,1.0,0.0,cooperate_defect,cooperate,self_interest,False,one_shot,,,unknown,5,defect,defect,0.5,,,,,,18284252a5125d0368c698fe,ok,0.04,0.17,0.1525,False,0.93,0.2317,2.6796e-05
framing-001846,framing,prisoners_dilemma,5.0,3.0,1.0,0.0,cooperate_defect,cooperate,self_interest,False,one_shot,,,unknown,6,defect,defect,0.5,,,,,,3b6cdabea26cc986778f7a38,ok,0.04,0.15,0.1575,False,0.93,0.2362,2.6796e-05
framing-001847,framing,prisoners_dilemma,5.0,3.0,1.0,0.0,cooperate_defect,cooperate,self_interest,False,one_shot,,,unknown,7,defect,defect,0.5,,,,,,d8d75556fefdda9ca275fa55,ok,0.04,0.18,0.1725,False,0.92,0.2538,2.6796e-05
framing-001848,framing,harmony,3.0,5.0,0.0,1.0,cooperate_defect,cooperate,self_interest,True,one_shot,,,unknown,0,cooperate,cooperate,0.0,,,,,,d9f84cadbaf33fad892bbf1f,ok,0.28,0.39,0.395,False,0.44,0.2506,2.6796e-05
framing-001849,framing,harmony,3.0,5.0,0.0,1.0,cooperate_defect,cooperate,self_interest,True,one_shot,,,unknown,1,cooperate,cooperate,0.0,,,,,,d7f5e7ace0d3893a5d21dc7a,ok,0.26,0.39,0.3375,False,0.49,0.2783,2.6796e-05
framing-001850,framing,harmony,3.0,5.0,0.0,1.0,cooperate_defect,cooperate,self_interest,True,one_shot,,,unknown,2,cooperate,cooperate,0.0,,,,,,dc12cb96f0d17f0c797b9bc8,ok,0.2,0.34,0.325,False,0.59,0.2531,2.6796e-05
framing-001851,framing,harmony,3.0,5.0,0.0,1.0,cooperate_defect,cooperate,self_interest,True,one_shot,,,unknown,3,cooperate,cooperate,0.0,,,,,,1ffb519cc0b44731d3f31492,ok,0.2,0.33,0.345,False,0.61,0.2813,2.6796e-05
framing-001852,framing,harmony,3.0,5.0,0.0,1.0,cooperate_defect,cooperate,self_interest,True,one_shot,,,unknown,4,cooperate,cooperate,0.0,,,,,,b4aadab26e0eb959f42c4052,ok,0.25,0.41,0.375,False,0.51,0.3298,2.6796e-05
framing-001853,framing,harmony,3.0,5.0,0.0,1.0,cooperate_defect,cooperate,self_interest,True,one_shot,,,unknown,5,cooperate,cooperate,0.0,,,,,,5a82b303fd31157832e29fa9,ok,0.25,0.4,0.41,False,0.5,0.2826,2.6796e-05
framing-001854,framing,harmony,3.0,5.0,0.0,1.0,cooperate_defect,cooperate,self_interest,True,one_shot,,,unknown,6,cooperate,cooperate,0.0,,,,,,e1b8739cafe90a7c7b4c75bb,ok,0.2,0.4,0.385,False,0.6,0.2571,2.6796e-05
framing-001855,framing,harmony,3.0,5.0,0.0,1.0,cooperate_defect,cooperate,self_interest,True,one_shot,,,unknown,7,cooperate,cooperate,0.0,,,,,,2321a1d7fc95ef1a61d6bd28,ok,0.24,0.38,0.39,False,0.53,0.2617,2.6796e-05
framing-001856,framing,harmony,3.0,5.0,0.0,1.0,cooperate_defect,cooperate,self_interest,False,one_shot,,,unknown,0,cooperate,cooperate,0.0,,,,,,98c1aed03b1af1a7e3dcf136,ok,0.2,0.34,0.295,False,0.59,0.2474,2.6796e-05
framing-001857,framing,harmony,3.0,5.0,0.0,1.0,cooperate_defect,cooperate,self_interest,False,one_shot,,,unknown,1,cooperate,cooperate,0.0,,,,,,7bd6a41d5a418aef80436dc0,ok,0.26,0.33,0.3175,False,0.49,0.2749,2.6796e-05
framing-001858,framing,harmony,3.0,5.0,0.0,1.0,cooperate_defect,cooperate,self_interest,False,one_shot,,,unknown,2,cooperate,cooperate,0.0,,,,,,efe901453a5ab98c31a68af6,ok,0.28,0.36,0.3325,False,0.44,0.2357,2.6796e-05
framing-001859,framing,harmony,3.0,5.0,0.0,1.0,cooperate_defect,cooperate,self_interest,False,one_shot,,,unknown,3,cooperate,cooperate,0.0,,,,,,b725257c8711d9a1a81c0454,ok,0.28,0.35,0.3625,False,0.44,0.2298,2.6796e-05
framing-001860,framing,harmony,3.0,5.0,0.0,1.0,cooperate_defect,cooperate,self_interest,False,one_shot,,,unknown,4,cooperate,cooperate,0.0,,,,,,80c2b316519bc268349b3ffd,ok,0.28,0.37,0.33,False,0.45,0.2544,2.6796e-05
framing-001861,framing,harmony,3.0,5.0,0.0,1.0,cooperate_defect,cooperate,self_interest,False,one_shot,,,unknown,5,cooperate,cooperate,0.0,,,,,,333a954f11cfd094ff44a0f5,ok,0.23,0.33,0.3175,False,0.54,0.2583,2.6796e-05
framing-001862,framing,harmony,3.0,5.0,0.0,1.0,cooperate_defect,cooperate,self_interest,False,one_shot,,,unknown,6,cooperate,cooperate,0.0,,,,,,c97144b65cd166e10669dc57,ok,0.28,0.37,0.33,False,0.44,0.2302,2.6796e-05
framing-001863,framing,harmony,3.0,5.0,0.0,1.0,cooperate_defect,cooperate,self_interest,False,one_shot,,,unknown,7,cooperate,cooperate,0.0,,,,,,ea522fdaa61080f134533445,ok,0.3,0.38,0.3425,False,0.41,0.3268,2.6796e-05
framing-001864,framing,prisoners_dilemma,5.0,3.0,1.0,0.0,prisoners,stay_silent,self_interest,True,one_shot,,,unknown,0,defect,defect,0.5,,,,,,89cfc0cc98c86c1ff7653f88,ok,0.07,0.28,0.2525,False,0.85,0.2517,2.8938e-05
framing-001865,framing,prisoners_dilemma,5.0,3.0,1.0,0.0,prisoners,stay_silent,self_interest,True,one_shot,,,unknown,1,defect,defect,0.5,,,,,,b729d1efa861f328d5be1cb1,ok,0.08,0.26,0.25,False,0.84,0.2813,2.8938e-05
framing-001866,framing,prisoners_dilemma,5.0,3.0,1.0,0.0,prisoners,stay_silent,self_interest,True,one_shot,,,unknown,2,defect,defect,0.5,,,,,,e9fb9a6f8a30d8f9ad43df2e,ok,0.07,0.27,0.235,False,0.86,0.2524,2.8938e-05
framing-001867,framing,prisoners_dilemma,5.0,3.0,1.0,0.0,prisoners,stay_silent,self_interest,True,one_shot,,,unknown,3,defect,defect,0.5,,,,,,12a1231ace0d3577510ccbdf,ok,0.08,0.28,0.27,False,0.85,0.2366,2.8938e-05
framing-001868,framing,prisoners_dilemma,5.0,3.0,1.0,0.0,prisoners,stay_silent,self_interest,True,one_shot,,,unknown,4,defect,defect,0.5,,,,,,764be9e13d07c376dc1d382a,ok,0.07,0.26,0.2075,False,0.86,0.2844,2.8938e-05
framing-001869,framing,prisoners_dilemma,5.0,3.0,1.0,0.0,prisoners,stay_silent,self_interest,True,one_shot,,,unknown,5,defect,defect,0.5,,,,,,e9516d1d2552995f72fba5f7,ok,0.06,0.24,0.235,False,0.88,0.261,2.8938e-05
framing-001870,framing,prisoners_dilemma,5.0,3.0,1.0,0.0,prisoners,stay_silent,self_interest,True,one_shot,,,unknown,6,defect,defect,0.5,,,,,,2ad93dedcee6a815b6c71c75,ok,0.09,0.27,0.2575,False,0.82,0.267,2.8938e-05
framing-001871,framing,prisoners_dilemma,5.0,3.0,1.0,0.0,prisoners,stay_silent,self_interest,True,one_shot,,,unknown,7,defect,defect,0.5,,,,,,9a3f7b084acbc5ad329b326c,ok,0.06,0.26,0.2525,False,0.89,0.2588,2.8938e-05
framing-001872,framing,prisoners_dilemma,5.0,3.0,1.0,0.0,prisoners,stay_silent,self_interest,False,one_shot,,,unknown,0,defect,defect,0.5,,,,,,dda966f463500b43ddb38174,ok,0.12,0.28,0.25,False,0.77,0.3476,2.8938e-05
framing-001873,framing,prisoners_dilemma,5.0,3.0,1.0,0.0,prisoners,stay_silent,self_interest,False,one_shot,,,unknown,1,defect,defect,0.5,,,,,,7e14266f8a5ff25287cfa636,ok,0.11,0.26,0.2525,False,0.77,0.2837,2.8938e-05
framing-001874,framing,prisoners_dilemma,5.0,3.0,1.0,0.0,prisoners,stay_silent,self_interest,False,one_shot,,,unknown,2,defect,defect,0.5,,,,,,356297db3096a6d68d3bf1c6,ok,0.09,0.26,0.2325,False,0.82,0.2603,2.8938e-05
framing-001875,framing,prisoners_dilemma,5.0,3.0,1.0,0.0,prisoners,stay_silent,self_interest,False,one_shot,,,unknown,3,defect,defect,0.5,,,,,,eded24223c6090ab30113fdd,ok,0.11,0.23,0.2275,False,0.79,0.2596,2.8938e-05
framing-001876,framing,prisoners_dilemma,5.0,3.0,1.0,0.0,prisoners,stay_silent,self_interest,False,one_shot,,,unknown,4,defect,defect,0.5,,,,,,96f029e6a73486640bc158e5,ok,0.12,0.29,0.2325,False,0.77,0.2382,2.8938e-05
framing-001877,framing,prisoners_dilemma,5.0,3.0,1.0,0.0,prisoners,stay_silent,self_interest,False,one_shot,,,unknown,5,defect,defect,0.5,,,,,,d9ae1d78019c64c720ef4d13,ok,0.11,0.28,0.2325,False,0.78,0.3047,2.8938e-05
framing-001878,framing,prisoners_dilemma,5.0,3.0,1.0,0.0,prisoners,stay_silent,self_interest,False,one_shot,,,unknown,6,defect,defect,0.5,,,,,,4a024fcbc8d91e1d9db552b8,ok,0.1,0.29,0.24,False,0.8,0.241,2.8938e-05
framing-001879,framing,prisoners_dilemma,5.0,3.0,1.0,0.0,prisoners,stay_silent,self_interest,False,one_shot,,,unknown,7,defect,defect,0.5,,,,,,cabd19133f5b1b91d01ca9fc,ok,0.12,0.28,0.255,False,0.77,0.2777,2.8938e-05
framing-001880,framing,harmony,3.0,5.0,0.0,1.0,prisoners,stay_silent,self_interest,True,one_shot,,,unknown,0,cooperate,cooperate,0.0,,,,,,ca63fa86be26b2d4185b01da,ok,0.45,0.47,0.5175,False,0.1,0.2725,2.8938e-05
framing-001881,framing,harmony,3.0,5.0,0.0,1.0,prisoners,stay_silent,self_interest,True,one_shot,,,unknown,1,cooperate,cooperate,0.0,,,,,,e2ad5722167391ba9a19c88a,ok,0.56,0.49,0.5575,True,0.12,0.2943,2.8938e-05
framing-001882,framing,harmony,3.0,5.0,0.0,1.0,prisoners,stay_silent,self_interest,True,one_shot,,,unknown,2,cooperate,cooperate,0.0,,,,,,12489a82db536979f848e04c,ok,0.5,0.49,0.5525,False,0.01,0.2442,2.8938e-05
framing-001883,framing,harmony,3.0,5.0,0.0,1.0,prisoners,stay_silent,self_interest,True,one_shot,,,unknown,3,cooperate,cooperate,0.0,,,,,,45610c2f0c25f77b85e0576d,ok,0.47,0.48,0.525,False,0.05,0.2876,2.8938e-05
framing-001884,framing,harmony,3.0,5.0,0.0,1.0,prisoners,stay_silent,self_interest,True,one_shot,,,unknown,4,cooperate,cooperate,0.0,,,,,,8e62dd09850da8b69ac23225,ok,0.46,0.49,0.5575,False,0.08,0.2533,2.8938e-05
framing-001885,framing,harmony,3.0,5.0,0.0,1.0,prisoners,stay_silent,self_interest,True,one_shot,,,unknown,5,cooperate,cooperate,0.0,,,,,,29b04529eda1a92d7cd3d120,ok,0.54,0.51,0.5675,True,0.08,0.2423,2.8938e-05
framing-001886,framing,harmony,3.0,5.0,0.0,1.0,prisoners,stay_silent,self_interest,True,one_shot,,,unknown,6,cooperate,cooperate,0.0,,,,,,5c8faae59b0968e642457f97,ok,0.51,0.49,0.5575,True,0.02,0.2665,2.8938e-05
framing-001887,framing,harmony,3.0,5.0,0.0,1.0,prisoners,stay_silent,self_interest,True,one_shot,,,unknown,7,cooperate,cooperate,0.0,,,,,,280e6a1670b3ec0a6c2e672c,ok,0.52,0.49,0.5675,True,0.05,0.3134,2.8938e-05
framing-001888,framing,harmony,3.0,5.0,0.0,1.0,prisoners,stay_silent,self_interest,False,one_shot,,,unknown,0,cooperate,cooperate,0.0,,,,,,aaef7f27c3bde443525ff135,ok,0.58,0.49,0.535,True,0.16,0.273,2.8938e-05
framing-001889,framing,harmony,3.0,5.0,0.0,1.0,prisoners,stay_silent,self_interest,False,one_shot,,,unknown,1,cooperate,cooperate,0.0,,,,,,201587773f8cb21de627ffd8,ok,0.6,0.48,0.5125,True,0.19,0.2852,2.8938e-05
framing-001890,framing,harmony,3.0,5.0,0.0,1.0,prisoners,stay_silent,self_interest,False,one_shot,,,unknown,2,cooperate,cooperate,0.0,,,,,,f94e51983549affbfd775577,ok,0.64,0.48,0.5425,True,0.29,0.2935,2.8938e-05
framing-001891,framing,harmony,3.0,5.0,0.0,1.0,prisoners,stay_silent,self_interest,False,one_shot,,,unknown,3,cooperate,cooperate,0.0,,,,,,062aad1567e7e2c4674676ed,ok,0.53,0.45,0.4775,True,0.05,0.2584,2.8938e-05
framing-001892,framing,harmony,3.0,5.0,0.0,1.0,prisoners,stay_silent,self_interest,False,one_shot,,,unknown,4,cooperate,cooperate,0.0,,,,,,50111cb2657b589466a4243f,ok,0.59,0.48,0.4925,True,0.17,0.2383,2.8938e-05
framing-001893,framing,harmony,3.0,5.0,0.0,1.0,prisoners,stay_silent,self_interest,False,one_shot,,,unknown,5,cooperate,cooperate,0.0,,,,,,9cf6067c31c9639ff41ee67e,ok,0.67,0.5,0.5375,True,0.33,0.2825,2.8938e-05
framing-001894,framing,harmony,3.0,5.0,0.0,1.0,prisoners,stay_silent,self_interest,False,one_shot,,,unknown,6,cooperate,cooperate,0.0,,,,,,94b849ca5f9177c64373d109,ok,0.6,0.49,0.5175,True,0.21,0.2599,2.8938e-05
framing-001895,framing,harmony,3.0,5.0,0.0,1.0,prisoners,stay_silent,self_interest,False,one_shot,,,unknown,7,cooperate,cooperate,0.0,,,,,,5a360be50730bb599553584d,ok,0.62,0.48,0.55,True,0.25,0.2344,2.8938e-05
framing-001896,framing,prisoners_dilemma,5.0,3.0,1.0,0.0,business,honour_the_deal,self_interest,True,one_shot,,,unknown,0,defect,defect,0.5,,,,,,ec86e50c6b8b6a383ac04d46,ok,0.04,0.21,0.23,False,0.92,0.2736,2.8938e-05
framing-001897,framing,prisoners_dilemma,5.0,3.0,1.0,0.0,business,honour_the_deal,self_interest,True,one_shot,,,unknown,1,defect,defect,0.5,,,,,,396c7753306b5887bc480b57,ok,0.05,0.21,0.2325,False,0.9,0.2618,2.8938e-05
framing-001898,framing,prisoners_dilemma,5.0,3.0,1.0,0.0,business,honour_the_deal,self_interest,True,one_shot,,,unknown,2,defect,defect,0.5,,,,,,26f8012312a91502d8411df5,ok,0.05,0.24,0.2175,False,0.9,0.2643,2.8938e-05
framing-001899,framing,prisoners_dilemma,5.0,3.0,1.0,0.0,business,honour_the_deal,self_interest,True,one_shot,,,unknown,3,defect,defect,0.5,,,,,,23879de7b9c102fc1a93efd5,ok,0.04,0.23,0.23,False,0.91,0.2535,2.8938e-05
framing-001900,framing,prisoners_dilemma,5.0,3.0,1.0,0.0,business,honour_the_deal,self_interest,True,one_shot,,,unknown,4,defect,defect,0.5,,,,,,05e801cc138baab1a17da34d,ok,0.04,0.23,0.2175,False,0.92,0.2595,2.8938e-05
framing-001901,framing,prisoners_dilemma,5.0,3.0,1.0,0.0,business,honour_the_deal,self_interest,True,one_shot,,,unknown,5,defect,defect,0.5,,,,,,24857788dc7e831b3a0b1e14,ok,0.04,0.24,0.24,False,0.91,0.2423,2.8938e-05
framing-001902,framing,prisoners_dilemma,5.0,3.0,1.0,0.0,business,honour_the_deal,self_interest,True,one_shot,,,unknown,6,defect,defect,0.5,,,,,,ed277f1921743e599916162e,ok,0.05,0.21,0.2325,False,0.9,0.2984,2.8938e-05
framing-001903,framing,prisoners_dilemma,5.0,3.0,1.0,0.0,business,honour_the_deal,self_interest,True,one_shot,,,unknown,7,defect,defect,0.5,,,,,,aac5461c644f19958fea7c1f,ok,0.03,0.21,0.2,False,0.94,0.2636,2.8938e-05
framing-001904,framing,prisoners_dilemma,5.0,3.0,1.0,0.0,business,honour_the_deal,self_interest,False,one_shot,,,unknown,0,defect,defect,0.5,,,,,,3fb83f88beb87168a1344970,ok,0.07,0.24,0.24,False,0.85,0.3987,2.8938e-05
framing-001905,framing,prisoners_dilemma,5.0,3.0,1.0,0.0,business,honour_the_deal,self_interest,False,one_shot,,,unknown,1,defect,defect,0.5,,,,,,608c107f6cb1e175300e96b1,ok,0.09,0.24,0.235,False,0.81,0.2807,2.8938e-05
framing-001906,framing,prisoners_dilemma,5.0,3.0,1.0,0.0,business,honour_the_deal,self_interest,False,one_shot,,,unknown,2,defect,defect,0.5,,,,,,14a8f9976b41019cb8807a64,ok,0.06,0.24,0.245,False,0.89,0.2727,2.8938e-05
framing-001907,framing,prisoners_dilemma,5.0,3.0,1.0,0.0,business,honour_the_deal,self_interest,False,one_shot,,,unknown,3,defect,defect,0.5,,,,,,01820a5acdc3fa666e39ed08,ok,0.06,0.22,0.23,False,0.88,0.2341,2.8938e-05
framing-001908,framing,prisoners_dilemma,5.0,3.0,1.0,0.0,business,honour_the_deal,self_interest,False,one_shot,,,unknown,4,defect,defect,0.5,,,,,,b875f815feb6093a65d4dc55,ok,0.05,0.21,0.235,False,0.89,0.2766,2.8938e-05
framing-001909,framing,prisoners_dilemma,5.0,3.0,1.0,0.0,business,honour_the_deal,self_interest,False,one_shot,,,unknown,5,defect,defect,0.5,,,,,,0040909b7995484157851e7a,ok,0.08,0.23,0.23,False,0.85,0.2778,2.8938e-05
framing-001910,framing,prisoners_dilemma,5.0,3.0,1.0,0.0,business,honour_the_deal,self_interest,False,one_shot,,,unknown,6,defect,defect,0.5,,,,,,712e5267651c21af0c97ce14,ok,0.07,0.21,0.235,False,0.86,0.2272,2.8938e-05
framing-001911,framing,prisoners_dilemma,5.0,3.0,1.0,0.0,business,honour_the_deal,self_interest,False,one_shot,,,unknown,7,defect,defect,0.5,,,,,,d6beda3b1fcf4561408fce49,ok,0.09,0.25,0.2275,False,0.83,0.2522,2.8938e-05
framing-001912,framing,harmony,3.0,5.0,0.0,1.0,business,honour_the_deal,self_interest,True,one_shot,,,unknown,0,cooperate,cooperate,0.0,,,,,,7c0bb9306dc5716fb7d8602c,ok,0.15,0.37,0.3575,False,0.69,0.2562,2.8938e-05
framing-001913,framing,harmony,3.0,5.0,0.0,1.0,business,honour_the_deal,self_interest,True,one_shot,,,unknown,1,cooperate,cooperate,0.0,,,,,,697c105d6b05652c51c9d4a7,ok,0.21,0.41,0.3325,False,0.59,0.2523,2.8938e-05
framing-001914,framing,harmony,3.0,5.0,0.0,1.0,business,honour_the_deal,self_interest,True,one_shot,,,unknown,2,cooperate,cooperate,0.0,,,,,,0dd94a65e333d4dbf5729470,ok,0.18,0.37,0.3575,False,0.63,0.2416,2.8938e-05
framing-001915,framing,harmony,3.0,5.0,0.0,1.0,business,honour_the_deal,self_interest,True,one_shot,,,unknown,3,cooperate,cooperate,0.0,,,,,,2ce8ffbe6926b97d7eaeb61b,ok,0.22,0.41,0.4375,False,0.56,0.2873,2.8938e-05
framing-001916,framing,harmony,3.0,5.0,0.0,1.0,business,honour_the_deal,self_interest,True,one_shot,,,unknown,4,cooperate,cooperate,0.0,,,,,,a6d096e2753d4c6578193515,ok,0.19,0.37,0.365,False,0.63,0.2543,2.8938e-05
framing-001917,framing,harmony,3.0,5.0,0.0,1.0,business,honour_the_deal,self_interest,True,one_shot,,,unknown,5,cooperate,cooperate,0.0,,,,,,f2f8cbcda97a749f29faa56f,ok,0.23,0.39,0.38,False,0.55,0.2441,2.8938e-05
framing-001918,framing,harmony,3.0,5.0,0.0,1.0,business,honour_the_deal,self_interest,True,one_shot,,,unknown,6,cooperate,cooperate,0.0,,,,,,0cf683518b162104ab98b90a,ok,0.23,0.36,0.3775,False,0.54,0.2443,2.8938e-05
framing-001919,framing,harmony,3.0,5.0,0.0,1.0,business,honour_the_deal,self_interest,True,one_shot,,,unknown,7,cooperate,cooperate,0.0,,,,,,c8639135083f56aedac70685,ok,0.18,0.37,0.3425,False,0.65,0.2796,2.8938e-05
framing-001920,framing,harmony,3.0,5.0,0.0,1.0,business,honour_the_deal,self_interest,False,one_shot,,,unknown,0,cooperate,cooperate,0.0,,,,,,3181cea6296b5a3ebd93af55,ok,0.42,0.39,0.35,False,0.16,0.2715,2.8938e-05
framing-001921,framing,harmony,3.0,5.0,0.0,1.0,business,honour_the_deal,self_interest,False,one_shot,,,unknown,1,cooperate,cooperate,0.0,,,,,,85c93bca6cfe9c816f110110,ok,0.42,0.36,0.34,False,0.15,0.2782,2.8938e-05
framing-001922,framing,harmony,3.0,5.0,0.0,1.0,business,honour_the_deal,self_interest,False,one_shot,,,unknown,2,cooperate,cooperate,0.0,,,,,,735659ae9bc578adc7451b43,ok,0.44,0.42,0.35,False,0.11,0.2597,2.8938e-05
framing-001923,framing,harmony,3.0,5.0,0.0,1.0,business,honour_the_deal,self_interest,False,one_shot,,,unknown,3,cooperate,cooperate,0.0,,,,,,b364cf8d31524c599e680d94,ok,0.48,0.4,0.3825,False,0.05,0.3234,2.8938e-05
framing-001924,framing,harmony,3.0,5.0,0.0,1.0,business,honour_the_deal,self_interest,False,one_shot,,,unknown,4,cooperate,cooperate,0.0,,,,,,490e0a5afb7ae8d9affee0e7,ok,0.51,0.39,0.3425,True,0.02,0.2492,2.8938e-05
framing-001925,framing,harmony,3.0,5.0,0.0,1.0,business,honour_the_deal,self_interest,False,one_shot,,,unknown,5,cooperate,cooperate,0.0,,,,,,8fadc5ec3ae492fb5c8bd000,ok,0.41,0.37,0.36,False,0.18,0.283,2.8938e-05
framing-001926,framing,harmony,3.0,5.0,0.0,1.0,business,honour_the_deal,self_interest,False,one_shot,,,unknown,6,cooperate,cooperate,0.0,,,,,,355bcc6033967803fba27ceb,ok,0.41,0.37,0.3075,False,0.19,0.2304,2.8938e-05
framing-001927,framing,harmony,3.0,5.0,0.0,1.0,business,honour_the_deal,self_interest,False,one_shot,,,unknown,7,cooperate,cooperate,0.0,,,,,,e4ffdfc986c33a9ca3184d9d,ok,0.34,0.34,0.32,False,0.31,0.2394,2.8938e-05
framing-001928,framing,prisoners_dilemma,5.0,3.0,1.0,0.0,arms_race,disarm,self_interest,True,one_shot,,,unknown,0,defect,defect,0.5,,,,,,2b81d12f5491a3a2b881a5b2,ok,0.09,0.2,0.2325,False,0.82,0.2827,2.898e-05
framing-001929,framing,prisoners_dilemma,5.0,3.0,1.0,0.0,arms_race,disarm,self_interest,True,one_shot,,,unknown,1,defect,defect,0.5,,,,,,f526a56098028c80905399d7,ok,0.07,0.18,0.2,False,0.86,0.3549,2.898e-05
framing-001930,framing,prisoners_dilemma,5.0,3.0,1.0,0.0,arms_race,disarm,self_interest,True,one_shot,,,unknown,2,defect,defect,0.5,,,,,,a1be63157723bcaa8fd0bf75,ok,0.09,0.23,0.2275,False,0.82,0.2518,2.898e-05
framing-001931,framing,prisoners_dilemma,5.0,3.0,1.0,0.0,arms_race,disarm,self_interest,True,one_shot,,,unknown,3,defect,defect,0.5,,,,,,660a75e54b15c1f60187cc1d,ok,0.07,0.21,0.22,False,0.87,0.2637,2.898e-05
framing-001932,framing,prisoners_dilemma,5.0,3.0,1.0,0.0,arms_race,disarm,self_interest,True,one_shot,,,unknown,4,defect,defect,0.5,,,,,,119b4b78f7e4fdc0fb7f4fb2,ok,0.07,0.2,0.2125,False,0.86,0.2523,2.898e-05
framing-001933,framing,prisoners_dilemma,5.0,3.0,1.0,0.0,arms_race,disarm,self_interest,True,one_shot,,,unknown,5,defect,defect,0.5,,,,,,545a40e8ea798d27e5c3683e,ok,0.07,0.21,0.2225,False,0.87,0.2459,2.898e-05
framing-001934,framing,prisoners_dilemma,5.0,3.0,1.0,0.0,arms_race,disarm,self_interest,True,one_shot,,,unknown,6,defect,defect,0.5,,,,,,4e08c54f88d6869a842fa826,ok,0.07,0.18,0.2225,False,0.85,0.2305,2.898e-05
framing-001935,framing,prisoners_dilemma,5.0,3.0,1.0,0.0,arms_race,disarm,self_interest,True,one_shot,,,unknown,7,defect,defect,0.5,,,,,,4bacca358378473017f6b76a,ok,0.08,0.2,0.2075,False,0.83,0.2545,2.898e-05
framing-001936,framing,prisoners_dilemma,5.0,3.0,1.0,0.0,arms_race,disarm,self_interest,False,one_shot,,,unknown,0,defect,defect,0.5,,,,,,6819595d3defd9fdff4b8c47,ok,0.12,0.2,0.2125,False,0.76,0.3042,2.898e-05
framing-001937,framing,prisoners_dilemma,5.0,3.0,1.0,0.0,arms_race,disarm,self_interest,False,one_shot,,,unknown,1,defect,defect,0.5,,,,,,967bf2826a82672abc365638,ok,0.1,0.19,0.2125,False,0.8,0.28,2.898e-05
framing-001938,framing,prisoners_dilemma,5.0,3.0,1.0,0.0,arms_race,disarm,self_interest,False,one_shot,,,unknown,2,defect,defect,0.5,,,,,,44f69cba2e1927ba7801827f,ok,0.15,0.21,0.2225,False,0.7,0.3318,2.898e-05
framing-001939,framing,prisoners_dilemma,5.0,3.0,1.0,0.0,arms_race,disarm,self_interest,False,one_shot,,,unknown,3,defect,defect,0.5,,,,,,cc080d683fd2b9b4e1fb4840,ok,0.17,0.24,0.245,False,0.65,0.2487,2.898e-05
framing-001940,framing,prisoners_dilemma,5.0,3.0,1.0,0.0,arms_race,disarm,self_interest,False,one_shot,,,unknown,4,defect,defect,0.5,,,,,,0b2d879482b200677c763bf4,ok,0.12,0.22,0.2225,False,0.75,0.2513,2.898e-05
framing-001941,framing,prisoners_dilemma,5.0,3.0,1.0,0.0,arms_race,disarm,self_interest,False,one_shot,,,unknown,5,defect,defect,0.5,,,,,,4223a90c7e598e7be9c51b4c,ok,0.12,0.21,0.2175,False,0.76,0.2467,2.898e-05
framing-001942,framing,prisoners_dilemma,5.0,3.0,1.0,0.0,arms_race,disarm,self_interest,False,one_shot,,,unknown,6,defect,defect,0.5,,,,,,03adcbe4699ea3e518d6d258,ok,0.11,0.2,0.21,False,0.79,0.2827,2.898e-05
framing-001943,framing,prisoners_dilemma,5.0,3.0,1.0,0.0,arms_race,disarm,self_interest,False,one_shot,,,unknown,7,defect,defect,0.5,,,,,,19e11427bcefbba293ce344b,ok,0.16,0.2,0.2125,False,0.68,0.2378,2.898e-05
framing-001944,framing,harmony,3.0,5.0,0.0,1.0,arms_race,disarm,self_interest,True,one_shot,,,unknown,0,cooperate,cooperate,0.0,,,,,,70ebde0f88067b52aaf4d143,ok,0.39,0.41,0.4125,False,0.23,0.2743,2.898e-05
framing-001945,framing,harmony,3.0,5.0,0.0,1.0,arms_race,disarm,self_interest,True,one_shot,,,unknown,1,cooperate,cooperate,0.0,,,,,,ff1fe7921b4a9334921724f6,ok,0.44,0.43,0.46,False,0.13,0.2724,2.898e-05
framing-001946,framing,harmony,3.0,5.0,0.0,1.0,arms_race,disarm,self_interest,True,one_shot,,,unknown,2,cooperate,cooperate,0.0,,,,,,c00910d4257df5c51b95847e,ok,0.34,0.37,0.4225,False,0.31,0.3295,2.898e-05
framing-001947,framing,harmony,3.0,5.0,0.0,1.0,arms_race,disarm,self_interest,True,one_shot,,,unknown,3,cooperate,cooperate,0.0,,,,,,1e0a3b48b3b7499e813b4e22,ok,0.31,0.39,0.3775,False,0.39,0.2589,2.898e-05
framing-001948,framing,harmony,3.0,5.0,0.0,1.0,arms_race,disarm,self_interest,True,one_shot,,,unknown,4,cooperate,cooperate,0.0,,,,,,14cda4eb23621fc4f7a6fa0a,ok,0.38,0.38,0.445,False,0.25,0.2764,2.898e-05
framing-001949,framing,harmony,3.0,5.0,0.0,1.0,arms_race,disarm,self_interest,True,one_shot,,,unknown,5,cooperate,cooperate,0.0,,,,,,c9937a2a30475802c5487fc7,ok,0.35,0.42,0.4325,False,0.29,0.2738,2.898e-05
framing-001950,framing,harmony,3.0,5.0,0.0,1.0,arms_race,disarm,self_interest,True,one_shot,,,unknown,6,cooperate,cooperate,0.0,,,,,,9fa6e45ef804f6136c3041e8,ok,0.36,0.4,0.3975,False,0.28,0.2341,2.898e-05
framing-001951,framing,harmony,3.0,5.0,0.0,1.0,arms_race,disarm,self_interest,True,one_shot,,,unknown,7,cooperate,cooperate,0.0,,,,,,118a10d12d857a5db3f1e8e2,ok,0.39,0.4,0.4775,False,0.21,0.2625,2.898e-05
framing-001952,framing,harmony,3.0,5.0,0.0,1.0,arms_race,disarm,self_interest,False,one_shot,,,unknown,0,cooperate,cooperate,0.0,,,,,,fbe969743a20dc949c460649,ok,0.64,0.45,0.485,True,0.27,0.2579,2.898e-05
framing-001953,framing,harmony,3.0,5.0,0.0,1.0,arms_race,disarm,self_interest,False,one_shot,,,unknown,1,cooperate,cooperate,0.0,,,,,,483583b0bd202f46794094cf,ok,0.5,0.4,0.44,True,0.0,0.2467,2.898e-05
framing-001954,framing,harmony,3.0,5.0,0.0,1.0,arms_race,disarm,self_interest,False,one_shot,,,unknown,2,cooperate,cooperate,0.0,,,,,,9e7c1b198e9d6ff67b01dac1,ok,0.42,0.38,0.4125,False,0.16,0.2668,2.898e-05
framing-001955,framing,harmony,3.0,5.0,0.0,1.0,arms_race,disarm,self_interest,False,one_shot,,,unknown,3,cooperate,cooperate,0.0,,,,,,a492d11752e4d8759c895145,ok,0.4,0.4,0.395,False,0.2,0.2956,2.898e-05
framing-001956,framing,harmony,3.0,5.0,0.0,1.0,arms_race,disarm,self_interest,False,one_shot,,,unknown,4,cooperate,cooperate,0.0,,,,,,9684855ad33a43a6181c7ead,ok,0.52,0.38,0.44,True,0.04,0.2612,2.898e-05
framing-001957,framing,harmony,3.0,5.0,0.0,1.0,arms_race,disarm,self_interest,False,one_shot,,,unknown,5,cooperate,cooperate,0.0,,,,,,273895535b7ec204cf69e1a9,ok,0.44,0.36,0.415,False,0.12,0.2713,2.898e-05
framing-001958,framing,harmony,3.0,5.0,0.0,1.0,arms_race,disarm,self_interest,False,one_shot,,,unknown,6,cooperate,cooperate,0.0,,,,,,860bd8eae92267fc93c683af,ok,0.57,0.41,0.4925,True,0.14,0.2721,2.898e-05
framing-001959,framing,harmony,3.0,5.0,0.0,1.0,arms_race,disarm,self_interest,False,one_shot,,,unknown,7,cooperate,cooperate,0.0,,,,,,5de740e31cbef4f41d81159c,ok,0.46,0.4,0.385,False,0.08,0.2895,2.898e-05
framing-001960,framing,prisoners_dilemma,5.0,3.0,1.0,0.0,commons,limit_catch,self_interest,True,one_shot,,,unknown,0,defect,defect,0.5,,,,,,515b5ddf9f1492285f92fa33,ok,0.02,0.17,0.155,False,0.96,0.2494,3.0324e-05
framing-001961,framing,prisoners_dilemma,5.0,3.0,1.0,0.0,commons,limit_catch,self_interest,True,one_shot,,,unknown,1,defect,defect,0.5,,,,,,18e497adbd85fbf47fd5de0e,ok,0.01,0.16,0.1425,False,0.97,0.2554,3.0324e-05
framing-001962,framing,prisoners_dilemma,5.0,3.0,1.0,0.0,commons,limit_catch,self_interest,True,one_shot,,,unknown,2,defect,defect,0.5,,,,,,0b8830ae985d00bd0817bfbd,ok,0.02,0.15,0.1625,False,0.97,0.2543,3.0324e-05
framing-001963,framing,prisoners_dilemma,5.0,3.0,1.0,0.0,commons,limit_catch,self_interest,True,one_shot,,,unknown,3,defect,defect,0.5,,,,,,073a901af2ccf049ae839eb2,ok,0.02,0.17,0.16,False,0.95,0.2926,3.0324e-05
framing-001964,framing,prisoners_dilemma,5.0,3.0,1.0,0.0,commons,limit_catch,self_interest,True,one_shot,,,unknown,4,defect,defect,0.5,,,,,,ce1af7f2483827a0cb248af1,ok,0.02,0.16,0.165,False,0.96,0.2546,3.0324e-05
framing-001965,framing,prisoners_dilemma,5.0,3.0,1.0,0.0,commons,limit_catch,self_interest,True,one_shot,,,unknown,5,defect,defect,0.5,,,,,,fb95c428c4a12f215a8b0b2d,ok,0.02,0.16,0.155,False,0.96,0.2538,3.0324e-05
framing-001966,framing,prisoners_dilemma,5.0,3.0,1.0,0.0,commons,limit_catch,self_interest,True,one_shot,,,unknown,6,defect,defect,0.5,,,,,,c2eba48a1b186769c534c083,ok,0.02,0.15,0.1475,False,0.96,0.2448,3.0324e-05
framing-001967,framing,prisoners_dilemma,5.0,3.0,1.0,0.0,commons,limit_catch,self_interest,True,one_shot,,,unknown,7,defect,defect,0.5,,,,,,ecd3e96f75f7c8f3227abfa0,ok,0.02,0.15,0.145,False,0.97,0.2387,3.0324e-05
framing-001968,framing,prisoners_dilemma,5.0,3.0,1.0,0.0,commons,limit_catch,self_interest,False,one_shot,,,unknown,0,defect,defect,0.5,,,,,,ce2da135339536d2a801a938,ok,0.02,0.17,0.1725,False,0.95,0.2546,3.0324e-05
framing-001969,framing,prisoners_dilemma,5.0,3.0,1.0,0.0,commons,limit_catch,self_interest,False,one_shot,,,unknown,1,defect,defect,0.5,,,,,,cb8fa9cdc211c288975f8394,ok,0.03,0.15,0.15,False,0.95,0.2627,3.0324e-05
framing-001970,framing,prisoners_dilemma,5.0,3.0,1.0,0.0,commons,limit_catch,self_interest,False,one_shot,,,unknown,2,defect,defect,0.5,,,,,,5196871556ff3ca90199fb4d,ok,0.02,0.16,0.145,False,0.96,0.2911,3.0324e-05
framing-001971,framing,prisoners_dilemma,5.0,3.0,1.0,0.0,commons,limit_catch,self_interest,False,one_shot,,,unknown,3,defect,defect,0.5,,,,,,6fae1f349f2281260d00ff1a,ok,0.03,0.16,0.175,False,0.95,0.2679,3.0324e-05
framing-001972,framing,prisoners_dilemma,5.0,3.0,1.0,0.0,commons,limit_catch,self_interest,False,one_shot,,,unknown,4,defect,defect,0.5,,,,,,20a55bc707952cf9b00465fa,ok,0.02,0.14,0.145,False,0.95,0.2403,3.0324e-05
framing-001973,framing,prisoners_dilemma,5.0,3.0,1.0,0.0,commons,limit_catch,self_interest,False,one_shot,,,unknown,5,defect,defect,0.5,,,,,,149289386e560791df9a39c5,ok,0.03,0.15,0.145,False,0.94,0.252,3.0324e-05
framing-001974,framing,prisoners_dilemma,5.0,3.0,1.0,0.0,commons,limit_catch,self_interest,False,one_shot,,,unknown,6,defect,defect,0.5,,,,,,5e1fc6a208e11133a23ef428,ok,0.03,0.16,0.15,False,0.94,0.2431,3.0324e-05
framing-001975,framing,prisoners_dilemma,5.0,3.0,1.0,0.0,commons,limit_catch,self_interest,False,one_shot,,,unknown,7,defect,defect,0.5,,,,,,349f4d15927d56b2a7eda2bb,ok,0.03,0.15,0.1525,False,0.93,0.4876,3.0324e-05
framing-001976,framing,harmony,3.0,5.0,0.0,1.0,commons,limit_catch,self_interest,True,one_shot,,,unknown,0,cooperate,cooperate,0.0,,,,,,e27a299ea80338ebeb057268,ok,0.17,0.28,0.2825,False,0.67,0.3049,3.0324e-05
framing-001977,framing,harmony,3.0,5.0,0.0,1.0,commons,limit_catch,self_interest,True,one_shot,,,unknown,1,cooperate,cooperate,0.0,,,,,,0c1f583b2745f4b68708dbd8,ok,0.28,0.36,0.355,False,0.43,0.2982,3.0324e-05
framing-001978,framing,harmony,3.0,5.0,0.0,1.0,commons,limit_catch,self_interest,True,one_shot,,,unknown,2,cooperate,cooperate,0.0,,,,,,85bd0628d25010b6e4b4ff97,ok,0.22,0.31,0.335,False,0.57,0.2259,3.0324e-05
framing-001979,framing,harmony,3.0,5.0,0.0,1.0,commons,limit_catch,self_interest,True,one_shot,,,unknown,3,cooperate,cooperate,0.0,,,,,,769b969b54c8024b2726b000,ok,0.25,0.34,0.33,False,0.51,0.2707,3.0324e-05
framing-001980,framing,harmony,3.0,5.0,0.0,1.0,commons,limit_catch,self_interest,True,one_shot,,,unknown,4,cooperate,cooperate,0.0,,,,,,02b64ceb72d4422d0eeaf4ed,ok,0.28,0.39,0.36,False,0.43,0.2485,3.0324e-05
framing-001981,framing,harmony,3.0,5.0,0.0,1.0,commons,limit_catch,self_interest,True,one_shot,,,unknown,5,cooperate,cooperate,0.0,,,,,,1e6e924feb96d2203ddf5e2f,ok,0.24,0.32,0.3175,False,0.53,0.2342,3.0324e-05
framing-001982,framing,harmony,3.0,5.0,0.0,1.0,commons,limit_catch,self_interest,True,one_shot,,,unknown,6,cooperate,cooperate,0.0,,,,,,9fd205a1899c54663993c23a,ok,0.25,0.3,0.315,False,0.5,0.2498,3.0324e-05
framing-001983,framing,harmony,3.0,5.0,0.0,1.0,commons,limit_catch,self_interest,True,one_shot,,,unknown,7,cooperate,cooperate,0.0,,,,,,6f56ece26beeb4b902299256,ok,0.26,0.31,0.3475,False,0.49,0.2712,3.0324e-05
framing-001984,framing,harmony,3.0,5.0,0.0,1.0,commons,limit_catch,self_interest,False,one_shot,,,unknown,0,cooperate,cooperate,0.0,,,,,,2378495a6b82a2f34e1ba29c,ok,0.38,0.36,0.3775,False,0.24,0.2487,3.0324e-05
framing-001985,framing,harmony,3.0,5.0,0.0,1.0,commons,limit_catch,self_interest,False,one_shot,,,unknown,1,cooperate,cooperate,0.0,,,,,,c1ff905ad9c1c961161e488b,ok,0.36,0.33,0.35,False,0.28,0.2439,3.0324e-05
framing-001986,framing,harmony,3.0,5.0,0.0,1.0,commons,limit_catch,self_interest,False,one_shot,,,unknown,2,cooperate,cooperate,0.0,,,,,,8252cf35d47bcee02e1ebd78,ok,0.37,0.38,0.365,False,0.26,0.2466,3.0324e-05
framing-001987,framing,harmony,3.0,5.0,0.0,1.0,commons,limit_catch,self_interest,False,one_shot,,,unknown,3,cooperate,cooperate,0.0,,,,,,cdb657a5a3a79af399192653,ok,0.23,0.28,0.2975,False,0.54,0.2712,3.0324e-05
framing-001988,framing,harmony,3.0,5.0,0.0,1.0,commons,limit_catch,self_interest,False,one_shot,,,unknown,4,cooperate,cooperate,0.0,,,,,,f47d13ea0d30bd93e35b4840,ok,0.24,0.3,0.3175,False,0.52,0.2861,3.0324e-05
framing-001989,framing,harmony,3.0,5.0,0.0,1.0,commons,limit_catch,self_interest,False,one_shot,,,unknown,5,cooperate,cooperate,0.0,,,,,,c76e1838499c6409155e7dc3,ok,0.28,0.33,0.3575,False,0.44,0.3043,3.0324e-05
framing-001990,framing,harmony,3.0,5.0,0.0,1.0,commons,limit_catch,self_interest,False,one_shot,,,unknown,6,cooperate,cooperate,0.0,,,,,,bb2202b9a9083301fc089b04,ok,0.28,0.29,0.34,False,0.43,0.2395,3.0324e-05
framing-001991,framing,harmony,3.0,5.0,0.0,1.0,commons,limit_catch,self_interest,False,one_shot,,,unknown,7,cooperate,cooperate,0.0,,,,,,4011df3d7b27a93a5753b1f0,ok,0.29,0.29,0.33,False,0.42,0.2721,3.0324e-05
affine-001992,affine,prisoners_dilemma,5.0,3.0,1.0,0.0,abstract,A,self_interest,True,one_shot,,,unknown,0,defect,defect,0.5,,,identity,,prisoners_dilemma,b52cd16ce549cf71aaadd88f,ok,0.24,0.41,0.4625,False,0.53,0.2437,2.772e-05
affine-001993,affine,prisoners_dilemma,5.0,3.0,1.0,0.0,abstract,A,self_interest,True,one_shot,,,unknown,1,defect,defect,0.5,,,identity,,prisoners_dilemma,2c0e9d2c97f88d87709b06d6,ok,0.23,0.41,0.5,False,0.53,0.2903,2.772e-05
affine-001994,affine,prisoners_dilemma,5.0,3.0,1.0,0.0,abstract,A,self_interest,True,one_shot,,,unknown,2,defect,defect,0.5,,,identity,,prisoners_dilemma,f83520e3039b9f83888b9651,ok,0.27,0.41,0.4925,False,0.45,0.3132,2.772e-05
affine-001995,affine,prisoners_dilemma,5.0,3.0,1.0,0.0,abstract,A,self_interest,True,one_shot,,,unknown,3,defect,defect,0.5,,,identity,,prisoners_dilemma,ba5460a693d037f2b045c06a,ok,0.28,0.42,0.5,False,0.44,0.2471,2.772e-05
affine-001996,affine,prisoners_dilemma,5.0,3.0,1.0,0.0,abstract,A,self_interest,True,one_shot,,,unknown,4,defect,defect,0.5,,,identity,,prisoners_dilemma,814c4719b25483dbc6626aef,ok,0.26,0.42,0.495,False,0.48,0.2713,2.772e-05
affine-001997,affine,prisoners_dilemma,5.0,3.0,1.0,0.0,abstract,A,self_interest,True,one_shot,,,unknown,5,defect,defect,0.5,,,identity,,prisoners_dilemma,102e67a8501d23546a5b6038,ok,0.24,0.41,0.49,False,0.52,0.249,2.772e-05
affine-001998,affine,prisoners_dilemma,5.0,3.0,1.0,0.0,abstract,A,self_interest,True,one_shot,,,unknown,6,defect,defect,0.5,,,identity,,prisoners_dilemma,cf37bbe492ba95e3c14552fb,ok,0.27,0.42,0.49,False,0.46,0.259,2.772e-05
affine-001999,affine,prisoners_dilemma,5.0,3.0,1.0,0.0,abstract,A,self_interest,True,one_shot,,,unknown,7,defect,defect,0.5,,,identity,,prisoners_dilemma,2f3bfddfca544b6ae5ccc168,ok,0.26,0.41,0.47,False,0.48,0.2534,2.772e-05
affine-002000,affine,prisoners_dilemma,5.0,3.0,1.0,0.0,abstract,B,self_interest,False,one_shot,,,unknown,0,defect,defect,0.5,,,identity,,prisoners_dilemma,f23a03478cde5a119175407b,ok,0.23,0.35,0.4575,False,0.54,0.2514,2.772e-05
affine-002001,affine,prisoners_dilemma,5.0,3.0,1.0,0.0,abstract,B,self_interest,False,one_shot,,,unknown,1,defect,defect,0.5,,,identity,,prisoners_dilemma,76b91725e0b130f62dc82d6c,ok,0.23,0.39,0.455,False,0.55,0.3011,2.772e-05
affine-002002,affine,prisoners_dilemma,5.0,3.0,1.0,0.0,abstract,B,self_interest,False,one_shot,,,unknown,2,defect,defect,0.5,,,identity,,prisoners_dilemma,6a44c4fda7b721a073784f4c,ok,0.19,0.35,0.455,False,0.61,0.2348,2.772e-05
affine-002003,affine,prisoners_dilemma,5.0,3.0,1.0,0.0,abstract,B,self_interest,False,one_shot,,,unknown,3,defect,defect,0.5,,,identity,,prisoners_dilemma,33e298e33cd1e163fcc8bc46,ok,0.19,0.34,0.4425,False,0.63,0.2353,2.772e-05
affine-002004,affine,prisoners_dilemma,5.0,3.0,1.0,0.0,abstract,B,self_interest,False,one_shot,,,unknown,4,defect,defect,0.5,,,identity,,prisoners_dilemma,6fb0610740c5093d5c1091cb,ok,0.2,0.37,0.4625,False,0.6,0.2736,2.772e-05
affine-002005,affine,prisoners_dilemma,5.0,3.0,1.0,0.0,abstract,B,self_interest,False,one_shot,,,unknown,5,defect,defect,0.5,,,identity,,prisoners_dilemma,3762956a0a328e4c991e109d,ok,0.19,0.38,0.455,False,0.61,0.2393,2.772e-05
affine-002006,affine,prisoners_dilemma,5.0,3.0,1.0,0.0,abstract,B,self_interest,False,one_shot,,,unknown,6,defect,defect,0.5,,,identity,,prisoners_dilemma,5e89c51af05ddd14eb84ff1d,ok,0.26,0.36,0.475,False,0.47,0.2773,2.772e-05
affine-002007,affine,prisoners_dilemma,5.0,3.0,1.0,0.0,abstract,B,self_interest,False,one_shot,,,unknown,7,defect,defect,0.5,,,identity,,prisoners_dilemma,51020ee17072a2d92e10423d,ok,0.23,0.34,0.4525,False,0.54,0.2544,2.772e-05
affine-002008,affine,harmony,3.0,5.0,0.0,1.0,abstract,A,self_interest,True,one_shot,,,unknown,0,cooperate,cooperate,0.0,,,identity,,harmony,a3a6f8f42d11758655bc5558,ok,0.91,0.7,0.765,True,0.82,0.2477,2.772e-05
affine-002009,affine,harmony,3.0,5.0,0.0,1.0,abstract,A,self_interest,True,one_shot,,,unknown,1,cooperate,cooperate,0.0,,,identity,,harmony,48a8dc976026baaf7b0b72f6,ok,0.85,0.69,0.7575,True,0.71,0.2912,2.772e-05
affine-002010,affine,harmony,3.0,5.0,0.0,1.0,abstract,A,self_interest,True,one_shot,,,unknown,2,cooperate,cooperate,0.0,,,identity,,harmony,c039bf0738efb3aba1579610,ok,0.85,0.67,0.735,True,0.71,0.2839,2.772e-05
affine-002011,affine,harmony,3.0,5.0,0.0,1.0,abstract,A,self_interest,True,one_shot,,,unknown,3,cooperate,cooperate,0.0,,,identity,,harmony,95c3bd48ad0a4e6832c045b0,ok,0.89,0.69,0.7475,True,0.78,0.3031,2.772e-05
affine-002012,affine,harmony,3.0,5.0,0.0,1.0,abstract,A,self_interest,True,one_shot,,,unknown,4,cooperate,cooperate,0.0,,,identity,,harmony,7513922744203fbdc5c5359e,ok,0.88,0.67,0.76,True,0.75,0.2329,2.772e-05
affine-002013,affine,harmony,3.0,5.0,0.0,1.0,abstract,A,self_interest,True,one_shot,,,unknown,5,cooperate,cooperate,0.0,,,identity,,harmony,cf728f370405e1c0f845e839,ok,0.88,0.67,0.735,True,0.76,0.226,2.772e-05
affine-002014,affine,harmony,3.0,5.0,0.0,1.0,abstract,A,self_interest,True,one_shot,,,unknown,6,cooperate,cooperate,0.0,,,identity,,harmony,3e3dbca6ea03e0c9138b68ee,ok,0.88,0.68,0.7525,True,0.77,0.2531,2.772e-05
affine-002015,affine,harmony,3.0,5.0,0.0,1.0,abstract,A,self_interest,True,one_shot,,,unknown,7,cooperate,cooperate,0.0,,,identity,,harmony,dbddf0a7704e0962f4c82faa,ok,0.9,0.68,0.76,True,0.81,0.2433,2.772e-05
affine-002016,affine,harmony,3.0,5.0,0.0,1.0,abstract,B,self_interest,False,one_shot,,,unknown,0,cooperate,cooperate,0.0,,,identity,,harmony,6df2fee5048cca7721cf9da4,ok,0.89,0.7,0.7,True,0.78,0.2504,2.772e-05
affine-002017,affine,harmony,3.0,5.0,0.0,1.0,abstract,B,self_interest,False,one_shot,,,unknown,1,cooperate,cooperate,0.0,,,identity,,harmony,77ace9aabf801a9b48c65870,ok,0.92,0.71,0.7225,True,0.84,0.2827,2.772e-05
affine-002018,affine,harmony,3.0,5.0,0.0,1.0,abstract,B,self_interest,False,one_shot,,,unknown,2,cooperate,cooperate,0.0,,,identity,,harmony,e4e721250f29076f0ced2562,ok,0.93,0.7,0.735,True,0.85,0.2354,2.772e-05
affine-002019,affine,harmony,3.0,5.0,0.0,1.0,abstract,B,self_interest,False,one_shot,,,unknown,3,cooperate,cooperate,0.0,,,identity,,harmony,085a587059d8eed4376b3521,ok,0.93,0.7,0.715,True,0.85,0.2235,2.772e-05
affine-002020,affine,harmony,3.0,5.0,0.0,1.0,abstract,B,self_interest,False,one_shot,,,unknown,4,cooperate,cooperate,0.0,,,identity,,harmony,40a54ef121c5d7b9326cb7fb,ok,0.92,0.7,0.7325,True,0.84,0.236,2.772e-05
affine-002021,affine,harmony,3.0,5.0,0.0,1.0,abstract,B,self_interest,False,one_shot,,,unknown,5,cooperate,cooperate,0.0,,,identity,,harmony,ff43459fb94208f5160e8625,ok,0.94,0.73,0.75,True,0.88,0.2436,2.772e-05
affine-002022,affine,harmony,3.0,5.0,0.0,1.0,abstract,B,self_interest,False,one_shot,,,unknown,6,cooperate,cooperate,0.0,,,identity,,harmony,f6dc38ef7731f8af0cd275ad,ok,0.93,0.74,0.7475,True,0.85,0.2505,2.772e-05
affine-002023,affine,harmony,3.0,5.0,0.0,1.0,abstract,B,self_interest,False,one_shot,,,unknown,7,cooperate,cooperate,0.0,,,identity,,harmony,51defefd514d584f6865b9a0,ok,0.93,0.71,0.7425,True,0.86,0.2422,2.772e-05
affine-002024,affine,prisoners_dilemma,50.0,30.0,10.0,0.0,abstract,A,self_interest,True,one_shot,,,unknown,0,defect,defect,0.5,,,times_ten,,prisoners_dilemma,7531f33f0cdba4e88a82a41b,ok,0.23,0.42,0.4425,False,0.53,0.2951,2.7972e-05
affine-002025,affine,prisoners_dilemma,50.0,30.0,10.0,0.0,abstract,A,self_interest,True,one_shot,,,unknown,1,defect,defect,0.5,,,times_ten,,prisoners_dilemma,beaf3b645fed97200e098b33,ok,0.21,0.43,0.435,False,0.58,0.2884,2.7972e-05
affine-002026,affine,prisoners_dilemma,50.0,30.0,10.0,0.0,abstract,A,self_interest,True,one_shot,,,unknown,2,defect,defect,0.5,,,times_ten,,prisoners_dilemma,7ddf7f03a1d0c8d09e88dcbe,ok,0.22,0.43,0.445,False,0.55,0.2437,2.7972e-05
affine-002027,affine,prisoners_dilemma,50.0,30.0,10.0,0.0,abstract,A,self_interest,True,one_shot,,,unknown,3,defect,defect,0.5,,,times_ten,,prisoners_dilemma,7d99126fc39cade675ec2e93,ok,0.24,0.44,0.4425,False,0.53,0.3329,2.7972e-05
affine-002028,affine,prisoners_dilemma,50.0,30.0,10.0,0.0,abstract,A,self_interest,True,one_shot,,,unknown,4,defect,defect,0.5,,,times_ten,,prisoners_dilemma,3bd802c64203d4411db75f72,ok,0.24,0.44,0.475,False,0.52,0.2988,2.7972e-05
affine-002029,affine,prisoners_dilemma,50.0,30.0,10.0,0.0,abstract,A,self_interest,True,one_shot,,,unknown,5,defect,defect,0.5,,,times_ten,,prisoners_dilemma,084537ddebd454bb038acaec,ok,0.23,0.43,0.4425,False,0.53,0.2756,2.7972e-05
affine-002030,affine,prisoners_dilemma,50.0,30.0,10.0,0.0,abstract,A,self_interest,True,one_shot,,,unknown,6,defect,defect,0.5,,,times_ten,,prisoners_dilemma,3c1b27489c2b7cb0a56d103f,ok,0.25,0.45,0.4625,False,0.5,0.2357,2.7972e-05
affine-002031,affine,prisoners_dilemma,50.0,30.0,10.0,0.0,abstract,A,self_interest,True,one_shot,,,unknown,7,defect,defect,0.5,,,times_ten,,prisoners_dilemma,bb8eacaec1498afff604e73b,ok,0.24,0.44,0.4725,False,0.52,0.2731,2.7972e-05
affine-002032,affine,prisoners_dilemma,50.0,30.0,10.0,0.0,abstract,B,self_interest,False,one_shot,,,unknown,0,defect,defect,0.5,,,times_ten,,prisoners_dilemma,ef9f45a829dd9911a3787542,ok,0.21,0.4,0.4175,False,0.59,0.2931,2.7972e-05
affine-002033,affine,prisoners_dilemma,50.0,30.0,10.0,0.0,abstract,B,self_interest,False,one_shot,,,unknown,1,defect,defect,0.5,,,times_ten,,prisoners_dilemma,4e38154875837ce6ce26effc,ok,0.2,0.39,0.435,False,0.6,0.231,2.7972e-05
affine-002034,affine,prisoners_dilemma,50.0,30.0,10.0,0.0,abstract,B,self_interest,False,one_shot,,,unknown,2,defect,defect,0.5,,,times_ten,,prisoners_dilemma,9f91ed794b76bee7db36c218,ok,0.21,0.38,0.41,False,0.58,0.2273,2.7972e-05
affine-002035,affine,prisoners_dilemma,50.0,30.0,10.0,0.0,abstract,B,self_interest,False,one_shot,,,unknown,3,defect,defect,0.5,,,times_ten,,prisoners_dilemma,db30e3781faded3baa28f260,ok,0.22,0.37,0.3975,False,0.56,0.2465,2.7972e-05
affine-002036,affine,prisoners_dilemma,50.0,30.0,10.0,0.0,abstract,B,self_interest,False,one_shot,,,unknown,4,defect,defect,0.5,,,times_ten,,prisoners_dilemma,122d5635061622a3616ddcec,ok,0.22,0.37,0.4225,False,0.57,0.2341,2.7972e-05
affine-002037,affine,prisoners_dilemma,50.0,30.0,10.0,0.0,abstract,B,self_interest,False,one_shot,,,unknown,5,defect,defect,0.5,,,times_ten,,prisoners_dilemma,04ae69f0af25fd9a34ccc736,ok,0.23,0.38,0.4175,False,0.55,0.2527,2.7972e-05
affine-002038,affine,prisoners_dilemma,50.0,30.0,10.0,0.0,abstract,B,self_interest,False,one_shot,,,unknown,6,defect,defect,0.5,,,times_ten,,prisoners_dilemma,903329987082ce2e481bc1e1,ok,0.21,0.39,0.4175,False,0.57,0.375,2.7972e-05
affine-002039,affine,prisoners_dilemma,50.0,30.0,10.0,0.0,abstract,B,self_interest,False,one_shot,,,unknown,7,defect,defect,0.5,,,times_ten,,prisoners_dilemma,e2a37b473a6451e6d6cf438c,ok,0.2,0.39,0.425,False,0.61,0.3997,2.7972e-05
affine-002040,affine,harmony,30.0,50.0,0.0,10.0,abstract,A,self_interest,True,one_shot,,,unknown,0,cooperate,cooperate,0.0,,,times_ten,,harmony,a6a2ce4b688d33a25dbb7174,ok,0.93,0.77,0.82,True,0.86,0.2352,2.7972e-05
affine-002041,affine,harmony,30.0,50.0,0.0,10.0,abstract,A,self_interest,True,one_shot,,,unknown,1,cooperate,cooperate,0.0,,,times_ten,,harmony,4f802aae4f4247bb66131e33,ok,0.95,0.77,0.82,True,0.9,0.284,2.7972e-05
affine-002042,affine,harmony,30.0,50.0,0.0,10.0,abstract,A,self_interest,True,one_shot,,,unknown,2,cooperate,cooperate,0.0,,,times_ten,,harmony,7a8dc73db6ac2f3885da6161,ok,0.94,0.76,0.8375,True,0.88,0.277,2.7972e-05
affine-002043,affine,harmony,30.0,50.0,0.0,10.0,abstract,A,self_interest,True,one_shot,,,unknown,3,cooperate,cooperate,0.0,,,times_ten,,harmony,e5bbf87a9948d2025950c024,ok,0.94,0.77,0.815,True,0.87,0.245,2.7972e-05
affine-002044,affine,harmony,30.0,50.0,0.0,10.0,abstract,A,self_interest,True,one_shot,,,unknown,4,cooperate,cooperate,0.0,,,times_ten,,harmony,dfde645ce341eecbf45ef9ef,ok,0.95,0.78,0.82,True,0.89,0.2513,2.7972e-05
affine-002045,affine,harmony,30.0,50.0,0.0,10.0,abstract,A,self_interest,True,one_shot,,,unknown,5,cooperate,cooperate,0.0,,,times_ten,,harmony,3c604e09469b1998f5e8aea6,ok,0.95,0.79,0.8325,True,0.89,0.2758,2.7972e-05
affine-002046,affine,harmony,30.0,50.0,0.0,10.0,abstract,A,self_interest,True,one_shot,,,unknown,6,cooperate,cooperate,0.0,,,times_ten,,harmony,e3dc2354d7e98e54cfc4d59b,ok,0.94,0.77,0.84,True,0.88,0.2619,2.7972e-05
affine-002047,affine,harmony,30.0,50.0,0.0,10.0,abstract,A,self_interest,True,one_shot,,,unknown,7,cooperate,cooperate,0.0,,,times_ten,,harmony,cf0adf3789cf403085b81fe7,ok,0.95,0.78,0.8375,True,0.9,0.2862,2.7972e-05
affine-002048,affine,harmony,30.0,50.0,0.0,10.0,abstract,B,self_interest,False,one_shot,,,unknown,0,cooperate,cooperate,0.0,,,times_ten,,harmony,2b207b532c0c4297f303ea6e,ok,0.97,0.78,0.835,True,0.94,0.2871,2.7972e-05
affine-002049,affine,harmony,30.0,50.0,0.0,10.0,abstract,B,self_interest,False,one_shot,,,unknown,1,cooperate,cooperate,0.0,,,times_ten,,harmony,0b17293529e025177224a684,ok,0.97,0.78,0.82,True,0.94,0.2803,2.7972e-05
affine-002050,affine,harmony,30.0,50.0,0.0,10.0,abstract,B,self_interest,False,one_shot,,,unknown,2,cooperate,cooperate,0.0,,,times_ten,,harmony,e5fc0476c54c853b0868e50b,ok,0.97,0.79,0.8325,True,0.95,0.2393,2.7972e-05
affine-002051,affine,harmony,30.0,50.0,0.0,10.0,abstract,B,self_interest,False,one_shot,,,unknown,3,cooperate,cooperate,0.0,,,times_ten,,harmony,a5d5e8c6838dd568eb026bdc,ok,0.97,0.79,0.825,True,0.95,0.2422,2.7972e-05
affine-002052,affine,harmony,30.0,50.0,0.0,10.0,abstract,B,self_interest,False,one_shot,,,unknown,4,cooperate,cooperate,0.0,,,times_ten,,harmony,eff71725272c5628b1f21352,ok,0.97,0.78,0.8325,True,0.95,0.262,2.7972e-05
affine-002053,affine,harmony,30.0,50.0,0.0,10.0,abstract,B,self_interest,False,one_shot,,,unknown,5,cooperate,cooperate,0.0,,,times_ten,,harmony,9a6a097f0f780d9b30ae4c4c,ok,0.97,0.77,0.8225,True,0.95,0.2713,2.7972e-05
affine-002054,affine,harmony,30.0,50.0,0.0,10.0,abstract,B,self_interest,False,one_shot,,,unknown,6,cooperate,cooperate,0.0,,,times_ten,,harmony,7939a1776e4445cc19dd467a,ok,0.98,0.79,0.82,True,0.95,0.2926,2.7972e-05
affine-002055,affine,harmony,30.0,50.0,0.0,10.0,abstract,B,self_interest,False,one_shot,,,unknown,7,cooperate,cooperate,0.0,,,times_ten,,harmony,bb1b0e2e31e83dfcb3f44867,ok,0.98,0.78,0.8275,True,0.95,0.2632,2.7972e-05
affine-002056,affine,prisoners_dilemma,0.5,0.3,0.1,0.0,abstract,A,self_interest,True,one_shot,,,unknown,0,defect,defect,0.5,,,tenth,,prisoners_dilemma,ab9f1e89658070c9cad86b23,ok,0.37,0.49,0.54,False,0.25,0.2955,2.8224e-05
affine-002057,affine,prisoners_dilemma,0.5,0.3,0.1,0.0,abstract,A,self_interest,True,one_shot,,,unknown,1,defect,defect,0.5,,,tenth,,prisoners_dilemma,b9b51f5c992a657c03e7f902,ok,0.35,0.49,0.53,False,0.3,0.2666,2.8224e-05
affine-002058,affine,prisoners_dilemma,0.5,0.3,0.1,0.0,abstract,A,self_interest,True,one_shot,,,unknown,2,defect,defect,0.5,,,tenth,,prisoners_dilemma,b9e0760efe3638b2fdf08078,ok,0.38,0.5,0.5275,False,0.23,0.2784,2.8224e-05
affine-002059,affine,prisoners_dilemma,0.5,0.3,0.1,0.0,abstract,A,self_interest,True,one_shot,,,unknown,3,defect,defect,0.5,,,tenth,,prisoners_dilemma,774add56b81566ac9e3c6e87,ok,0.32,0.47,0.5275,False,0.36,0.2489,2.8224e-05
affine-002060,affine,prisoners_dilemma,0.5,0.3,0.1,0.0,abstract,A,self_interest,True,one_shot,,,unknown,4,defect,defect,0.5,,,tenth,,prisoners_dilemma,439b1e4e717ac7d5a5fd188b,ok,0.37,0.51,0.535,False,0.25,0.2358,2.8224e-05
affine-002061,affine,prisoners_dilemma,0.5,0.3,0.1,0.0,abstract,A,self_interest,True,one_shot,,,unknown,5,defect,defect,0.5,,,tenth,,prisoners_dilemma,3235f2719295ff97f5d4241d,ok,0.29,0.46,0.55,False,0.41,0.3378,2.8224e-05
affine-002062,affine,prisoners_dilemma,0.5,0.3,0.1,0.0,abstract,A,self_interest,True,one_shot,,,unknown,6,defect,defect,0.5,,,tenth,,prisoners_dilemma,f41bbe62235cd57ce93a7af3,ok,0.37,0.5,0.54,False,0.26,0.3052,2.8224e-05
affine-002063,affine,prisoners_dilemma,0.5,0.3,0.1,0.0,abstract,A,self_interest,True,one_shot,,,unknown,7,defect,defect,0.5,,,tenth,,prisoners_dilemma,ff689ad8ba7d0b5ee2dc20be,ok,0.35,0.49,0.52,False,0.29,0.2767,2.8224e-05
affine-002064,affine,prisoners_dilemma,0.5,0.3,0.1,0.0,abstract,B,self_interest,False,one_shot,,,unknown,0,defect,defect,0.5,,,tenth,,prisoners_dilemma,9364aa371f6b0ea719cd1322,ok,0.59,0.61,0.5825,True,0.18,0.2324,2.8224e-05
affine-002065,affine,prisoners_dilemma,0.5,0.3,0.1,0.0,abstract,B,self_interest,False,one_shot,,,unknown,1,defect,defect,0.5,,,tenth,,prisoners_dilemma,365a2162e9c8ee3fbaf4d407,ok,0.63,0.61,0.59,True,0.27,0.2616,2.8224e-05
affine-002066,affine,prisoners_dilemma,0.5,0.3,0.1,0.0,abstract,B,self_interest,False,one_shot,,,unknown,2,defect,defect,0.5,,,tenth,,prisoners_dilemma,f351bfe2a58d60660ff1bc18,ok,0.55,0.6,0.575,True,0.1,0.2328,2.8224e-05
affine-002067,affine,prisoners_dilemma,0.5,0.3,0.1,0.0,abstract,B,self_interest,False,one_shot,,,unknown,3,defect,defect,0.5,,,tenth,,prisoners_dilemma,7b1aec064e150b9f3a05e747,ok,0.64,0.63,0.5975,True,0.29,0.2464,2.8224e-05
affine-002068,affine,prisoners_dilemma,0.5,0.3,0.1,0.0,abstract,B,self_interest,False,one_shot,,,unknown,4,defect,defect,0.5,,,tenth,,prisoners_dilemma,d31e5fcd67e6de482c7636b2,ok,0.57,0.6,0.5575,True,0.14,0.3176,2.8224e-05
affine-002069,affine,prisoners_dilemma,0.5,0.3,0.1,0.0,abstract,B,self_interest,False,one_shot,,,unknown,5,defect,defect,0.5,,,tenth,,prisoners_dilemma,ca5c922b6df4fb0275acf69b,ok,0.62,0.64,0.5925,True,0.24,0.2326,2.8224e-05
affine-002070,affine,prisoners_dilemma,0.5,0.3,0.1,0.0,abstract,B,self_interest,False,one_shot,,,unknown,6,defect,defect,0.5,,,tenth,,prisoners_dilemma,be3e6811de366ad38ca1f7a2,ok,0.63,0.58,0.6175,True,0.26,0.2506,2.8224e-05
affine-002071,affine,prisoners_dilemma,0.5,0.3,0.1,0.0,abstract,B,self_interest,False,one_shot,,,unknown,7,defect,defect,0.5,,,tenth,,prisoners_dilemma,f1cc68aec20c789cd3666a5f,ok,0.65,0.62,0.5975,True,0.31,0.2443,2.8224e-05
affine-002072,affine,harmony,0.3,0.5,0.0,0.1,abstract,A,self_interest,True,one_shot,,,unknown,0,cooperate,cooperate,0.0,,,tenth,,harmony,8b597987fd8c742caaf19442,ok,0.98,0.83,0.915,True,0.96,0.2326,2.8224e-05
affine-002073,affine,harmony,0.3,0.5,0.0,0.1,abstract,A,self_interest,True,one_shot,,,unknown,1,cooperate,cooperate,0.0,,,tenth,,harmony,9f5f165e1b201871d1be4b8d,ok,0.98,0.83,0.9025,True,0.95,0.2473,2.8224e-05
affine-002074,affine,harmony,0.3,0.5,0.0,0.1,abstract,A,self_interest,True,one_shot,,,unknown,2,cooperate,cooperate,0.0,,,tenth,,harmony,1abd18aae74f6d8e089d1264,ok,0.98,0.83,0.915,True,0.97,0.238,2.8224e-05
affine-002075,affine,harmony,0.3,0.5,0.0,0.1,abstract,A,self_interest,True,one_shot,,,unknown,3,cooperate,cooperate,0.0,,,tenth,,harmony,61cf8ee21e1bd706775e15ea,ok,0.97,0.82,0.8825,True,0.95,0.2482,2.8224e-05
affine-002076,affine,harmony,0.3,0.5,0.0,0.1,abstract,A,self_interest,True,one_shot,,,unknown,4,cooperate,cooperate,0.0,,,tenth,,harmony,e36d397c8059f0cd640dc85e,ok,0.98,0.84,0.92,True,0.96,0.2545,2.8224e-05
affine-002077,affine,harmony,0.3,0.5,0.0,0.1,abstract,A,self_interest,True,one_shot,,,unknown,5,cooperate,cooperate,0.0,,,tenth,,harmony,2174f76b9365a31f684a9a31,ok,0.98,0.83,0.885,True,0.96,0.274,2.8224e-05
affine-002078,affine,harmony,0.3,0.5,0.0,0.1,abstract,A,self_interest,True,one_shot,,,unknown,6,cooperate,cooperate,0.0,,,tenth,,harmony,ee6b94dbd52af739d47ee0b1,ok,0.98,0.83,0.8975,True,0.96,0.2456,2.8224e-05
affine-002079,affine,harmony,0.3,0.5,0.0,0.1,abstract,A,self_interest,True,one_shot,,,unknown,7,cooperate,cooperate,0.0,,,tenth,,harmony,9d05ec50ca1b0caa4199b2a4,ok,0.98,0.85,0.915,True,0.96,0.235,2.8224e-05
affine-002080,affine,harmony,0.3,0.5,0.0,0.1,abstract,B,self_interest,False,one_shot,,,unknown,0,cooperate,cooperate,0.0,,,tenth,,harmony,0538fdd43cf74ab0cb4e9bd2,ok,0.98,0.83,0.9,True,0.97,0.257,2.8224e-05
affine-002081,affine,harmony,0.3,0.5,0.0,0.1,abstract,B,self_interest,False,one_shot,,,unknown,1,cooperate,cooperate,0.0,,,tenth,,harmony,e73804dcc6aa7b1527cacf80,ok,0.99,0.82,0.8925,True,0.97,0.2287,2.8224e-05
affine-002082,affine,harmony,0.3,0.5,0.0,0.1,abstract,B,self_interest,False,one_shot,,,unknown,2,cooperate,cooperate,0.0,,,tenth,,harmony,f88098093ff1c165dde89373,ok,0.98,0.81,0.8925,True,0.97,0.2512,2.8224e-05
affine-002083,affine,harmony,0.3,0.5,0.0,0.1,abstract,B,self_interest,False,one_shot,,,unknown,3,cooperate,cooperate,0.0,,,tenth,,harmony,bdf9105e9e692eb9710a12b4,ok,0.99,0.82,0.905,True,0.98,0.2735,2.8224e-05
affine-002084,affine,harmony,0.3,0.5,0.0,0.1,abstract,B,self_interest,False,one_shot,,,unknown,4,cooperate,cooperate,0.0,,,tenth,,harmony,2d0112b7884af7e4138f3b97,ok,0.99,0.83,0.8875,True,0.97,0.3005,2.8224e-05
affine-002085,affine,harmony,0.3,0.5,0.0,0.1,abstract,B,self_interest,False,one_shot,,,unknown,5,cooperate,cooperate,0.0,,,tenth,,harmony,bf3ae7a3387a113d4dc98db1,ok,0.98,0.82,0.9075,True,0.96,0.2799,2.8224e-05
affine-002086,affine,harmony,0.3,0.5,0.0,0.1,abstract,B,self_interest,False,one_shot,,,unknown,6,cooperate,cooperate,0.0,,,tenth,,harmony,bf248aa081b0dba86f08cd19,ok,0.98,0.8,0.8975,True,0.97,0.2479,2.8224e-05
affine-002087,affine,harmony,0.3,0.5,0.0,0.1,abstract,B,self_interest,False,one_shot,,,unknown,7,cooperate,cooperate,0.0,,,tenth,,harmony,f81bca6065a6c93812c8eddf,ok,0.98,0.83,0.905,True,0.97,0.2543,2.8224e-05
affine-002088,affine,prisoners_dilemma,105.0,103.0,101.0,100.0,abstract,A,self_interest,True,one_shot,,,unknown,0,defect,defect,0.5,,,shift_up,,prisoners_dilemma,51162145083821635d997a60,ok,0.13,0.43,0.4425,False,0.73,0.2685,2.8392e-05
affine-002089,affine,prisoners_dilemma,105.0,103.0,101.0,100.0,abstract,A,self_interest,True,one_shot,,,unknown,1,defect,defect,0.5,,,shift_up,,prisoners_dilemma,b769a367b4cbe52a18a3f015,ok,0.16,0.46,0.445,False,0.68,0.2858,2.8392e-05
affine-002090,affine,prisoners_dilemma,105.0,103.0,101.0,100.0,abstract,A,self_interest,True,one_shot,,,unknown,2,defect,defect,0.5,,,shift_up,,prisoners_dilemma,77a3b4d2e79828227a6c68e3,ok,0.16,0.44,0.46,False,0.68,0.2483,2.8392e-05
affine-002091,affine,prisoners_dilemma,105.0,103.0,101.0,100.0,abstract,A,self_interest,True,one_shot,,,unknown,3,defect,defect,0.5,,,shift_up,,prisoners_dilemma,f9503eabe648b62dda32de85,ok,0.15,0.44,0.48,False,0.7,0.2628,2.8392e-05
affine-002092,affine,prisoners_dilemma,105.0,103.0,101.0,100.0,abstract,A,self_interest,True,one_shot,,,unknown,4,defect,defect,0.5,,,shift_up,,prisoners_dilemma,f43ac524bc195cdbd61c2529,ok,0.18,0.46,0.4575,False,0.63,0.3326,2.8392e-05
affine-002093,affine,prisoners_dilemma,105.0,103.0,101.0,100.0,abstract,A,self_interest,True,one_shot,,,unknown,5,defect,defect,0.5,,,shift_up,,prisoners_dilemma,236e05aa2086735cf295cf68,ok,0.15,0.45,0.4675,False,0.69,0.2792,2.8392e-05
affine-002094,affine,prisoners_dilemma,105.0,103.0,101.0,100.0,abstract,A,self_interest,True,one_shot,,,unknown,6,defect,defect,0.5,,,shift_up,,prisoners_dilemma,6061872cd7da14b79292ce77,ok,0.15,0.45,0.445,False,0.7,0.2308,2.8392e-05
affine-002095,affine,prisoners_dilemma,105.0,103.0,101.0,100.0,abstract,A,self_interest,True,one_shot,,,unknown,7,defect,defect,0.5,,,shift_up,,prisoners_dilemma,9b115884f15a419c74ee4809,ok,0.16,0.44,0.4625,False,0.67,0.2684,2.8392e-05
affine-002096,affine,prisoners_dilemma,105.0,103.0,101.0,100.0,abstract,B,self_interest,False,one_shot,,,unknown,0,defect,defect,0.5,,,shift_up,,prisoners_dilemma,7dd12fd44230e3efab200c7a,ok,0.2,0.46,0.5325,False,0.59,0.2391,2.8392e-05
affine-002097,affine,prisoners_dilemma,105.0,103.0,101.0,100.0,abstract,B,self_interest,False,one_shot,,,unknown,1,defect,defect,0.5,,,shift_up,,prisoners_dilemma,7860179fd82b8693ba4dbc77,ok,0.22,0.46,0.4775,False,0.56,0.2772,2.8392e-05
affine-002098,affine,prisoners_dilemma,105.0,103.0,101.0,100.0,abstract,B,self_interest,False,one_shot,,,unknown,2,defect,defect,0.5,,,shift_up,,prisoners_dilemma,94c79fe3463cac56817d5f6b,ok,0.27,0.47,0.5725,False,0.46,0.2677,2.8392e-05
affine-002099,affine,prisoners_dilemma,105.0,103.0,101.0,100.0,abstract,B,self_interest,False,one_shot,,,unknown,3,defect,defect,0.5,,,shift_up,,prisoners_dilemma,9814113b47d0b06c6eeb4b61,ok,0.24,0.48,0.5075,False,0.51,0.2598,2.8392e-05
affine-002100,affine,prisoners_dilemma,105.0,103.0,101.0,100.0,abstract,B,self_interest,False,one_shot,,,unknown,4,defect,defect,0.5,,,shift_up,,prisoners_dilemma,313ac812db052e2978054ca5,ok,0.29,0.49,0.5175,False,0.43,0.2938,2.8392e-05
affine-002101,affine,prisoners_dilemma,105.0,103.0,101.0,100.0,abstract,B,self_interest,False,one_shot,,,unknown,5,defect,defect,0.5,,,shift_up,,prisoners_dilemma,9ca5438fd1714040f82bdd57,ok,0.23,0.47,0.5125,False,0.54,0.256,2.8392e-05
affine-002102,affine,prisoners_dilemma,105.0,103.0,101.0,100.0,abstract,B,self_interest,False,one_shot,,,unknown,6,defect,defect,0.5,,,shift_up,,prisoners_dilemma,93a06e03d4a7a2f23b856d09,ok,0.3,0.5,0.5525,False,0.41,0.2705,2.8392e-05
affine-002103,affine,prisoners_dilemma,105.0,103.0,101.0,100.0,abstract,B,self_interest,False,one_shot,,,unknown,7,defect,defect,0.5,,,shift_up,,prisoners_dilemma,2382d6a1316b36064be76d00,ok,0.22,0.47,0.495,False,0.56,0.2421,2.8392e-05
affine-002104,affine,harmony,103.0,105.0,100.0,101.0,abstract,A,self_interest,True,one_shot,,,unknown,0,cooperate,cooperate,0.0,,,shift_up,,harmony,58f4477c02645833eb8f41ba,ok,0.99,0.82,0.9325,True,0.98,0.2584,2.8392e-05
affine-002105,affine,harmony,103.0,105.0,100.0,101.0,abstract,A,self_interest,True,one_shot,,,unknown,1,cooperate,cooperate,0.0,,,shift_up,,harmony,b26f8d2f88adcf2b073845ac,ok,0.99,0.82,0.9025,True,0.98,0.2258,2.8392e-05
affine-002106,affine,harmony,103.0,105.0,100.0,101.0,abstract,A,self_interest,True,one_shot,,,unknown,2,cooperate,cooperate,0.0,,,shift_up,,harmony,6942d8d49373d8686ec21ff9,ok,0.99,0.83,0.91,True,0.98,0.274,2.8392e-05
affine-002107,affine,harmony,103.0,105.0,100.0,101.0,abstract,A,self_interest,True,one_shot,,,unknown,3,cooperate,cooperate,0.0,,,shift_up,,harmony,73d353c871c47f5e7ae0689e,ok,0.98,0.81,0.8775,True,0.96,0.2576,2.8392e-05
affine-002108,affine,harmony,103.0,105.0,100.0,101.0,abstract,A,self_interest,True,one_shot,,,unknown,4,cooperate,cooperate,0.0,,,shift_up,,harmony,15f8e1dee23021315fdbebbc,ok,0.99,0.84,0.945,True,0.98,0.2823,2.8392e-05
affine-002109,affine,harmony,103.0,105.0,100.0,101.0,abstract,A,self_interest,True,one_shot,,,unknown,5,cooperate,cooperate,0.0,,,shift_up,,harmony,8c22f0e7c274ff560da2c7c9,ok,0.99,0.83,0.9175,True,0.98,0.2763,2.8392e-05
affine-002110,affine,harmony,103.0,105.0,100.0,101.0,abstract,A,self_interest,True,one_shot,,,unknown,6,cooperate,cooperate,0.0,,,shift_up,,harmony,2847b7c50cbdb4d7701d5ef8,ok,0.99,0.84,0.925,True,0.98,0.2919,2.8392e-05
affine-002111,affine,harmony,103.0,105.0,100.0,101.0,abstract,A,self_interest,True,one_shot,,,unknown,7,cooperate,cooperate,0.0,,,shift_up,,harmony,312b0bb43bf67ff6c6bd7b3e,ok,0.99,0.83,0.9275,True,0.98,0.2943,2.8392e-05
affine-002112,affine,harmony,103.0,105.0,100.0,101.0,abstract,B,self_interest,False,one_shot,,,unknown,0,cooperate,cooperate,0.0,,,shift_up,,harmony,0d80b82ec647467988c13acf,ok,0.99,0.84,0.915,True,0.98,0.2513,2.8392e-05
affine-002113,affine,harmony,103.0,105.0,100.0,101.0,abstract,B,self_interest,False,one_shot,,,unknown,1,cooperate,cooperate,0.0,,,shift_up,,harmony,662090099c9fd51aa1aab48d,ok,0.99,0.84,0.9225,True,0.98,0.2883,2.8392e-05
affine-002114,affine,harmony,103.0,105.0,100.0,101.0,abstract,B,self_interest,False,one_shot,,,unknown,2,cooperate,cooperate,0.0,,,shift_up,,harmony,0e24b827cb8bb6a4d99c9017,ok,0.99,0.84,0.96,True,0.98,0.2494,2.8392e-05
affine-002115,affine,harmony,103.0,105.0,100.0,101.0,abstract,B,self_interest,False,one_shot,,,unknown,3,cooperate,cooperate,0.0,,,shift_up,,harmony,57580c12930229a4a0b9b1ef,ok,0.98,0.82,0.9125,True,0.96,0.243,2.8392e-05
affine-002116,affine,harmony,103.0,105.0,100.0,101.0,abstract,B,self_interest,False,one_shot,,,unknown,4,cooperate,cooperate,0.0,,,shift_up,,harmony,01dba4ab69058d50a2047434,ok,0.99,0.82,0.9425,True,0.97,0.2412,2.8392e-05
affine-002117,affine,harmony,103.0,105.0,100.0,101.0,abstract,B,self_interest,False,one_shot,,,unknown,5,cooperate,cooperate,0.0,,,shift_up,,harmony,e5589c70fa7dda4f60066e25,ok,0.99,0.81,0.9025,True,0.97,0.2815,2.8392e-05
affine-002118,affine,harmony,103.0,105.0,100.0,101.0,abstract,B,self_interest,False,one_shot,,,unknown,6,cooperate,cooperate,0.0,,,shift_up,,harmony,d5638bdee38a8462baf090f8,ok,0.98,0.81,0.8975,True,0.97,0.2533,2.8392e-05
affine-002119,affine,harmony,103.0,105.0,100.0,101.0,abstract,B,self_interest,False,one_shot,,,unknown,7,cooperate,cooperate,0.0,,,shift_up,,harmony,7f8e34c2cc278eafe29959c1,ok,0.99,0.83,0.915,True,0.98,0.2336,2.8392e-05
affine-002120,affine,prisoners_dilemma,2.0,0.0,-2.0,-3.0,abstract,A,self_interest,True,one_shot,,,unknown,0,defect,defect,0.5,,,loss_framed,,prisoners_dilemma,c3a9266b7e699464d12424e8,ok,0.33,0.47,0.52,False,0.34,0.3443,2.7888e-05
affine-002121,affine,prisoners_dilemma,2.0,0.0,-2.0,-3.0,abstract,A,self_interest,True,one_shot,,,unknown,1,defect,defect,0.5,,,loss_framed,,prisoners_dilemma,cd0e31f26905fb7f41a41b35,ok,0.31,0.47,0.505,False,0.37,0.2869,2.7888e-05
affine-002122,affine,prisoners_dilemma,2.0,0.0,-2.0,-3.0,abstract,A,self_interest,True,one_shot,,,unknown,2,defect,defect,0.5,,,loss_framed,,prisoners_dilemma,f5962b45b2bfef53e7125907,ok,0.29,0.48,0.5,False,0.42,0.2511,2.7888e-05
affine-002123,affine,prisoners_dilemma,2.0,0.0,-2.0,-3.0,abstract,A,self_interest,True,one_shot,,,unknown,3,defect,defect,0.5,,,loss_framed,,prisoners_dilemma,cf500da6acc5e0787c662973,ok,0.31,0.45,0.5,False,0.37,0.2685,2.7888e-05
affine-002124,affine,prisoners_dilemma,2.0,0.0,-2.0,-3.0,abstract,A,self_interest,True,one_shot,,,unknown,4,defect,defect,0.5,,,loss_framed,,prisoners_dilemma,354bfe04c2f82050f5b098d9,ok,0.29,0.46,0.505,False,0.43,0.2776,2.7888e-05
affine-002125,affine,prisoners_dilemma,2.0,0.0,-2.0,-3.0,abstract,A,self_interest,True,one_shot,,,unknown,5,defect,defect,0.5,,,loss_framed,,prisoners_dilemma,78956e06994bd52a4039485c,ok,0.34,0.48,0.49,False,0.33,0.2476,2.7888e-05
affine-002126,affine,prisoners_dilemma,2.0,0.0,-2.0,-3.0,abstract,A,self_interest,True,one_shot,,,unknown,6,defect,defect,0.5,,,loss_framed,,prisoners_dilemma,766396c09d267af90d40ee78,ok,0.33,0.48,0.4925,False,0.35,0.2694,2.7888e-05
affine-002127,affine,prisoners_dilemma,2.0,0.0,-2.0,-3.0,abstract,A,self_interest,True,one_shot,,,unknown,7,defect,defect,0.5,,,loss_framed,,prisoners_dilemma,8d8eea37738b9726aebcd2c3,ok,0.28,0.49,0.5,False,0.45,0.2596,2.7888e-05
affine-002128,affine,prisoners_dilemma,2.0,0.0,-2.0,-3.0,abstract,B,self_interest,False,one_shot,,,unknown,0,defect,defect,0.5,,,loss_framed,,prisoners_dilemma,95327f321054c4d5dc108075,ok,0.49,0.56,0.4925,False,0.02,0.2872,2.7888e-05
affine-002129,affine,prisoners_dilemma,2.0,0.0,-2.0,-3.0,abstract,B,self_interest,False,one_shot,,,unknown,1,defect,defect,0.5,,,loss_framed,,prisoners_dilemma,356b67d095133e86235358f2,ok,0.4,0.54,0.4775,False,0.2,0.2304,2.7888e-05
affine-002130,affine,prisoners_dilemma,2.0,0.0,-2.0,-3.0,abstract,B,self_interest,False,one_shot,,,unknown,2,defect,defect,0.5,,,loss_framed,,prisoners_dilemma,2e586800770f18c386d06368,ok,0.43,0.48,0.4775,False,0.15,0.2538,2.7888e-05
affine-002131,affine,prisoners_dilemma,2.0,0.0,-2.0,-3.0,abstract,B,self_interest,False,one_shot,,,unknown,3,defect,defect,0.5,,,loss_framed,,prisoners_dilemma,a4f09c8d2eaf13a59eebd3c3,ok,0.44,0.52,0.4925,False,0.12,0.2497,2.7888e-05
affine-002132,affine,prisoners_dilemma,2.0,0.0,-2.0,-3.0,abstract,B,self_interest,False,one_shot,,,unknown,4,defect,defect,0.5,,,loss_framed,,prisoners_dilemma,1221d03e47dfcb3652c20e05,ok,0.44,0.52,0.4975,False,0.12,0.2982,2.7888e-05
affine-002133,affine,prisoners_dilemma,2.0,0.0,-2.0,-3.0,abstract,B,self_interest,False,one_shot,,,unknown,5,defect,defect,0.5,,,loss_framed,,prisoners_dilemma,b4fd0b0dd15f6bb2cf131435,ok,0.48,0.54,0.52,False,0.05,0.3204,2.7888e-05
affine-002134,affine,prisoners_dilemma,2.0,0.0,-2.0,-3.0,abstract,B,self_interest,False,one_shot,,,unknown,6,defect,defect,0.5,,,loss_framed,,prisoners_dilemma,2968fbb7978c242a7171f40f,ok,0.38,0.5,0.485,False,0.23,0.2384,2.7888e-05
affine-002135,affine,prisoners_dilemma,2.0,0.0,-2.0,-3.0,abstract,B,self_interest,False,one_shot,,,unknown,7,defect,defect,0.5,,,loss_framed,,prisoners_dilemma,86f88428ebe337f163253ab0,ok,0.4,0.53,0.505,False,0.19,0.2538,2.7888e-05
affine-002136,affine,harmony,0.0,2.0,-3.0,-2.0,abstract,A,self_interest,True,one_shot,,,unknown,0,cooperate,cooperate,0.0,,,loss_framed,,harmony,57e2ee1a508703ef041f7da3,ok,0.89,0.76,0.775,True,0.77,0.2708,2.7888e-05
affine-002137,affine,harmony,0.0,2.0,-3.0,-2.0,abstract,A,self_interest,True,one_shot,,,unknown,1,cooperate,cooperate,0.0,,,loss_framed,,harmony,7993644cd2b70388873e86b5,ok,0.86,0.76,0.785,True,0.72,0.2571,2.7888e-05
affine-002138,affine,harmony,0.0,2.0,-3.0,-2.0,abstract,A,self_interest,True,one_shot,,,unknown,2,cooperate,cooperate,0.0,,,loss_framed,,harmony,86245607e8729982f69e985c,ok,0.87,0.76,0.78,True,0.73,0.228,2.7888e-05
affine-002139,affine,harmony,0.0,2.0,-3.0,-2.0,abstract,A,self_interest,True,one_shot,,,unknown,3,cooperate,cooperate,0.0,,,loss_framed,,harmony,83e7c213d02b412b7d955da1,ok,0.89,0.74,0.7775,True,0.78,0.3063,2.7888e-05
affine-002140,affine,harmony,0.0,2.0,-3.0,-2.0,abstract,A,self_interest,True,one_shot,,,unknown,4,cooperate,cooperate,0.0,,,loss_framed,,harmony,30cf17895deba0e09f82937b,ok,0.87,0.75,0.7675,True,0.74,0.2811,2.7888e-05
affine-002141,affine,harmony,0.0,2.0,-3.0,-2.0,abstract,A,self_interest,True,one_shot,,,unknown,5,cooperate,cooperate,0.0,,,loss_framed,,harmony,e9a23c6641c4cd7b3d1962c1,ok,0.83,0.75,0.7575,True,0.67,0.266,2.7888e-05
affine-002142,affine,harmony,0.0,2.0,-3.0,-2.0,abstract,A,self_interest,True,one_shot,,,unknown,6,cooperate,cooperate,0.0,,,loss_framed,,harmony,ec21f7dc8a96f875c3eb2701,ok,0.9,0.75,0.775,True,0.81,0.2495,2.7888e-05
affine-002143,affine,harmony,0.0,2.0,-3.0,-2.0,abstract,A,self_interest,True,one_shot,,,unknown,7,cooperate,cooperate,0.0,,,loss_framed,,harmony,44abfd819b232e4986ce18b5,ok,0.86,0.74,0.76,True,0.72,0.2239,2.7888e-05
affine-002144,affine,harmony,0.0,2.0,-3.0,-2.0,abstract,B,self_interest,False,one_shot,,,unknown,0,cooperate,cooperate,0.0,,,loss_framed,,harmony,d5c8a607a5953bc05d85196c,ok,0.94,0.7,0.775,True,0.88,0.2694,2.7888e-05
affine-002145,affine,harmony,0.0,2.0,-3.0,-2.0,abstract,B,self_interest,False,one_shot,,,unknown,1,cooperate,cooperate,0.0,,,loss_framed,,harmony,48f8604c556bbebd8593dfd7,ok,0.94,0.71,0.7975,True,0.88,0.3741,2.7888e-05
affine-002146,affine,harmony,0.0,2.0,-3.0,-2.0,abstract,B,self_interest,False,one_shot,,,unknown,2,cooperate,cooperate,0.0,,,loss_framed,,harmony,83aed19aebc8c7a3303938d4,ok,0.95,0.71,0.7875,True,0.89,0.5256,2.7888e-05
affine-002147,affine,harmony,0.0,2.0,-3.0,-2.0,abstract,B,self_interest,False,one_shot,,,unknown,3,cooperate,cooperate,0.0,,,loss_framed,,harmony,14e43f5faa30d4d577a5d13d,ok,0.91,0.69,0.7675,True,0.83,0.231,2.7888e-05
affine-002148,affine,harmony,0.0,2.0,-3.0,-2.0,abstract,B,self_interest,False,one_shot,,,unknown,4,cooperate,cooperate,0.0,,,loss_framed,,harmony,990e6ba5df9af5f2a314af9a,ok,0.94,0.71,0.78,True,0.88,0.238,2.7888e-05
affine-002149,affine,harmony,0.0,2.0,-3.0,-2.0,abstract,B,self_interest,False,one_shot,,,unknown,5,cooperate,cooperate,0.0,,,loss_framed,,harmony,c47025ac4f78dd08ee2a7003,ok,0.92,0.71,0.775,True,0.84,0.2806,2.7888e-05
affine-002150,affine,harmony,0.0,2.0,-3.0,-2.0,abstract,B,self_interest,False,one_shot,,,unknown,6,cooperate,cooperate,0.0,,,loss_framed,,harmony,623739013403cb6ade86d3b3,ok,0.94,0.72,0.785,True,0.88,0.2878,2.7888e-05
affine-002151,affine,harmony,0.0,2.0,-3.0,-2.0,abstract,B,self_interest,False,one_shot,,,unknown,7,cooperate,cooperate,0.0,,,loss_framed,,harmony,9a1998bec895db14f5017815,ok,0.94,0.7,0.7625,True,0.88,0.248,2.7888e-05
affine-002152,affine,prisoners_dilemma,60.0,56.0,52.0,50.0,abstract,A,self_interest,True,one_shot,,,unknown,0,defect,defect,0.5,,,scale_and_shift,,prisoners_dilemma,b849672374841b22bb87a05e,ok,0.2,0.45,0.4675,False,0.61,0.2283,2.8056e-05
affine-002153,affine,prisoners_dilemma,60.0,56.0,52.0,50.0,abstract,A,self_interest,True,one_shot,,,unknown,1,defect,defect,0.5,,,scale_and_shift,,prisoners_dilemma,3b92b7f9b19ca82dd7ec0853,ok,0.19,0.46,0.4325,False,0.62,0.378,2.8056e-05
affine-002154,affine,prisoners_dilemma,60.0,56.0,52.0,50.0,abstract,A,self_interest,True,one_shot,,,unknown,2,defect,defect,0.5,,,scale_and_shift,,prisoners_dilemma,0c54549f25a31c6530c3c5a5,ok,0.17,0.46,0.43,False,0.66,0.2636,2.8056e-05
affine-002155,affine,prisoners_dilemma,60.0,56.0,52.0,50.0,abstract,A,self_interest,True,one_shot,,,unknown,3,defect,defect,0.5,,,scale_and_shift,,prisoners_dilemma,58ca4b00a8b8815e4e4ab177,ok,0.2,0.45,0.46,False,0.61,0.2374,2.8056e-05
affine-002156,affine,prisoners_dilemma,60.0,56.0,52.0,50.0,abstract,A,self_interest,True,one_shot,,,unknown,4,defect,defect,0.5,,,scale_and_shift,,prisoners_dilemma,8b2ee64f65593f1673c8f191,ok,0.17,0.45,0.445,False,0.66,0.2621,2.8056e-05
affine-002157,affine,prisoners_dilemma,60.0,56.0,52.0,50.0,abstract,A,self_interest,True,one_shot,,,unknown,5,defect,defect,0.5,,,scale_and_shift,,prisoners_dilemma,87738db4fb37f97db049ad8c,ok,0.21,0.44,0.475,False,0.59,0.2641,2.8056e-05
affine-002158,affine,prisoners_dilemma,60.0,56.0,52.0,50.0,abstract,A,self_interest,True,one_shot,,,unknown,6,defect,defect,0.5,,,scale_and_shift,,prisoners_dilemma,811193e720322a5dad1d4c27,ok,0.15,0.44,0.465,False,0.7,0.2558,2.8056e-05
affine-002159,affine,prisoners_dilemma,60.0,56.0,52.0,50.0,abstract,A,self_interest,True,one_shot,,,unknown,7,defect,defect,0.5,,,scale_and_shift,,prisoners_dilemma,ebdaecc008eb07f8f88d0f4c,ok,0.19,0.43,0.4625,False,0.62,0.2931,2.8056e-05
affine-002160,affine,prisoners_dilemma,60.0,56.0,52.0,50.0,abstract,B,self_interest,False,one_shot,,,unknown,0,defect,defect,0.5,,,scale_and_shift,,prisoners_dilemma,7498b08e4bcd3655d8a85a70,ok,0.25,0.44,0.475,False,0.49,0.2306,2.8056e-05
affine-002161,affine,prisoners_dilemma,60.0,56.0,52.0,50.0,abstract,B,self_interest,False,one_shot,,,unknown,1,defect,defect,0.5,,,scale_and_shift,,prisoners_dilemma,eb3d0143ad7099f2d095977a,ok,0.22,0.43,0.4575,False,0.56,0.2454,2.8056e-05
affine-002162,affine,prisoners_dilemma,60.0,56.0,52.0,50.0,abstract,B,self_interest,False,one_shot,,,unknown,2,defect,defect,0.5,,,scale_and_shift,,prisoners_dilemma,69a07ff0fb046105a3b323ae,ok,0.29,0.44,0.4925,False,0.41,0.238,2.8056e-05
affine-002163,affine,prisoners_dilemma,60.0,56.0,52.0,50.0,abstract,B,self_interest,False,one_shot,,,unknown,3,defect,defect,0.5,,,scale_and_shift,,prisoners_dilemma,45a9a97a4a294cd31acba402,ok,0.25,0.43,0.465,False,0.5,0.2647,2.8056e-05
affine-002164,affine,prisoners_dilemma,60.0,56.0,52.0,50.0,abstract,B,self_interest,False,one_shot,,,unknown,4,defect,defect,0.5,,,scale_and_shift,,prisoners_dilemma,16ef88b7fe17ace43e74d2eb,ok,0.26,0.43,0.5025,False,0.48,0.3091,2.8056e-05
affine-002165,affine,prisoners_dilemma,60.0,56.0,52.0,50.0,abstract,B,self_interest,False,one_shot,,,unknown,5,defect,defect,0.5,,,scale_and_shift,,prisoners_dilemma,c6bb5c167a7129b8b15234ce,ok,0.26,0.44,0.49,False,0.47,0.294,2.8056e-05
affine-002166,affine,prisoners_dilemma,60.0,56.0,52.0,50.0,abstract,B,self_interest,False,one_shot,,,unknown,6,defect,defect,0.5,,,scale_and_shift,,prisoners_dilemma,0da3bb010230dccada015d1c,ok,0.25,0.43,0.4775,False,0.49,0.2564,2.8056e-05
affine-002167,affine,prisoners_dilemma,60.0,56.0,52.0,50.0,abstract,B,self_interest,False,one_shot,,,unknown,7,defect,defect,0.5,,,scale_and_shift,,prisoners_dilemma,2f08e3a779db71b2b6f8bef9,ok,0.32,0.45,0.5125,False,0.36,0.2483,2.8056e-05
affine-002168,affine,harmony,56.0,60.0,50.0,52.0,abstract,A,self_interest,True,one_shot,,,unknown,0,cooperate,cooperate,0.0,,,scale_and_shift,,harmony,d616b6a527608badd5db322d,ok,0.98,0.83,0.88,True,0.96,0.2793,2.8056e-05
affine-002169,affine,harmony,56.0,60.0,50.0,52.0,abstract,A,self_interest,True,one_shot,,,unknown,1,cooperate,cooperate,0.0,,,scale_and_shift,,harmony,a93aceaeb7aeb86898f35bc0,ok,0.98,0.81,0.9175,True,0.95,0.3029,2.8056e-05
affine-002170,affine,harmony,56.0,60.0,50.0,52.0,abstract,A,self_interest,True,one_shot,,,unknown,2,cooperate,cooperate,0.0,,,scale_and_shift,,harmony,495df459f8755852048d18bf,ok,0.97,0.78,0.9025,True,0.94,0.2613,2.8056e-05
affine-002171,affine,harmony,56.0,60.0,50.0,52.0,abstract,A,self_interest,True,one_shot,,,unknown,3,cooperate,cooperate,0.0,,,scale_and_shift,,harmony,215bab1078878af7caa65756,ok,0.98,0.79,0.8925,True,0.95,0.2736,2.8056e-05
affine-002172,affine,harmony,56.0,60.0,50.0,52.0,abstract,A,self_interest,True,one_shot,,,unknown,4,cooperate,cooperate,0.0,,,scale_and_shift,,harmony,5922567481af527c86f9859d,ok,0.97,0.82,0.8825,True,0.94,0.2851,2.8056e-05
affine-002173,affine,harmony,56.0,60.0,50.0,52.0,abstract,A,self_interest,True,one_shot,,,unknown,5,cooperate,cooperate,0.0,,,scale_and_shift,,harmony,f09c4e977ea3a42241ebcaf1,ok,0.98,0.82,0.92,True,0.95,0.2357,2.8056e-05
affine-002174,affine,harmony,56.0,60.0,50.0,52.0,abstract,A,self_interest,True,one_shot,,,unknown,6,cooperate,cooperate,0.0,,,scale_and_shift,,harmony,e648ae554b8c2b54d6c7c97c,ok,0.98,0.8,0.865,True,0.95,0.2332,2.8056e-05
affine-002175,affine,harmony,56.0,60.0,50.0,52.0,abstract,A,self_interest,True,one_shot,,,unknown,7,cooperate,cooperate,0.0,,,scale_and_shift,,harmony,b69d5947e04c98ea36ba6c1f,ok,0.97,0.8,0.8825,True,0.94,0.3902,2.8056e-05
affine-002176,affine,harmony,56.0,60.0,50.0,52.0,abstract,B,self_interest,False,one_shot,,,unknown,0,cooperate,cooperate,0.0,,,scale_and_shift,,harmony,e920b5f87a3d596128cc40b1,ok,0.97,0.79,0.91,True,0.95,0.2384,2.8056e-05
affine-002177,affine,harmony,56.0,60.0,50.0,52.0,abstract,B,self_interest,False,one_shot,,,unknown,1,cooperate,cooperate,0.0,,,scale_and_shift,,harmony,a5de1218f22c26cb6dda22cd,ok,0.97,0.79,0.895,True,0.93,0.3492,2.8056e-05
affine-002178,affine,harmony,56.0,60.0,50.0,52.0,abstract,B,self_interest,False,one_shot,,,unknown,2,cooperate,cooperate,0.0,,,scale_and_shift,,harmony,1a1ecbfae9b716e1511f03d5,ok,0.97,0.78,0.8775,True,0.93,0.2483,2.8056e-05
affine-002179,affine,harmony,56.0,60.0,50.0,52.0,abstract,B,self_interest,False,one_shot,,,unknown,3,cooperate,cooperate,0.0,,,scale_and_shift,,harmony,16bad93a23a89a821f873bae,ok,0.97,0.8,0.905,True,0.95,0.2626,2.8056e-05
affine-002180,affine,harmony,56.0,60.0,50.0,52.0,abstract,B,self_interest,False,one_shot,,,unknown,4,cooperate,cooperate,0.0,,,scale_and_shift,,harmony,95eb27fb158bb3a1f8789f17,ok,0.96,0.77,0.87,True,0.93,0.2408,2.8056e-05
affine-002181,affine,harmony,56.0,60.0,50.0,52.0,abstract,B,self_interest,False,one_shot,,,unknown,5,cooperate,cooperate,0.0,,,scale_and_shift,,harmony,1544d1bb212422f1013c0c55,ok,0.97,0.78,0.9075,True,0.94,0.2662,2.8056e-05
affine-002182,affine,harmony,56.0,60.0,50.0,52.0,abstract,B,self_interest,False,one_shot,,,unknown,6,cooperate,cooperate,0.0,,,scale_and_shift,,harmony,c41eb11d77fef7275b7eae64,ok,0.96,0.8,0.9125,True,0.93,0.2435,2.8056e-05
affine-002183,affine,harmony,56.0,60.0,50.0,52.0,abstract,B,self_interest,False,one_shot,,,unknown,7,cooperate,cooperate,0.0,,,scale_and_shift,,harmony,f3bc0961526c3ad4af048a4b,ok,0.97,0.79,0.8775,True,0.94,0.2709,2.8056e-05
